repo,date,status,commits,commits_default_branch,merge_commits,commits_bot,commits_human_account,commits_unknown,commits_with_ai_tool_trailer,additions_other,deletions_other,additions_lock,deletions_lock,additions_vendored,deletions_vendored,binary_file_changes,manifest_dependency_changes,mcp_requirement_changes,lockfile_package_changes,lockfile_mcp_changes,authors_bot,authors_human_account,authors_unknown
R00,2026-03-26,observed,32,0,0,0,32,0,0,3129,525,0,0,0,0,0,0,0,0,0,0,1,0
R00,2026-03-27,observed,17,2,0,0,17,0,0,898,465,0,0,0,0,0,0,0,0,0,0,1,0
R00,2026-03-28,observed,0,0,0,0,0,0,0,0,0,0,0,0,0,0,0,0,0,0,0,0,0
R00,2026-03-29,observed,0,0,0,0,0,0,0,0,0,0,0,0,0,0,0,0,0,0,0,0,0
R00,2026-03-30,observed,0,0,0,0,0,0,0,0,0,0,0,0,0,0,0,0,0,0,0,0,0
R00,2026-03-31,observed,4,4,0,1,1,2,0,616,190,240,3,0,0,0,2,0,14,0,1,1,1
R00,2026-04-01,observed,0,0,0,0,0,0,0,0,0,0,0,0,0,0,0,0,0,0,0,0,0
R00,2026-04-02,observed,3,0,0,0,0,3,0,200,145,0,0,0,0,0,0,0,0,0,0,0,1
R00,2026-04-03,observed,6,0,0,0,0,6,0,893,82,0,0,0,0,0,0,0,0,0,0,0,1
R00,2026-04-04,observed,0,0,0,0,0,0,0,0,0,0,0,0,0,0,0,0,0,0,0,0,0
R00,2026-04-05,observed,0,0,0,0,0,0,0,0,0,0,0,0,0,0,0,0,0,0,0,0,0
R00,2026-04-06,observed,0,0,0,0,0,0,0,0,0,0,0,0,0,0,0,0,0,0,0,0,0
R00,2026-04-07,observed,0,0,0,0,0,0,0,0,0,0,0,0,0,0,0,0,0,0,0,0,0
R00,2026-04-08,observed,1,1,0,0,0,1,0,50,22,0,0,0,0,0,0,0,0,0,0,0,1
R00,2026-04-09,observed,1,1,0,0,1,0,0,235,5,0,0,0,0,0,0,0,0,0,0,1,0
R00,2026-04-10,observed,0,0,0,0,0,0,0,0,0,0,0,0,0,0,0,0,0,0,0,0,0
R00,2026-04-11,observed,0,0,0,0,0,0,0,0,0,0,0,0,0,0,0,0,0,0,0,0,0
R00,2026-04-12,observed,2,2,0,1,1,0,0,170,185,51,51,0,0,0,0,0,1,0,1,1,0
R00,2026-04-13,observed,5,3,0,0,5,0,0,360,183,0,0,0,0,0,0,0,0,0,0,2,0
R00,2026-04-14,observed,2,2,0,0,0,2,1,447,66,0,0,0,0,0,0,0,0,0,0,0,2
R00,2026-04-15,observed,0,0,0,0,0,0,0,0,0,0,0,0,0,0,0,0,0,0,0,0,0
R00,2026-04-16,observed,16,0,0,0,16,0,0,3380,369,0,0,0,0,0,0,0,0,0,0,1,0
R00,2026-04-17,observed,0,0,0,0,0,0,0,0,0,0,0,0,0,0,0,0,0,0,0,0,0
R00,2026-04-18,observed,0,0,0,0,0,0,0,0,0,0,0,0,0,0,0,0,0,0,0,0,0
R00,2026-04-19,observed,0,0,0,0,0,0,0,0,0,0,0,0,0,0,0,0,0,0,0,0,0
R00,2026-04-20,observed,5,0,0,0,5,0,0,662,81,0,0,0,0,0,0,0,0,0,0,1,0
R00,2026-04-21,observed,0,0,0,0,0,0,0,0,0,0,0,0,0,0,0,0,0,0,0,0,0
R00,2026-04-22,observed,1,0,0,0,1,0,0,122,2,0,0,0,0,0,0,0,0,0,0,1,0
R01,2026-03-26,observed,6,6,0,0,0,6,0,196,900,1,20,0,0,0,2,0,1,0,0,0,1
R01,2026-03-27,observed,7,7,0,0,0,7,0,2159,344,4842,4052,0,0,0,2,0,344,1,0,0,1
R01,2026-03-28,observed,1,1,0,0,0,1,0,553,325,0,0,0,0,0,0,0,0,0,0,0,1
R01,2026-03-29,observed,1,0,0,0,0,1,0,191,3,0,0,0,0,0,0,0,0,0,0,0,1
R01,2026-03-30,observed,1,1,0,0,0,1,0,5,1,0,0,0,0,0,0,0,0,0,0,0,1
R01,2026-03-31,observed,2,2,0,0,0,2,0,972,414,1,1,0,0,0,0,0,1,0,0,0,1
R01,2026-04-01,observed,6,6,0,0,0,6,0,166,159,0,0,0,0,0,0,0,0,0,0,0,1
R01,2026-04-02,observed,3,3,0,0,0,3,0,638,434,2,2,0,0,0,1,0,1,0,0,0,1
R01,2026-04-03,observed,2,2,0,0,0,2,0,45,3,0,0,0,0,0,0,0,0,0,0,0,1
R01,2026-04-04,observed,0,0,0,0,0,0,0,0,0,0,0,0,0,0,0,0,0,0,0,0,0
R01,2026-04-05,observed,0,0,0,0,0,0,0,0,0,0,0,0,0,0,0,0,0,0,0,0,0
R01,2026-04-06,observed,0,0,0,0,0,0,0,0,0,0,0,0,0,0,0,0,0,0,0,0,0
R01,2026-04-07,observed,0,0,0,0,0,0,0,0,0,0,0,0,0,0,0,0,0,0,0,0,0
R01,2026-04-08,observed,1,1,0,0,0,1,0,4,2,0,0,0,0,0,0,0,0,0,0,0,1
R01,2026-04-09,observed,1,1,0,0,0,1,0,387,35,0,0,0,0,0,0,0,0,0,0,0,1
R01,2026-04-10,observed,0,0,0,0,0,0,0,0,0,0,0,0,0,0,0,0,0,0,0,0,0
R01,2026-04-11,observed,0,0,0,0,0,0,0,0,0,0,0,0,0,0,0,0,0,0,0,0,0
R01,2026-04-12,observed,6,6,0,0,0,6,0,1956,101,47,47,0,0,0,0,0,2,0,0,0,1
R01,2026-04-13,observed,12,12,0,0,0,12,0,764,361,2,2,0,0,0,0,0,2,0,0,0,1
R01,2026-04-14,observed,3,3,0,0,0,3,0,380,152,1,1,0,0,0,0,0,1,0,0,0,1
R01,2026-04-15,observed,11,11,0,0,0,11,0,750,342,2,2,0,0,0,0,0,2,0,0,0,1
R01,2026-04-16,observed,3,3,0,0,0,3,0,416,347,0,0,0,0,0,0,0,0,0,0,0,1
R01,2026-04-17,observed,11,11,0,0,0,11,0,244,232,1,1,0,0,0,0,0,1,0,0,0,1
R01,2026-04-18,observed,0,0,0,0,0,0,0,0,0,0,0,0,0,0,0,0,0,0,0,0,0
R01,2026-04-19,observed,0,0,0,0,0,0,0,0,0,0,0,0,0,0,0,0,0,0,0,0,0
R01,2026-04-20,observed,7,7,0,0,0,7,0,590,267,2,2,0,0,0,1,0,1,0,0,0,1
R01,2026-04-21,observed,7,7,0,0,0,7,0,702,340,2,2,0,0,0,0,0,2,0,0,0,1
R01,2026-04-22,observed,6,6,0,0,0,6,0,220,776,0,0,0,0,0,0,0,0,0,0,0,1
R02,2026-03-26,observed,2,2,1,0,1,1,0,5,5,0,0,0,0,0,0,0,0,0,0,1,1
R02,2026-03-27,observed,20,20,6,0,6,14,0,993,101,0,0,0,0,0,0,0,0,0,0,2,2
R02,2026-03-28,observed,0,0,0,0,0,0,0,0,0,0,0,0,0,0,0,0,0,0,0,0,0
R02,2026-03-29,observed,2,2,0,0,0,2,0,490,31,0,0,0,0,0,0,0,0,0,0,0,1
R02,2026-03-30,observed,73,73,5,0,4,69,0,10039,2619,0,0,0,0,0,2,0,0,0,0,3,3
R02,2026-03-31,observed,29,29,3,0,2,27,0,1005,469,0,0,0,0,0,0,0,0,0,0,2,3
R02,2026-04-01,observed,35,33,5,0,5,30,0,6395,3359,0,0,0,0,0,0,0,0,0,0,1,3
R02,2026-04-02,observed,11,11,2,0,2,9,0,2337,966,131,18,0,0,0,0,0,0,0,0,2,2
R02,2026-04-03,observed,0,0,0,0,0,0,0,0,0,0,0,0,0,0,0,0,0,0,0,0,0
R02,2026-04-04,observed,0,0,0,0,0,0,0,0,0,0,0,0,0,0,0,0,0,0,0,0,0
R02,2026-04-05,observed,0,0,0,0,0,0,0,0,0,0,0,0,0,0,0,0,0,0,0,0,0
R02,2026-04-06,observed,0,0,0,0,0,0,0,0,0,0,0,0,0,0,0,0,0,0,0,0,0
R02,2026-04-07,observed,3,3,1,0,1,2,0,348,46,0,0,0,0,0,0,0,0,0,0,1,1
R02,2026-04-08,observed,11,10,1,0,0,11,0,227,103,0,0,0,0,0,0,0,0,0,0,0,2
R02,2026-04-09,observed,8,8,2,0,1,7,0,85,27,0,0,0,0,0,0,0,0,0,0,1,1
R02,2026-04-10,observed,1,1,1,0,1,0,0,0,0,0,0,0,0,0,0,0,0,0,0,1,0
R02,2026-04-11,observed,0,0,0,0,0,0,0,0,0,0,0,0,0,0,0,0,0,0,0,0,0
R02,2026-04-12,observed,0,0,0,0,0,0,0,0,0,0,0,0,0,0,0,0,0,0,0,0,0
R02,2026-04-13,observed,0,0,0,0,0,0,0,0,0,0,0,0,0,0,0,0,0,0,0,0,0
R02,2026-04-14,observed,4,4,2,0,0,4,0,164,68,0,0,0,0,0,0,0,0,0,0,0,1
R02,2026-04-15,observed,0,0,0,0,0,0,0,0,0,0,0,0,0,0,0,0,0,0,0,0,0
R02,2026-04-16,observed,0,0,0,0,0,0,0,0,0,0,0,0,0,0,0,0,0,0,0,0,0
R02,2026-04-17,observed,0,0,0,0,0,0,0,0,0,0,0,0,0,0,0,0,0,0,0,0,0
R02,2026-04-18,observed,0,0,0,0,0,0,0,0,0,0,0,0,0,0,0,0,0,0,0,0,0
R02,2026-04-19,observed,0,0,0,0,0,0,0,0,0,0,0,0,0,0,0,0,0,0,0,0,0
R02,2026-04-20,observed,0,0,0,0,0,0,0,0,0,0,0,0,0,0,0,0,0,0,0,0,0
R02,2026-04-21,observed,0,0,0,0,0,0,0,0,0,0,0,0,0,0,0,0,0,0,0,0,0
R02,2026-04-22,observed,11,11,0,0,0,11,0,4807,38,382,293,0,0,0,1,1,5,1,0,0,1
R03,2026-03-26,observed,0,0,0,0,0,0,0,0,0,0,0,0,0,0,0,0,0,0,0,0,0
R03,2026-03-27,observed,0,0,0,0,0,0,0,0,0,0,0,0,0,0,0,0,0,0,0,0,0
R03,2026-03-28,observed,0,0,0,0,0,0,0,0,0,0,0,0,0,0,0,0,0,0,0,0,0
R03,2026-03-29,observed,0,0,0,0,0,0,0,0,0,0,0,0,0,0,0,0,0,0,0,0,0
R03,2026-03-30,observed,0,0,0,0,0,0,0,0,0,0,0,0,0,0,0,0,0,0,0,0,0
R03,2026-03-31,observed,0,0,0,0,0,0,0,0,0,0,0,0,0,0,0,0,0,0,0,0,0
R03,2026-04-01,observed,0,0,0,0,0,0,0,0,0,0,0,0,0,0,0,0,0,0,0,0,0
R03,2026-04-02,observed,0,0,0,0,0,0,0,0,0,0,0,0,0,0,0,0,0,0,0,0,0
R03,2026-04-03,observed,0,0,0,0,0,0,0,0,0,0,0,0,0,0,0,0,0,0,0,0,0
R03,2026-04-04,observed,0,0,0,0,0,0,0,0,0,0,0,0,0,0,0,0,0,0,0,0,0
R03,2026-04-05,observed,0,0,0,0,0,0,0,0,0,0,0,0,0,0,0,0,0,0,0,0,0
R03,2026-04-06,observed,0,0,0,0,0,0,0,0,0,0,0,0,0,0,0,0,0,0,0,0,0
R03,2026-04-07,observed,0,0,0,0,0,0,0,0,0,0,0,0,0,0,0,0,0,0,0,0,0
R03,2026-04-08,observed,17,17,9,0,0,17,0,3257,541,9,9,0,0,0,2,1,3,1,0,0,1
R03,2026-04-09,observed,1,1,0,0,0,1,0,0,0,286,274,0,0,0,0,0,26,0,0,0,1
R03,2026-04-10,observed,8,8,4,0,0,8,2,85,43,0,0,0,0,0,0,0,0,0,0,0,2
R03,2026-04-11,observed,0,0,0,0,0,0,0,0,0,0,0,0,0,0,0,0,0,0,0,0,0
R03,2026-04-12,observed,0,0,0,0,0,0,0,0,0,0,0,0,0,0,0,0,0,0,0,0,0
R03,2026-04-13,observed,0,0,0,0,0,0,0,0,0,0,0,0,0,0,0,0,0,0,0,0,0
R03,2026-04-14,observed,0,0,0,0,0,0,0,0,0,0,0,0,0,0,0,0,0,0,0,0,0
R03,2026-04-15,observed,0,0,0,0,0,0,0,0,0,0,0,0,0,0,0,0,0,0,0,0,0
R03,2026-04-16,observed,0,0,0,0,0,0,0,0,0,0,0,0,0,0,0,0,0,0,0,0,0
R03,2026-04-17,observed,0,0,0,0,0,0,0,0,0,0,0,0,0,0,0,0,0,0,0,0,0
R03,2026-04-18,observed,0,0,0,0,0,0,0,0,0,0,0,0,0,0,0,0,0,0,0,0,0
R03,2026-04-19,observed,0,0,0,0,0,0,0,0,0,0,0,0,0,0,0,0,0,0,0,0,0
R03,2026-04-20,observed,0,0,0,0,0,0,0,0,0,0,0,0,0,0,0,0,0,0,0,0,0
R03,2026-04-21,observed,0,0,0,0,0,0,0,0,0,0,0,0,0,0,0,0,0,0,0,0,0
R03,2026-04-22,observed,0,0,0,0,0,0,0,0,0,0,0,0,0,0,0,0,0,0,0,0,0
R04,2026-03-26,before first commit,,,,,,,,,,,,,,,,,,,,,
R04,2026-03-27,before first commit,,,,,,,,,,,,,,,,,,,,,
R04,2026-03-28,before first commit,,,,,,,,,,,,,,,,,,,,,
R04,2026-03-29,before first commit,,,,,,,,,,,,,,,,,,,,,
R04,2026-03-30,before first commit,,,,,,,,,,,,,,,,,,,,,
R04,2026-03-31,before first commit,,,,,,,,,,,,,,,,,,,,,
R04,2026-04-01,before first commit,,,,,,,,,,,,,,,,,,,,,
R04,2026-04-02,before first commit,,,,,,,,,,,,,,,,,,,,,
R04,2026-04-03,before first commit,,,,,,,,,,,,,,,,,,,,,
R04,2026-04-04,observed,6,6,0,0,0,6,6,1808,15,1255,0,0,0,0,0,0,0,0,0,0,1
R04,2026-04-05,observed,2,2,0,0,0,2,2,219,1,0,0,0,0,0,0,0,0,0,0,0,1
R04,2026-04-06,observed,0,0,0,0,0,0,0,0,0,0,0,0,0,0,0,0,0,0,0,0,0
R04,2026-04-07,observed,2,2,0,0,0,2,0,3,2,0,0,0,0,0,0,0,0,0,0,0,1
R04,2026-04-08,observed,0,0,0,0,0,0,0,0,0,0,0,0,0,0,0,0,0,0,0,0,0
R04,2026-04-09,observed,0,0,0,0,0,0,0,0,0,0,0,0,0,0,0,0,0,0,0,0,0
R04,2026-04-10,observed,0,0,0,0,0,0,0,0,0,0,0,0,0,0,0,0,0,0,0,0,0
R04,2026-04-11,observed,0,0,0,0,0,0,0,0,0,0,0,0,0,0,0,0,0,0,0,0,0
R04,2026-04-12,observed,0,0,0,0,0,0,0,0,0,0,0,0,0,0,0,0,0,0,0,0,0
R04,2026-04-13,observed,0,0,0,0,0,0,0,0,0,0,0,0,0,0,0,0,0,0,0,0,0
R04,2026-04-14,observed,1,1,0,0,0,1,1,5,3,10,6,0,0,0,5,1,1,0,0,0,1
R04,2026-04-15,observed,0,0,0,0,0,0,0,0,0,0,0,0,0,0,0,0,0,0,0,0,0
R04,2026-04-16,observed,0,0,0,0,0,0,0,0,0,0,0,0,0,0,0,0,0,0,0,0,0
R04,2026-04-17,observed,0,0,0,0,0,0,0,0,0,0,0,0,0,0,0,0,0,0,0,0,0
R04,2026-04-18,observed,0,0,0,0,0,0,0,0,0,0,0,0,0,0,0,0,0,0,0,0,0
R04,2026-04-19,observed,0,0,0,0,0,0,0,0,0,0,0,0,0,0,0,0,0,0,0,0,0
R04,2026-04-20,observed,0,0,0,0,0,0,0,0,0,0,0,0,0,0,0,0,0,0,0,0,0
R04,2026-04-21,observed,2,2,0,0,0,2,0,7,5,0,0,0,0,0,0,0,0,0,0,0,2
R04,2026-04-22,observed,0,0,0,0,0,0,0,0,0,0,0,0,0,0,0,0,0,0,0,0,0
R05,2026-03-26,observed,22,2,3,0,0,22,0,693,279,0,0,0,0,0,0,0,0,0,0,0,3
R05,2026-03-27,observed,32,19,5,1,5,26,0,10596,2385,785,588,0,0,1,2,0,68,0,1,1,2
R05,2026-03-28,observed,9,9,1,0,0,9,0,144,43,0,0,0,0,0,0,0,0,0,0,0,2
R05,2026-03-29,observed,8,8,1,1,0,7,0,240,161,52,57,0,0,0,1,0,1,0,1,0,1
R05,2026-03-30,observed,12,8,2,0,2,10,0,762,89,0,0,0,0,0,0,0,0,0,0,1,4
R05,2026-03-31,observed,22,11,5,0,3,19,0,847,516,1,1,0,0,0,1,0,0,0,0,1,2
R05,2026-04-01,observed,25,17,4,0,2,23,0,2255,840,17,18,0,0,4,3,0,2,0,0,1,3
R05,2026-04-02,observed,12,12,1,0,0,12,0,351,334,0,0,0,0,0,0,0,0,0,0,0,2
R05,2026-04-03,observed,19,19,5,0,1,18,0,172,76,1,1,0,0,0,0,0,1,0,0,1,2
R05,2026-04-04,observed,19,10,0,0,0,19,0,333,156,0,0,0,0,3,0,0,0,0,0,0,2
R05,2026-04-05,observed,5,5,0,0,0,5,0,13,7,0,0,0,0,0,0,0,0,0,0,0,2
R05,2026-04-06,observed,18,14,3,2,2,14,0,545,257,9,6,0,0,0,1,0,2,0,1,1,3
R05,2026-04-07,observed,21,12,2,0,2,19,0,1919,529,9,6,0,0,0,1,0,2,0,0,1,3
R05,2026-04-08,observed,13,13,1,1,1,11,0,260,351,52,52,0,0,0,1,0,1,0,1,1,2
R05,2026-04-09,observed,9,9,5,0,4,5,2,738,25,0,0,0,0,0,0,0,0,0,0,2,3
R05,2026-04-10,observed,33,33,8,0,0,33,0,2413,429,24,20,0,0,0,2,0,2,0,0,0,3
R05,2026-04-11,observed,12,12,4,0,1,11,0,41,63,1,1,0,0,0,0,0,1,0,0,1,2
R05,2026-04-12,observed,22,22,3,0,2,20,1,810,267,1,1,0,0,0,0,0,1,0,0,2,4
R05,2026-04-13,observed,23,23,6,1,4,18,2,3786,1952,127,83,0,0,0,2,0,4,0,1,2,3
R05,2026-04-14,observed,25,24,2,0,1,24,0,658,132,1,1,0,0,0,0,0,1,0,0,1,2
R05,2026-04-15,observed,7,7,1,1,0,6,0,23,42,28,28,0,0,0,3,0,3,0,1,0,2
R05,2026-04-16,observed,8,8,2,0,5,3,1,586,212,0,0,0,0,0,0,0,0,0,0,3,3
R05,2026-04-17,observed,15,15,4,0,1,14,0,340,255,0,0,0,0,0,0,0,0,0,0,1,2
R05,2026-04-18,observed,3,3,1,0,1,2,0,21,33,0,0,0,0,0,0,0,0,0,0,1,2
R05,2026-04-19,observed,7,7,1,0,0,7,0,1062,59,0,0,0,0,0,0,0,0,0,0,0,2
R05,2026-04-20,observed,15,15,5,0,3,12,0,194,102,0,0,0,0,0,0,0,0,0,0,1,3
R05,2026-04-21,observed,14,13,3,2,2,10,0,256,386,4,115,0,0,0,3,0,9,0,2,1,2
R05,2026-04-22,observed,5,5,0,0,0,5,0,46,139,0,0,0,0,0,0,0,0,0,0,0,2
R06,2026-03-26,observed,31,31,0,0,31,0,0,455162,446764,4,188,0,0,4,5,0,12,0,0,1,0
R06,2026-03-27,observed,53,53,0,0,53,0,0,25645,6287,323,97,0,0,0,62,1,11,0,0,1,0
R06,2026-03-28,observed,27,27,0,0,27,0,0,29831,15413,60,2,0,0,0,1,0,6,0,0,1,0
R06,2026-03-29,observed,32,32,0,0,32,0,0,59630,31702,48,1,0,0,208,2,0,5,0,0,1,0
R06,2026-03-30,observed,59,59,0,0,59,0,0,35483,38456,6768,898,0,0,10,2,0,38,0,0,1,0
R06,2026-03-31,observed,72,72,0,0,72,0,0,18935,7928,11604,2979,0,0,1,25,0,27,0,0,1,0
R06,2026-04-01,observed,101,67,0,0,101,0,0,50337,38675,3996,5757,0,0,6,46,4,71,0,0,2,0
R06,2026-04-02,observed,120,63,0,0,120,0,0,89270,100220,630,200,0,0,28,2,0,33,0,0,2,0
R06,2026-04-03,observed,43,32,0,0,43,0,0,6770,1311,50,2,0,0,24,0,0,2,0,0,2,0
R06,2026-04-04,observed,93,53,0,0,93,0,0,76253,37817,18795,19326,0,0,21,0,0,2,0,0,2,0
R06,2026-04-05,observed,25,15,0,0,25,0,0,7952,969,1,1,0,0,15,0,0,1,0,0,2,0
R06,2026-04-06,observed,54,54,0,0,54,0,0,18542,13168,2292,113,0,0,13,7,0,4,0,0,1,0
R06,2026-04-07,observed,29,29,0,0,29,0,0,4811,2601,0,0,0,0,0,0,0,0,0,0,1,0
R06,2026-04-08,observed,64,64,0,0,64,0,0,75136,68024,2,2,0,0,30,0,0,2,0,0,1,0
R06,2026-04-09,observed,56,56,0,0,56,0,0,12604,54826,47,71,0,0,47,15,2,2,0,0,1,0
R06,2026-04-10,observed,73,73,0,0,73,0,0,699061,671453,0,0,0,0,31,0,0,0,0,0,1,0
R06,2026-04-11,observed,10,10,0,0,10,0,0,1416,127,0,0,0,0,11,0,0,0,0,0,1,0
R06,2026-04-12,observed,82,82,0,0,82,0,0,41512,11126,2940,2886,0,0,71,2,0,2,0,0,1,0
R06,2026-04-13,observed,44,44,0,0,44,0,0,508256,195306,539,534,0,0,19,9,0,25,1,0,1,0
R06,2026-04-14,observed,23,23,0,0,23,0,0,251203,9699,262,0,0,0,0,0,0,0,0,0,1,0
R06,2026-04-15,observed,40,40,0,0,40,0,0,215161,13058,10,2,0,0,11,0,0,2,0,0,1,0
R06,2026-04-16,observed,61,61,0,0,61,0,0,2417114,23620,1,1,0,0,27,0,0,1,0,0,1,0
R06,2026-04-17,observed,30,30,0,0,30,0,0,212321,452477,1,1,0,0,0,0,0,1,0,0,1,0
R06,2026-04-18,observed,91,91,0,1,90,0,0,2501033,2552353,17,0,0,0,85,0,0,0,0,1,1,0
R06,2026-04-19,observed,27,27,0,0,27,0,0,8774,2734718,425,5,0,0,9,1,0,12,0,0,1,0
R06,2026-04-20,observed,10,10,0,0,10,0,0,2542,116,0,0,0,0,3,0,0,0,0,0,1,0
R06,2026-04-21,observed,82,82,0,0,82,0,0,22902,47971,211,196,0,0,273,1,0,21,0,0,1,0
R06,2026-04-22,observed,50,50,0,0,50,0,0,18229,2926,1,1,0,0,14,0,0,1,0,0,1,0
R07,2026-03-26,observed,1,1,0,0,0,1,0,3711,94,15,5,0,0,0,1,0,3,0,0,0,1
R07,2026-03-27,observed,0,0,0,0,0,0,0,0,0,0,0,0,0,0,0,0,0,0,0,0,0
R07,2026-03-28,observed,0,0,0,0,0,0,0,0,0,0,0,0,0,0,0,0,0,0,0,0,0
R07,2026-03-29,observed,0,0,0,0,0,0,0,0,0,0,0,0,0,0,0,0,0,0,0,0,0
R07,2026-03-30,observed,0,0,0,0,0,0,0,0,0,0,0,0,0,0,0,0,0,0,0,0,0
R07,2026-03-31,observed,1,1,0,0,0,1,0,987,195,13,5,0,0,0,1,0,2,0,0,0,1
R07,2026-04-01,observed,1,1,0,0,0,1,0,585,177,2,2,0,0,0,0,0,1,0,0,0,1
R07,2026-04-02,observed,0,0,0,0,0,0,0,0,0,0,0,0,0,0,0,0,0,0,0,0,0
R07,2026-04-03,observed,1,1,0,0,0,1,0,5943,605,84,70,0,0,0,0,0,16,0,0,0,1
R07,2026-04-04,observed,0,0,0,0,0,0,0,0,0,0,0,0,0,0,0,0,0,0,0,0,0
R07,2026-04-05,observed,0,0,0,0,0,0,0,0,0,0,0,0,0,0,0,0,0,0,0,0,0
R07,2026-04-06,observed,0,0,0,0,0,0,0,0,0,0,0,0,0,0,0,0,0,0,0,0,0
R07,2026-04-07,observed,0,0,0,0,0,0,0,0,0,0,0,0,0,0,0,0,0,0,0,0,0
R07,2026-04-08,observed,0,0,0,0,0,0,0,0,0,0,0,0,0,0,0,0,0,0,0,0,0
R07,2026-04-09,observed,1,1,0,0,0,1,0,7158,539,44,2,0,0,0,1,0,2,0,0,0,1
R07,2026-04-10,observed,0,0,0,0,0,0,0,0,0,0,0,0,0,0,0,0,0,0,0,0,0
R07,2026-04-11,observed,0,0,0,0,0,0,0,0,0,0,0,0,0,0,0,0,0,0,0,0,0
R07,2026-04-12,observed,0,0,0,0,0,0,0,0,0,0,0,0,0,0,0,0,0,0,0,0,0
R07,2026-04-13,observed,0,0,0,0,0,0,0,0,0,0,0,0,0,0,0,0,0,0,0,0,0
R07,2026-04-14,observed,1,1,0,0,0,1,0,2797,586,31,6,0,0,0,3,0,4,0,0,0,1
R07,2026-04-15,observed,0,0,0,0,0,0,0,0,0,0,0,0,0,0,0,0,0,0,0,0,0
R07,2026-04-16,observed,1,1,0,0,0,1,0,3984,395,6,6,0,0,0,1,0,2,0,0,0,1
R07,2026-04-17,observed,0,0,0,0,0,0,0,0,0,0,0,0,0,0,0,0,0,0,0,0,0
R07,2026-04-18,observed,0,0,0,0,0,0,0,0,0,0,0,0,0,0,0,0,0,0,0,0,0
R07,2026-04-19,observed,0,0,0,0,0,0,0,0,0,0,0,0,0,0,0,0,0,0,0,0,0
R07,2026-04-20,observed,0,0,0,0,0,0,0,0,0,0,0,0,0,0,0,0,0,0,0,0,0
R07,2026-04-21,observed,2,2,0,0,0,2,0,3505,1800,4,4,0,0,0,0,0,2,0,0,0,2
R07,2026-04-22,observed,0,0,0,0,0,0,0,0,0,0,0,0,0,0,0,0,0,0,0,0,0
R08,2026-03-26,observed,0,0,0,0,0,0,0,0,0,0,0,0,0,0,0,0,0,0,0,0,0
R08,2026-03-27,observed,1,1,0,0,0,1,0,243,8,0,0,0,0,0,0,0,0,0,0,0,1
R08,2026-03-28,observed,3,3,0,0,0,3,0,34,15,0,0,0,0,0,0,0,0,0,0,0,2
R08,2026-03-29,observed,4,4,2,0,0,4,0,1268,6,0,0,0,0,0,2,0,0,0,0,0,2
R08,2026-03-30,observed,22,2,0,0,0,22,0,12360,6150,0,0,0,0,0,0,0,0,0,0,0,2
R08,2026-03-31,observed,1,0,0,0,0,1,0,901,117,0,0,0,0,0,0,0,0,0,0,0,1
R08,2026-04-01,observed,0,0,0,0,0,0,0,0,0,0,0,0,0,0,0,0,0,0,0,0,0
R08,2026-04-02,observed,0,0,0,0,0,0,0,0,0,0,0,0,0,0,0,0,0,0,0,0,0
R08,2026-04-03,observed,0,0,0,0,0,0,0,0,0,0,0,0,0,0,0,0,0,0,0,0,0
R08,2026-04-04,observed,4,1,0,0,0,4,0,1754,268,0,0,0,0,0,0,0,0,0,0,0,2
R08,2026-04-05,observed,4,4,0,1,0,3,1,651,159,0,0,0,0,0,0,0,0,0,1,0,2
R08,2026-04-06,observed,0,0,0,0,0,0,0,0,0,0,0,0,0,0,0,0,0,0,0,0,0
R08,2026-04-07,observed,0,0,0,0,0,0,0,0,0,0,0,0,0,0,0,0,0,0,0,0,0
R08,2026-04-08,observed,0,0,0,0,0,0,0,0,0,0,0,0,0,0,0,0,0,0,0,0,0
R08,2026-04-09,observed,38,38,0,0,0,38,0,51702,7014,19214,0,0,0,1,1,0,0,0,0,0,2
R08,2026-04-10,observed,2,2,0,0,0,2,1,5086,656,358,1,0,0,0,0,0,0,0,0,0,2
R08,2026-04-11,observed,0,0,0,0,0,0,0,0,0,0,0,0,0,0,0,0,0,0,0,0,0
R08,2026-04-12,observed,0,0,0,0,0,0,0,0,0,0,0,0,0,0,0,0,0,0,0,0,0
R08,2026-04-13,observed,0,0,0,0,0,0,0,0,0,0,0,0,0,0,0,0,0,0,0,0,0
R08,2026-04-14,observed,5,5,0,0,0,5,0,652,3216,0,0,0,0,0,2,0,0,0,0,0,1
R08,2026-04-15,observed,19,19,0,0,0,19,0,2842,502,0,0,0,0,0,1,0,0,0,0,0,2
R08,2026-04-16,observed,4,4,0,0,0,4,2,135,135,0,0,0,0,0,0,0,0,0,0,0,2
R08,2026-04-17,observed,0,0,0,0,0,0,0,0,0,0,0,0,0,0,0,0,0,0,0,0,0
R08,2026-04-18,observed,0,0,0,0,0,0,0,0,0,0,0,0,0,0,0,0,0,0,0,0,0
R08,2026-04-19,observed,1,1,0,0,0,1,0,6,0,0,0,0,0,0,0,0,0,0,0,0,1
R08,2026-04-20,observed,10,10,0,0,0,10,0,4915,2025,0,0,0,0,0,0,0,0,0,0,0,1
R08,2026-04-21,observed,4,4,0,0,0,4,1,1646,1906,28,0,0,0,0,2,0,0,0,0,0,2
R08,2026-04-22,observed,2,2,0,0,0,2,1,118,15,0,0,0,0,0,0,0,0,0,0,0,2
R09,2026-03-26,observed,0,0,0,0,0,0,0,0,0,0,0,0,0,0,0,0,0,0,0,0,0
R09,2026-03-27,observed,1,1,0,0,0,1,0,83,82,0,0,0,0,0,0,0,0,0,0,0,1
R09,2026-03-28,observed,4,4,0,0,0,4,0,103,5,0,0,0,0,0,0,0,0,0,0,0,1
R09,2026-03-29,observed,0,0,0,0,0,0,0,0,0,0,0,0,0,0,0,0,0,0,0,0,0
R09,2026-03-30,observed,0,0,0,0,0,0,0,0,0,0,0,0,0,0,0,0,0,0,0,0,0
R09,2026-03-31,observed,1,1,0,0,0,1,0,1,1,0,0,0,0,0,0,0,0,0,0,0,1
R09,2026-04-01,observed,0,0,0,0,0,0,0,0,0,0,0,0,0,0,0,0,0,0,0,0,0
R09,2026-04-02,observed,0,0,0,0,0,0,0,0,0,0,0,0,0,0,0,0,0,0,0,0,0
R09,2026-04-03,observed,0,0,0,0,0,0,0,0,0,0,0,0,0,0,0,0,0,0,0,0,0
R09,2026-04-04,observed,0,0,0,0,0,0,0,0,0,0,0,0,0,0,0,0,0,0,0,0,0
R09,2026-04-05,observed,0,0,0,0,0,0,0,0,0,0,0,0,0,0,0,0,0,0,0,0,0
R09,2026-04-06,observed,1,1,0,0,0,1,0,8,8,0,0,0,0,0,0,0,0,0,0,0,1
R09,2026-04-07,observed,2,2,0,0,0,2,0,28,2,0,0,0,0,0,0,0,0,0,0,0,1
R09,2026-04-08,observed,0,0,0,0,0,0,0,0,0,0,0,0,0,0,0,0,0,0,0,0,0
R09,2026-04-09,observed,1,1,0,0,0,1,0,2,2,0,0,0,0,0,0,0,0,0,0,0,1
R09,2026-04-10,observed,0,0,0,0,0,0,0,0,0,0,0,0,0,0,0,0,0,0,0,0,0
R09,2026-04-11,observed,0,0,0,0,0,0,0,0,0,0,0,0,0,0,0,0,0,0,0,0,0
R09,2026-04-12,observed,0,0,0,0,0,0,0,0,0,0,0,0,0,0,0,0,0,0,0,0,0
R09,2026-04-13,observed,0,0,0,0,0,0,0,0,0,0,0,0,0,0,0,0,0,0,0,0,0
R09,2026-04-14,observed,0,0,0,0,0,0,0,0,0,0,0,0,0,0,0,0,0,0,0,0,0
R09,2026-04-15,observed,0,0,0,0,0,0,0,0,0,0,0,0,0,0,0,0,0,0,0,0,0
R09,2026-04-16,observed,1,1,0,0,0,1,0,725,11,0,0,0,0,0,1,0,0,0,0,0,1
R09,2026-04-17,observed,0,0,0,0,0,0,0,0,0,0,0,0,0,0,0,0,0,0,0,0,0
R09,2026-04-18,observed,0,0,0,0,0,0,0,0,0,0,0,0,0,0,0,0,0,0,0,0,0
R09,2026-04-19,observed,1,1,0,0,0,1,0,1008,48,0,0,0,0,0,0,0,0,0,0,0,1
R09,2026-04-20,observed,0,0,0,0,0,0,0,0,0,0,0,0,0,0,0,0,0,0,0,0,0
R09,2026-04-21,observed,0,0,0,0,0,0,0,0,0,0,0,0,0,0,0,0,0,0,0,0,0
R09,2026-04-22,observed,5,5,0,0,0,5,0,141,161,0,0,0,0,0,0,0,0,0,0,0,1
