"date","version_class","type","downloads"
"2026-03-19","1.25.0","bdist_wheel",218128
"2026-03-19","1.25.0","sdist",55
"2026-03-19","1.26.0","bdist_wheel",4936706
"2026-03-19","1.26.0","sdist",323
"2026-03-19","other","bdist_wheel",2290620
"2026-03-19","other","sdist",553
"2026-03-20","1.25.0","bdist_wheel",196222
"2026-03-20","1.25.0","sdist",20
"2026-03-20","1.26.0","bdist_wheel",3828737
"2026-03-20","1.26.0","sdist",418
"2026-03-20","other","bdist_wheel",2142299
"2026-03-20","other","sdist",392
"2026-03-21","1.25.0","bdist_wheel",115425
"2026-03-21","1.25.0","sdist",16
"2026-03-21","1.26.0","bdist_wheel",1970418
"2026-03-21","1.26.0","sdist",187
"2026-03-21","other","bdist_wheel",1553468
"2026-03-21","other","sdist",297
"2026-03-22","1.25.0","bdist_wheel",114883
"2026-03-22","1.25.0","sdist",15
"2026-03-22","1.26.0","bdist_wheel",2421418
"2026-03-22","1.26.0","sdist",115
"2026-03-22","other","bdist_wheel",1735235
"2026-03-22","other","sdist",264
"2026-03-23","1.25.0","bdist_wheel",223189
"2026-03-23","1.25.0","sdist",23
"2026-03-23","1.26.0","bdist_wheel",5692977
"2026-03-23","1.26.0","sdist",554
"2026-03-23","other","bdist_wheel",2554438
"2026-03-23","other","sdist",619
"2026-03-24","1.25.0","bdist_wheel",239881
"2026-03-24","1.25.0","sdist",23
"2026-03-24","1.26.0","bdist_wheel",3813101
"2026-03-24","1.26.0","sdist",511
"2026-03-24","other","bdist_wheel",2706220
"2026-03-24","other","sdist",437
"2026-03-25","1.25.0","bdist_wheel",234507
"2026-03-25","1.25.0","sdist",60
"2026-03-25","1.26.0","bdist_wheel",4102485
"2026-03-25","1.26.0","sdist",364
"2026-03-25","other","bdist_wheel",2676192
"2026-03-25","other","sdist",446
"2026-03-26","1.25.0","bdist_wheel",249990
"2026-03-26","1.25.0","sdist",23
"2026-03-26","1.26.0","bdist_wheel",8830498
"2026-03-26","1.26.0","sdist",575
"2026-03-26","other","bdist_wheel",2645816
"2026-03-26","other","sdist",497
"2026-03-27","1.25.0","bdist_wheel",245680
"2026-03-27","1.25.0","sdist",18
"2026-03-27","1.26.0","bdist_wheel",5934117
"2026-03-27","1.26.0","sdist",749
"2026-03-27","other","bdist_wheel",2300311
"2026-03-27","other","sdist",421
"2026-03-28","1.25.0","bdist_wheel",132671
"2026-03-28","1.25.0","sdist",21
"2026-03-28","1.26.0","bdist_wheel",2251827
"2026-03-28","1.26.0","sdist",207
"2026-03-28","other","bdist_wheel",1690420
"2026-03-28","other","sdist",372
"2026-03-29","1.25.0","bdist_wheel",136686
"2026-03-29","1.25.0","sdist",23
"2026-03-29","1.26.0","bdist_wheel",2238327
"2026-03-29","1.26.0","sdist",146
"2026-03-29","other","bdist_wheel",1718018
"2026-03-29","other","sdist",313
"2026-03-30","1.25.0","bdist_wheel",254951
"2026-03-30","1.25.0","sdist",57
"2026-03-30","1.26.0","bdist_wheel",3107957
"2026-03-30","1.26.0","sdist",612
"2026-03-30","other","bdist_wheel",2540130
"2026-03-30","other","sdist",408
"2026-03-31","1.25.0","bdist_wheel",269871
"2026-03-31","1.25.0","sdist",23
"2026-03-31","1.26.0","bdist_wheel",3545925
"2026-03-31","1.26.0","sdist",702
"2026-03-31","other","bdist_wheel",2706965
"2026-03-31","other","sdist",857
"2026-04-01","1.25.0","bdist_wheel",252870
"2026-04-01","1.25.0","sdist",51
"2026-04-01","1.26.0","bdist_wheel",4998329
"2026-04-01","1.26.0","sdist",603
"2026-04-01","other","bdist_wheel",2536263
"2026-04-01","other","sdist",440
"2026-04-02","1.25.0","bdist_wheel",257576
"2026-04-02","1.25.0","sdist",27
"2026-04-02","1.26.0","bdist_wheel",2809774
"2026-04-02","1.26.0","sdist",471
"2026-04-02","1.27.0","bdist_wheel",1638866
"2026-04-02","1.27.0","sdist",673
"2026-04-02","other","bdist_wheel",2643411
"2026-04-02","other","sdist",473
"2026-04-03","1.25.0","bdist_wheel",233773
"2026-04-03","1.25.0","sdist",14
"2026-04-03","1.26.0","bdist_wheel",926817
"2026-04-03","1.26.0","sdist",126
"2026-04-03","1.27.0","bdist_wheel",3200761
"2026-04-03","1.27.0","sdist",702
"2026-04-03","other","bdist_wheel",2294421
"2026-04-03","other","sdist",566
"2026-04-04","1.25.0","bdist_wheel",138320
"2026-04-04","1.25.0","sdist",21
"2026-04-04","1.26.0","bdist_wheel",548544
"2026-04-04","1.26.0","sdist",53
"2026-04-04","1.27.0","bdist_wheel",2673291
"2026-04-04","1.27.0","sdist",132
"2026-04-04","other","bdist_wheel",1883174
"2026-04-04","other","sdist",296
"2026-04-05","1.25.0","bdist_wheel",133014
"2026-04-05","1.25.0","sdist",12
"2026-04-05","1.26.0","bdist_wheel",523062
"2026-04-05","1.26.0","sdist",65
"2026-04-05","1.27.0","bdist_wheel",2363937
"2026-04-05","1.27.0","sdist",96
"2026-04-05","other","bdist_wheel",1842896
"2026-04-05","other","sdist",236
"2026-04-06","1.25.0","bdist_wheel",208558
"2026-04-06","1.25.0","sdist",22
"2026-04-06","1.26.0","bdist_wheel",916393
"2026-04-06","1.26.0","sdist",91
"2026-04-06","1.27.0","bdist_wheel",3143743
"2026-04-06","1.27.0","sdist",256
"2026-04-06","other","bdist_wheel",2310382
"2026-04-06","other","sdist",356
"2026-04-07","1.25.0","bdist_wheel",250161
"2026-04-07","1.25.0","sdist",22
"2026-04-07","1.26.0","bdist_wheel",1131154
"2026-04-07","1.26.0","sdist",155
"2026-04-07","1.27.0","bdist_wheel",3323570
"2026-04-07","1.27.0","sdist",357
"2026-04-07","other","bdist_wheel",2618572
"2026-04-07","other","sdist",163
"2026-04-08","1.25.0","bdist_wheel",267096
"2026-04-08","1.25.0","sdist",57
"2026-04-08","1.26.0","bdist_wheel",1153945
"2026-04-08","1.26.0","sdist",181
"2026-04-08","1.27.0","bdist_wheel",4755543
"2026-04-08","1.27.0","sdist",527
"2026-04-08","other","bdist_wheel",2632450
"2026-04-08","other","sdist",178
"2026-04-09","1.25.0","bdist_wheel",278332
"2026-04-09","1.25.0","sdist",24
"2026-04-09","1.26.0","bdist_wheel",1169797
"2026-04-09","1.26.0","sdist",168
"2026-04-09","1.27.0","bdist_wheel",4489669
"2026-04-09","1.27.0","sdist",551
"2026-04-09","other","bdist_wheel",2634298
"2026-04-09","other","sdist",314
"2026-04-10","1.25.0","bdist_wheel",247371
"2026-04-10","1.25.0","sdist",15
"2026-04-10","1.26.0","bdist_wheel",1054384
"2026-04-10","1.26.0","sdist",144
"2026-04-10","1.27.0","bdist_wheel",3564198
"2026-04-10","1.27.0","sdist",707
"2026-04-10","other","bdist_wheel",2520536
"2026-04-10","other","sdist",410
"2026-04-11","1.25.0","bdist_wheel",139691
"2026-04-11","1.25.0","sdist",66
"2026-04-11","1.26.0","bdist_wheel",575001
"2026-04-11","1.26.0","sdist",157
"2026-04-11","1.27.0","bdist_wheel",3418676
"2026-04-11","1.27.0","sdist",249
"2026-04-11","other","bdist_wheel",1878821
"2026-04-11","other","sdist",233
"2026-04-12","1.25.0","bdist_wheel",151814
"2026-04-12","1.25.0","sdist",19
"2026-04-12","1.26.0","bdist_wheel",608726
"2026-04-12","1.26.0","sdist",55
"2026-04-12","1.27.0","bdist_wheel",6161770
"2026-04-12","1.27.0","sdist",213
"2026-04-12","other","bdist_wheel",1810961
"2026-04-12","other","sdist",185
"2026-04-13","1.25.0","bdist_wheel",262399
"2026-04-13","1.25.0","sdist",32
"2026-04-13","1.26.0","bdist_wheel",1045898
"2026-04-13","1.26.0","sdist",214
"2026-04-13","1.27.0","bdist_wheel",6095210
"2026-04-13","1.27.0","sdist",393
"2026-04-13","other","bdist_wheel",2402548
"2026-04-13","other","sdist",356
"2026-04-14","1.25.0","bdist_wheel",285324
"2026-04-14","1.25.0","sdist",13
"2026-04-14","1.26.0","bdist_wheel",1116687
"2026-04-14","1.26.0","sdist",145
"2026-04-14","1.27.0","bdist_wheel",6698742
"2026-04-14","1.27.0","sdist",342
"2026-04-14","other","bdist_wheel",2533376
"2026-04-14","other","sdist",214
"2026-04-15","1.25.0","bdist_wheel",283041
"2026-04-15","1.25.0","sdist",51
"2026-04-15","1.26.0","bdist_wheel",1139797
"2026-04-15","1.26.0","sdist",146
"2026-04-15","1.27.0","bdist_wheel",5164286
"2026-04-15","1.27.0","sdist",417
"2026-04-15","other","bdist_wheel",2617025
"2026-04-15","other","sdist",222
"2026-04-16","1.25.0","bdist_wheel",270776
"2026-04-16","1.25.0","sdist",15
"2026-04-16","1.26.0","bdist_wheel",1130509
"2026-04-16","1.26.0","sdist",118
"2026-04-16","1.27.0","bdist_wheel",4419354
"2026-04-16","1.27.0","sdist",515
"2026-04-16","other","bdist_wheel",2526394
"2026-04-16","other","sdist",380
"2026-04-17","1.25.0","bdist_wheel",269617
"2026-04-17","1.25.0","sdist",22
"2026-04-17","1.26.0","bdist_wheel",1047258
"2026-04-17","1.26.0","sdist",100
"2026-04-17","1.27.0","bdist_wheel",5657158
"2026-04-17","1.27.0","sdist",537
"2026-04-17","other","bdist_wheel",2480835
"2026-04-17","other","sdist",405
"2026-04-18","1.25.0","bdist_wheel",161585
"2026-04-18","1.25.0","sdist",10
"2026-04-18","1.26.0","bdist_wheel",526718
"2026-04-18","1.26.0","sdist",44
"2026-04-18","1.27.0","bdist_wheel",5074736
"2026-04-18","1.27.0","sdist",114
"2026-04-18","other","bdist_wheel",1865215
"2026-04-18","other","sdist",97
"2026-04-19","1.25.0","bdist_wheel",142141
"2026-04-19","1.25.0","sdist",12
"2026-04-19","1.26.0","bdist_wheel",528822
"2026-04-19","1.26.0","sdist",34
"2026-04-19","1.27.0","bdist_wheel",5099694
"2026-04-19","1.27.0","sdist",130
"2026-04-19","other","bdist_wheel",1886209
"2026-04-19","other","sdist",106
"2026-04-20","1.25.0","bdist_wheel",261008
"2026-04-20","1.25.0","sdist",16
"2026-04-20","1.26.0","bdist_wheel",1031896
"2026-04-20","1.26.0","sdist",70
"2026-04-20","1.27.0","bdist_wheel",6163012
"2026-04-20","1.27.0","sdist",304
"2026-04-20","other","bdist_wheel",2569609
"2026-04-20","other","sdist",169
"2026-04-21","1.25.0","bdist_wheel",286004
"2026-04-21","1.25.0","sdist",17
"2026-04-21","1.26.0","bdist_wheel",1112016
"2026-04-21","1.26.0","sdist",140
"2026-04-21","1.27.0","bdist_wheel",6380393
"2026-04-21","1.27.0","sdist",290
"2026-04-21","other","bdist_wheel",2852981
"2026-04-21","other","sdist",290
"2026-04-22","1.25.0","bdist_wheel",283587
"2026-04-22","1.25.0","sdist",13
"2026-04-22","1.26.0","bdist_wheel",1084629
"2026-04-22","1.26.0","sdist",134
"2026-04-22","1.27.0","bdist_wheel",6177690
"2026-04-22","1.27.0","sdist",493
"2026-04-22","other","bdist_wheel",2826205
"2026-04-22","other","sdist",205
"2026-04-23","1.25.0","bdist_wheel",255232
"2026-04-23","1.25.0","sdist",45
"2026-04-23","1.26.0","bdist_wheel",1101831
"2026-04-23","1.26.0","sdist",153
"2026-04-23","1.27.0","bdist_wheel",5770107
"2026-04-23","1.27.0","sdist",305
"2026-04-23","other","bdist_wheel",2643443
"2026-04-23","other","sdist",116
"2026-04-24","1.25.0","bdist_wheel",246802
"2026-04-24","1.25.0","sdist",70
"2026-04-24","1.26.0","bdist_wheel",1019252
"2026-04-24","1.26.0","sdist",225
"2026-04-24","1.27.0","bdist_wheel",5641034
"2026-04-24","1.27.0","sdist",519
"2026-04-24","other","bdist_wheel",2657514
"2026-04-24","other","sdist",419
"2026-04-25","1.25.0","bdist_wheel",160606
"2026-04-25","1.25.0","sdist",12
"2026-04-25","1.26.0","bdist_wheel",556116
"2026-04-25","1.26.0","sdist",152
"2026-04-25","1.27.0","bdist_wheel",4118162
"2026-04-25","1.27.0","sdist",194
"2026-04-25","other","bdist_wheel",1973867
"2026-04-25","other","sdist",52
"2026-04-26","1.25.0","bdist_wheel",159129
"2026-04-26","1.25.0","sdist",22
"2026-04-26","1.26.0","bdist_wheel",566133
"2026-04-26","1.26.0","sdist",62
"2026-04-26","1.27.0","bdist_wheel",3321120
"2026-04-26","1.27.0","sdist",119
"2026-04-26","other","bdist_wheel",2034177
"2026-04-26","other","sdist",205
"2026-04-27","1.25.0","bdist_wheel",259471
"2026-04-27","1.25.0","sdist",50
"2026-04-27","1.26.0","bdist_wheel",982833
"2026-04-27","1.26.0","sdist",168
"2026-04-27","1.27.0","bdist_wheel",3575512
"2026-04-27","1.27.0","sdist",413
"2026-04-27","other","bdist_wheel",2640631
"2026-04-27","other","sdist",204
"2026-04-28","1.25.0","bdist_wheel",280708
"2026-04-28","1.25.0","sdist",25
"2026-04-28","1.26.0","bdist_wheel",1046413
"2026-04-28","1.26.0","sdist",240
"2026-04-28","1.27.0","bdist_wheel",3611401
"2026-04-28","1.27.0","sdist",793
"2026-04-28","other","bdist_wheel",2715218
"2026-04-28","other","sdist",174
"2026-04-29","1.25.0","bdist_wheel",292256
"2026-04-29","1.25.0","sdist",2
"2026-04-29","1.26.0","bdist_wheel",1033039
"2026-04-29","1.26.0","sdist",231
"2026-04-29","1.27.0","bdist_wheel",3657397
"2026-04-29","1.27.0","sdist",452
"2026-04-29","other","bdist_wheel",2718689
"2026-04-29","other","sdist",153
