"date","version","downloads"
"2026-01-17","0.9.1",620
"2026-01-17","1.0.0",873
"2026-01-17","1.1.0",655
"2026-01-17","1.1.1",366
"2026-01-17","1.1.2",1189
"2026-01-17","1.1.3",1125
"2026-01-17","1.10.0",2288
"2026-01-17","1.10.1",6455
"2026-01-17","1.11.0",8145
"2026-01-17","1.12.0",6692
"2026-01-17","1.12.1",3508
"2026-01-17","1.12.2",7513
"2026-01-17","1.12.3",5066
"2026-01-17","1.12.4",25770
"2026-01-17","1.13.0",7189
"2026-01-17","1.13.1",11351
"2026-01-17","1.14.0",7611
"2026-01-17","1.14.1",8747
"2026-01-17","1.15.0",10247
"2026-01-17","1.16.0",39077
"2026-01-17","1.17.0",11331
"2026-01-17","1.18.0",10748
"2026-01-17","1.19.0",8961
"2026-01-17","1.2.0",739
"2026-01-17","1.2.0rc1",3
"2026-01-17","1.2.1",460
"2026-01-17","1.20.0",11948
"2026-01-17","1.21.0",10345
"2026-01-17","1.21.1",8518
"2026-01-17","1.21.2",10408
"2026-01-17","1.22.0",31886
"2026-01-17","1.23.0",14582
"2026-01-17","1.23.1",12480
"2026-01-17","1.23.2",32764
"2026-01-17","1.23.3",124073
"2026-01-17","1.24.0",31252
"2026-01-17","1.25.0",726094
"2026-01-17","1.3.0",915
"2026-01-17","1.3.0rc1",10
"2026-01-17","1.4.0",465
"2026-01-17","1.4.1",3275
"2026-01-17","1.5.0",3029
"2026-01-17","1.6.0",7186
"2026-01-17","1.7.0",1926
"2026-01-17","1.7.1",2065
"2026-01-17","1.8.0",2243
"2026-01-17","1.8.1",7767
"2026-01-17","1.9.0",2831
"2026-01-17","1.9.1",2610
"2026-01-17","1.9.2",6320
"2026-01-17","1.9.3",2742
"2026-01-17","1.9.4",13533
"2026-01-18","0.9.1",640
"2026-01-18","1.0.0",879
"2026-01-18","1.1.0",636
"2026-01-18","1.1.1",393
"2026-01-18","1.1.2",1631
"2026-01-18","1.1.3",1112
"2026-01-18","1.10.0",2424
"2026-01-18","1.10.1",6332
"2026-01-18","1.11.0",7451
"2026-01-18","1.12.0",5781
"2026-01-18","1.12.1",3107
"2026-01-18","1.12.2",7984
"2026-01-18","1.12.3",6550
"2026-01-18","1.12.4",22215
"2026-01-18","1.13.0",6692
"2026-01-18","1.13.1",11480
"2026-01-18","1.14.0",8342
"2026-01-18","1.14.1",8503
"2026-01-18","1.15.0",8839
"2026-01-18","1.16.0",39017
"2026-01-18","1.17.0",10536
"2026-01-18","1.18.0",10451
"2026-01-18","1.19.0",8877
"2026-01-18","1.2.0",1055
"2026-01-18","1.2.0rc1",7
"2026-01-18","1.2.1",626
"2026-01-18","1.20.0",11162
"2026-01-18","1.21.0",10869
"2026-01-18","1.21.1",8140
"2026-01-18","1.21.2",9747
"2026-01-18","1.22.0",34269
"2026-01-18","1.23.0",14709
"2026-01-18","1.23.1",11868
"2026-01-18","1.23.2",20349
"2026-01-18","1.23.3",139141
"2026-01-18","1.24.0",28827
"2026-01-18","1.25.0",746735
"2026-01-18","1.3.0",866
"2026-01-18","1.3.0rc1",2
"2026-01-18","1.4.0",529
"2026-01-18","1.4.1",2983
"2026-01-18","1.5.0",3007
"2026-01-18","1.6.0",7692
"2026-01-18","1.7.0",1951
"2026-01-18","1.7.1",2144
"2026-01-18","1.8.0",2412
"2026-01-18","1.8.1",7554
"2026-01-18","1.9.0",3309
"2026-01-18","1.9.1",2636
"2026-01-18","1.9.2",3535
"2026-01-18","1.9.3",2808
"2026-01-18","1.9.4",20467
"2026-01-19","0.9.1",1331
"2026-01-19","1.0.0",1580
"2026-01-19","1.1.0",1013
"2026-01-19","1.1.1",831
"2026-01-19","1.1.2",1763
"2026-01-19","1.1.3",2171
"2026-01-19","1.10.0",4704
"2026-01-19","1.10.1",12664
"2026-01-19","1.11.0",12333
"2026-01-19","1.12.0",9013
"2026-01-19","1.12.1",6398
"2026-01-19","1.12.2",20839
"2026-01-19","1.12.3",12369
"2026-01-19","1.12.4",51273
"2026-01-19","1.13.0",14844
"2026-01-19","1.13.1",25437
"2026-01-19","1.14.0",15753
"2026-01-19","1.14.1",16427
"2026-01-19","1.15.0",18062
"2026-01-19","1.16.0",68960
"2026-01-19","1.17.0",20878
"2026-01-19","1.18.0",21228
"2026-01-19","1.19.0",23024
"2026-01-19","1.2.0",1217
"2026-01-19","1.2.0rc1",11
"2026-01-19","1.2.1",1084
"2026-01-19","1.20.0",22596
"2026-01-19","1.21.0",23730
"2026-01-19","1.21.1",15955
"2026-01-19","1.21.2",23630
"2026-01-19","1.22.0",62962
"2026-01-19","1.23.0",31648
"2026-01-19","1.23.1",28058
"2026-01-19","1.23.2",32383
"2026-01-19","1.23.3",263628
"2026-01-19","1.24.0",63396
"2026-01-19","1.25.0",1049331
"2026-01-19","1.3.0",1789
"2026-01-19","1.3.0rc1",9
"2026-01-19","1.4.0",1074
"2026-01-19","1.4.1",4201
"2026-01-19","1.5.0",5159
"2026-01-19","1.6.0",13778
"2026-01-19","1.7.0",3694
"2026-01-19","1.7.1",5068
"2026-01-19","1.8.0",4673
"2026-01-19","1.8.1",11597
"2026-01-19","1.9.0",7109
"2026-01-19","1.9.1",4828
"2026-01-19","1.9.2",5421
"2026-01-19","1.9.3",6102
"2026-01-19","1.9.4",29502
"2026-01-20","0.9.1",1037
"2026-01-20","1.0.0",1334
"2026-01-20","1.1.0",751
"2026-01-20","1.1.1",666
"2026-01-20","1.1.2",1592
"2026-01-20","1.1.3",1979
"2026-01-20","1.10.0",5582
"2026-01-20","1.10.1",13949
"2026-01-20","1.11.0",15158
"2026-01-20","1.12.0",11755
"2026-01-20","1.12.1",7459
"2026-01-20","1.12.2",20510
"2026-01-20","1.12.3",13084
"2026-01-20","1.12.4",85102
"2026-01-20","1.13.0",18413
"2026-01-20","1.13.1",32168
"2026-01-20","1.14.0",18680
"2026-01-20","1.14.1",20324
"2026-01-20","1.15.0",22518
"2026-01-20","1.16.0",80867
"2026-01-20","1.17.0",26523
"2026-01-20","1.18.0",23403
"2026-01-20","1.19.0",28920
"2026-01-20","1.2.0",912
"2026-01-20","1.2.0rc1",7
"2026-01-20","1.2.1",878
"2026-01-20","1.20.0",30864
"2026-01-20","1.21.0",26758
"2026-01-20","1.21.1",20522
"2026-01-20","1.21.2",28643
"2026-01-20","1.22.0",76428
"2026-01-20","1.23.0",36399
"2026-01-20","1.23.1",36916
"2026-01-20","1.23.2",56472
"2026-01-20","1.23.3",223628
"2026-01-20","1.24.0",74223
"2026-01-20","1.25.0",1143249
"2026-01-20","1.3.0",2477
"2026-01-20","1.3.0rc1",5
"2026-01-20","1.4.0",836
"2026-01-20","1.4.1",3540
"2026-01-20","1.5.0",5974
"2026-01-20","1.6.0",14162
"2026-01-20","1.7.0",4130
"2026-01-20","1.7.1",4580
"2026-01-20","1.8.0",5308
"2026-01-20","1.8.1",14022
"2026-01-20","1.9.0",6964
"2026-01-20","1.9.1",5321
"2026-01-20","1.9.2",7140
"2026-01-20","1.9.3",6298
"2026-01-20","1.9.4",33625
"2026-01-21","0.9.1",959
"2026-01-21","1.0.0",1304
"2026-01-21","1.1.0",696
"2026-01-21","1.1.1",644
"2026-01-21","1.1.2",1686
"2026-01-21","1.1.3",2572
"2026-01-21","1.10.0",5792
"2026-01-21","1.10.1",14168
"2026-01-21","1.11.0",18083
"2026-01-21","1.12.0",13516
"2026-01-21","1.12.1",8283
"2026-01-21","1.12.2",22386
"2026-01-21","1.12.3",14030
"2026-01-21","1.12.4",97047
"2026-01-21","1.13.0",18001
"2026-01-21","1.13.1",32296
"2026-01-21","1.14.0",18542
"2026-01-21","1.14.1",19315
"2026-01-21","1.15.0",22487
"2026-01-21","1.16.0",81140
"2026-01-21","1.17.0",23116
"2026-01-21","1.18.0",23263
"2026-01-21","1.19.0",29388
"2026-01-21","1.2.0",954
"2026-01-21","1.2.0rc1",4
"2026-01-21","1.2.1",1005
"2026-01-21","1.20.0",31668
"2026-01-21","1.21.0",27768
"2026-01-21","1.21.1",22555
"2026-01-21","1.21.2",27483
"2026-01-21","1.22.0",82991
"2026-01-21","1.23.0",37368
"2026-01-21","1.23.1",39771
"2026-01-21","1.23.2",78582
"2026-01-21","1.23.3",170778
"2026-01-21","1.24.0",79421
"2026-01-21","1.25.0",1280515
"2026-01-21","1.3.0",2104
"2026-01-21","1.3.0rc1",3
"2026-01-21","1.4.0",1035
"2026-01-21","1.4.1",3032
"2026-01-21","1.5.0",6054
"2026-01-21","1.6.0",18059
"2026-01-21","1.7.0",4666
"2026-01-21","1.7.1",10809
"2026-01-21","1.8.0",5759
"2026-01-21","1.8.1",14428
"2026-01-21","1.9.0",8625
"2026-01-21","1.9.1",6013
"2026-01-21","1.9.2",7710
"2026-01-21","1.9.3",8059
"2026-01-21","1.9.4",33118
"2026-01-22","0.9.1",1131
"2026-01-22","1.0.0",1588
"2026-01-22","1.1.0",811
"2026-01-22","1.1.1",677
"2026-01-22","1.1.2",1783
"2026-01-22","1.1.3",2098
"2026-01-22","1.10.0",5939
"2026-01-22","1.10.1",13706
"2026-01-22","1.11.0",16403
"2026-01-22","1.12.0",13302
"2026-01-22","1.12.1",7823
"2026-01-22","1.12.2",23093
"2026-01-22","1.12.3",13551
"2026-01-22","1.12.4",97540
"2026-01-22","1.13.0",17700
"2026-01-22","1.13.1",28488
"2026-01-22","1.14.0",19425
"2026-01-22","1.14.1",20223
"2026-01-22","1.15.0",22830
"2026-01-22","1.16.0",78783
"2026-01-22","1.17.0",22469
"2026-01-22","1.18.0",24127
"2026-01-22","1.19.0",29754
"2026-01-22","1.2.0",1097
"2026-01-22","1.2.0rc1",3
"2026-01-22","1.2.1",1284
"2026-01-22","1.20.0",30457
"2026-01-22","1.21.0",24809
"2026-01-22","1.21.1",20526
"2026-01-22","1.21.2",25406
"2026-01-22","1.22.0",72959
"2026-01-22","1.23.0",37248
"2026-01-22","1.23.1",38609
"2026-01-22","1.23.2",82570
"2026-01-22","1.23.3",286698
"2026-01-22","1.24.0",80584
"2026-01-22","1.25.0",1352438
"2026-01-22","1.3.0",1788
"2026-01-22","1.3.0rc1",7
"2026-01-22","1.4.0",1090
"2026-01-22","1.4.1",2979
"2026-01-22","1.5.0",6343
"2026-01-22","1.6.0",12902
"2026-01-22","1.7.0",4981
"2026-01-22","1.7.1",5601
"2026-01-22","1.8.0",6010
"2026-01-22","1.8.1",14272
"2026-01-22","1.9.0",7128
"2026-01-22","1.9.1",6036
"2026-01-22","1.9.2",9105
"2026-01-22","1.9.3",8433
"2026-01-22","1.9.4",29932
"2026-01-23","0.9.1",900
"2026-01-23","1.0.0",1274
"2026-01-23","1.1.0",759
"2026-01-23","1.1.1",631
"2026-01-23","1.1.2",1639
"2026-01-23","1.1.3",2176
"2026-01-23","1.10.0",5900
"2026-01-23","1.10.1",12857
"2026-01-23","1.11.0",14994
"2026-01-23","1.12.0",13505
"2026-01-23","1.12.1",8137
"2026-01-23","1.12.2",21361
"2026-01-23","1.12.3",11933
"2026-01-23","1.12.4",91418
"2026-01-23","1.13.0",17172
"2026-01-23","1.13.1",25162
"2026-01-23","1.14.0",18076
"2026-01-23","1.14.1",20917
"2026-01-23","1.15.0",22571
"2026-01-23","1.16.0",74678
"2026-01-23","1.17.0",21450
"2026-01-23","1.18.0",25015
"2026-01-23","1.19.0",28628
"2026-01-23","1.2.0",1094
"2026-01-23","1.2.0rc1",6
"2026-01-23","1.2.1",1441
"2026-01-23","1.20.0",27114
"2026-01-23","1.21.0",24109
"2026-01-23","1.21.1",20156
"2026-01-23","1.21.2",23561
"2026-01-23","1.22.0",72032
"2026-01-23","1.23.0",36027
"2026-01-23","1.23.1",35037
"2026-01-23","1.23.2",70632
"2026-01-23","1.23.3",232535
"2026-01-23","1.24.0",77961
"2026-01-23","1.25.0",1339687
"2026-01-23","1.3.0",1824
"2026-01-23","1.3.0rc1",2
"2026-01-23","1.4.0",1010
"2026-01-23","1.4.1",2948
"2026-01-23","1.5.0",6248
"2026-01-23","1.6.0",17017
"2026-01-23","1.7.0",4965
"2026-01-23","1.7.1",5591
"2026-01-23","1.8.0",5470
"2026-01-23","1.8.1",13929
"2026-01-23","1.9.0",6822
"2026-01-23","1.9.1",5925
"2026-01-23","1.9.2",9741
"2026-01-23","1.9.3",6615
"2026-01-23","1.9.4",21945
"2026-01-24","0.9.1",593
"2026-01-24","1.0.0",726
"2026-01-24","1.1.0",494
"2026-01-24","1.1.1",410
"2026-01-24","1.1.2",1422
"2026-01-24","1.1.3",1164
"2026-01-24","1.10.0",2507
"2026-01-24","1.10.1",4841
"2026-01-24","1.11.0",5934
"2026-01-24","1.12.0",5495
"2026-01-24","1.12.1",3044
"2026-01-24","1.12.2",7515
"2026-01-24","1.12.3",5169
"2026-01-24","1.12.4",25439
"2026-01-24","1.13.0",7578
"2026-01-24","1.13.1",9649
"2026-01-24","1.14.0",8223
"2026-01-24","1.14.1",8997
"2026-01-24","1.15.0",9700
"2026-01-24","1.16.0",38633
"2026-01-24","1.17.0",10366
"2026-01-24","1.18.0",7951
"2026-01-24","1.19.0",9648
"2026-01-24","1.2.0",829
"2026-01-24","1.2.0rc1",7
"2026-01-24","1.2.1",987
"2026-01-24","1.20.0",12044
"2026-01-24","1.21.0",10062
"2026-01-24","1.21.1",8371
"2026-01-24","1.21.2",11212
"2026-01-24","1.22.0",43439
"2026-01-24","1.23.0",16379
"2026-01-24","1.23.1",12405
"2026-01-24","1.23.2",40411
"2026-01-24","1.23.3",174931
"2026-01-24","1.24.0",36603
"2026-01-24","1.25.0",791821
"2026-01-24","1.26.0",188077
"2026-01-24","1.3.0",1120
"2026-01-24","1.3.0rc1",2
"2026-01-24","1.4.0",601
"2026-01-24","1.4.1",2346
"2026-01-24","1.5.0",3311
"2026-01-24","1.6.0",12557
"2026-01-24","1.7.0",2478
"2026-01-24","1.7.1",4050
"2026-01-24","1.8.0",2477
"2026-01-24","1.8.1",8146
"2026-01-24","1.9.0",3071
"2026-01-24","1.9.1",2688
"2026-01-24","1.9.2",4996
"2026-01-24","1.9.3",2678
"2026-01-24","1.9.4",12323
"2026-01-25","0.9.1",499
"2026-01-25","1.0.0",823
"2026-01-25","1.1.0",487
"2026-01-25","1.1.1",378
"2026-01-25","1.1.2",1181
"2026-01-25","1.1.3",1551
"2026-01-25","1.10.0",2712
"2026-01-25","1.10.1",5444
"2026-01-25","1.11.0",6047
"2026-01-25","1.12.0",5362
"2026-01-25","1.12.1",3472
"2026-01-25","1.12.2",8527
"2026-01-25","1.12.3",8105
"2026-01-25","1.12.4",21841
"2026-01-25","1.13.0",7356
"2026-01-25","1.13.1",10401
"2026-01-25","1.14.0",8516
"2026-01-25","1.14.1",9523
"2026-01-25","1.15.0",9468
"2026-01-25","1.16.0",41857
"2026-01-25","1.17.0",10126
"2026-01-25","1.18.0",7925
"2026-01-25","1.19.0",10119
"2026-01-25","1.2.0",864
"2026-01-25","1.2.0rc1",6
"2026-01-25","1.2.1",975
"2026-01-25","1.20.0",12707
"2026-01-25","1.21.0",11444
"2026-01-25","1.21.1",9495
"2026-01-25","1.21.2",11589
"2026-01-25","1.22.0",28960
"2026-01-25","1.23.0",16116
"2026-01-25","1.23.1",13237
"2026-01-25","1.23.2",17333
"2026-01-25","1.23.3",122263
"2026-01-25","1.24.0",39633
"2026-01-25","1.25.0",107580
"2026-01-25","1.26.0",1042794
"2026-01-25","1.3.0",1115
"2026-01-25","1.3.0rc1",7
"2026-01-25","1.4.0",598
"2026-01-25","1.4.1",2440
"2026-01-25","1.5.0",1884
"2026-01-25","1.6.0",7552
"2026-01-25","1.7.0",2718
"2026-01-25","1.7.1",7205
"2026-01-25","1.8.0",2963
"2026-01-25","1.8.1",8459
"2026-01-25","1.9.0",3935
"2026-01-25","1.9.1",3129
"2026-01-25","1.9.2",6697
"2026-01-25","1.9.3",3091
"2026-01-25","1.9.4",21798
"2026-01-26","0.9.1",879
"2026-01-26","1.0.0",1418
"2026-01-26","1.1.0",714
"2026-01-26","1.1.1",563
"2026-01-26","1.1.2",1707
"2026-01-26","1.1.3",2027
"2026-01-26","1.10.0",5237
"2026-01-26","1.10.1",10702
"2026-01-26","1.11.0",16494
"2026-01-26","1.12.0",11853
"2026-01-26","1.12.1",7150
"2026-01-26","1.12.2",19373
"2026-01-26","1.12.3",13621
"2026-01-26","1.12.4",85277
"2026-01-26","1.13.0",16061
"2026-01-26","1.13.1",173817
"2026-01-26","1.14.0",17400
"2026-01-26","1.14.1",18403
"2026-01-26","1.15.0",19909
"2026-01-26","1.16.0",81226
"2026-01-26","1.17.0",21285
"2026-01-26","1.18.0",19458
"2026-01-26","1.19.0",27537
"2026-01-26","1.2.0",1158
"2026-01-26","1.2.0rc1",7
"2026-01-26","1.2.1",1272
"2026-01-26","1.20.0",26763
"2026-01-26","1.21.0",24061
"2026-01-26","1.21.1",17717
"2026-01-26","1.21.2",23645
"2026-01-26","1.22.0",61229
"2026-01-26","1.23.0",35725
"2026-01-26","1.23.1",33869
"2026-01-26","1.23.2",52515
"2026-01-26","1.23.3",204544
"2026-01-26","1.24.0",63555
"2026-01-26","1.25.0",233323
"2026-01-26","1.26.0",1747775
"2026-01-26","1.3.0",1566
"2026-01-26","1.3.0rc1",4
"2026-01-26","1.4.0",1049
"2026-01-26","1.4.1",4546
"2026-01-26","1.5.0",2924
"2026-01-26","1.6.0",11865
"2026-01-26","1.7.0",4474
"2026-01-26","1.7.1",4954
"2026-01-26","1.8.0",5344
"2026-01-26","1.8.1",13966
"2026-01-26","1.9.0",7933
"2026-01-26","1.9.1",5422
"2026-01-26","1.9.2",9193
"2026-01-26","1.9.3",6681
"2026-01-26","1.9.4",30823
"2026-01-27","0.9.1",1052
"2026-01-27","1.0.0",1380
"2026-01-27","1.1.0",748
"2026-01-27","1.1.1",637
"2026-01-27","1.1.2",1648
"2026-01-27","1.1.3",2351
"2026-01-27","1.10.0",7403
"2026-01-27","1.10.1",14881
"2026-01-27","1.11.0",19361
"2026-01-27","1.12.0",13590
"2026-01-27","1.12.1",9334
"2026-01-27","1.12.2",23933
"2026-01-27","1.12.3",17062
"2026-01-27","1.12.4",103157
"2026-01-27","1.13.0",20002
"2026-01-27","1.13.1",109503
"2026-01-27","1.14.0",21960
"2026-01-27","1.14.1",23060
"2026-01-27","1.15.0",24714
"2026-01-27","1.16.0",78643
"2026-01-27","1.17.0",27130
"2026-01-27","1.18.0",24233
"2026-01-27","1.19.0",36598
"2026-01-27","1.2.0",1200
"2026-01-27","1.2.0rc1",14
"2026-01-27","1.2.1",1300
"2026-01-27","1.20.0",32699
"2026-01-27","1.21.0",29225
"2026-01-27","1.21.1",25595
"2026-01-27","1.21.2",26508
"2026-01-27","1.22.0",67973
"2026-01-27","1.23.0",43820
"2026-01-27","1.23.1",41801
"2026-01-27","1.23.2",132580
"2026-01-27","1.23.3",304265
"2026-01-27","1.24.0",76973
"2026-01-27","1.25.0",270742
"2026-01-27","1.26.0",1671046
"2026-01-27","1.3.0",1723
"2026-01-27","1.3.0rc1",11
"2026-01-27","1.4.0",913
"2026-01-27","1.4.1",4688
"2026-01-27","1.5.0",3555
"2026-01-27","1.6.0",17438
"2026-01-27","1.7.0",6227
"2026-01-27","1.7.1",9154
"2026-01-27","1.8.0",7358
"2026-01-27","1.8.1",15513
"2026-01-27","1.9.0",14038
"2026-01-27","1.9.1",7391
"2026-01-27","1.9.2",10041
"2026-01-27","1.9.3",8995
"2026-01-27","1.9.4",37941
"2026-01-28","0.9.1",1117
"2026-01-28","1.0.0",2314
"2026-01-28","1.1.0",764
"2026-01-28","1.1.1",659
"2026-01-28","1.1.2",1892
"2026-01-28","1.1.3",2232
"2026-01-28","1.10.0",6534
"2026-01-28","1.10.1",13772
"2026-01-28","1.11.0",18805
"2026-01-28","1.12.0",9724
"2026-01-28","1.12.1",8812
"2026-01-28","1.12.2",21711
"2026-01-28","1.12.3",13028
"2026-01-28","1.12.4",103579
"2026-01-28","1.13.0",18521
"2026-01-28","1.13.1",27739
"2026-01-28","1.14.0",19959
"2026-01-28","1.14.1",20774
"2026-01-28","1.15.0",21661
"2026-01-28","1.16.0",77877
"2026-01-28","1.17.0",24481
"2026-01-28","1.18.0",21362
"2026-01-28","1.19.0",35739
"2026-01-28","1.2.0",1356
"2026-01-28","1.2.0rc1",3
"2026-01-28","1.2.1",1328
"2026-01-28","1.20.0",29701
"2026-01-28","1.21.0",25948
"2026-01-28","1.21.1",23536
"2026-01-28","1.21.2",23340
"2026-01-28","1.22.0",70884
"2026-01-28","1.23.0",41602
"2026-01-28","1.23.1",39600
"2026-01-28","1.23.2",149616
"2026-01-28","1.23.3",319008
"2026-01-28","1.24.0",74482
"2026-01-28","1.25.0",253805
"2026-01-28","1.26.0",1512338
"2026-01-28","1.3.0",1731
"2026-01-28","1.3.0rc1",6
"2026-01-28","1.4.0",1035
"2026-01-28","1.4.1",6672
"2026-01-28","1.5.0",3372
"2026-01-28","1.6.0",14795
"2026-01-28","1.7.0",5542
"2026-01-28","1.7.1",5981
"2026-01-28","1.8.0",6443
"2026-01-28","1.8.1",14993
"2026-01-28","1.9.0",9047
"2026-01-28","1.9.1",6985
"2026-01-28","1.9.2",8320
"2026-01-28","1.9.3",8542
"2026-01-28","1.9.4",35983
"2026-01-29","0.9.1",1309
"2026-01-29","1.0.0",5204
"2026-01-29","1.1.0",849
"2026-01-29","1.1.1",741
"2026-01-29","1.1.2",1794
"2026-01-29","1.1.3",2051
"2026-01-29","1.10.0",6890
"2026-01-29","1.10.1",13671
"2026-01-29","1.11.0",18024
"2026-01-29","1.12.0",10166
"2026-01-29","1.12.1",8981
"2026-01-29","1.12.2",21917
"2026-01-29","1.12.3",16854
"2026-01-29","1.12.4",103635
"2026-01-29","1.13.0",19663
"2026-01-29","1.13.1",48392
"2026-01-29","1.14.0",21678
"2026-01-29","1.14.1",22062
"2026-01-29","1.15.0",23729
"2026-01-29","1.16.0",75412
"2026-01-29","1.17.0",26160
"2026-01-29","1.18.0",22595
"2026-01-29","1.19.0",40451
"2026-01-29","1.2.0",1382
"2026-01-29","1.2.0rc1",10
"2026-01-29","1.2.1",1503
"2026-01-29","1.20.0",31148
"2026-01-29","1.21.0",28286
"2026-01-29","1.21.1",26567
"2026-01-29","1.21.2",27208
"2026-01-29","1.22.0",70504
"2026-01-29","1.23.0",42762
"2026-01-29","1.23.1",40857
"2026-01-29","1.23.2",99001
"2026-01-29","1.23.3",389838
"2026-01-29","1.24.0",77047
"2026-01-29","1.25.0",239302
"2026-01-29","1.26.0",1606748
"2026-01-29","1.3.0",1691
"2026-01-29","1.3.0rc1",10
"2026-01-29","1.4.0",1052
"2026-01-29","1.4.1",4165
"2026-01-29","1.5.0",2810
"2026-01-29","1.6.0",13109
"2026-01-29","1.7.0",6088
"2026-01-29","1.7.1",6528
"2026-01-29","1.8.0",6958
"2026-01-29","1.8.1",15169
"2026-01-29","1.9.0",8498
"2026-01-29","1.9.1",7514
"2026-01-29","1.9.2",12850
"2026-01-29","1.9.3",8648
"2026-01-29","1.9.4",35806
"2026-01-30","0.9.1",1140
"2026-01-30","1.0.0",4182
"2026-01-30","1.1.0",752
"2026-01-30","1.1.1",708
"2026-01-30","1.1.2",1673
"2026-01-30","1.1.3",1982
"2026-01-30","1.10.0",4793
"2026-01-30","1.10.1",10979
"2026-01-30","1.11.0",16093
"2026-01-30","1.12.0",8435
"2026-01-30","1.12.1",7422
"2026-01-30","1.12.2",21217
"2026-01-30","1.12.3",11696
"2026-01-30","1.12.4",93017
"2026-01-30","1.13.0",15880
"2026-01-30","1.13.1",67562
"2026-01-30","1.14.0",17726
"2026-01-30","1.14.1",19051
"2026-01-30","1.15.0",21417
"2026-01-30","1.16.0",67314
"2026-01-30","1.17.0",21470
"2026-01-30","1.18.0",18922
"2026-01-30","1.19.0",34428
"2026-01-30","1.2.0",1310
"2026-01-30","1.2.0rc1",6
"2026-01-30","1.2.1",1214
"2026-01-30","1.20.0",24832
"2026-01-30","1.21.0",23665
"2026-01-30","1.21.1",20745
"2026-01-30","1.21.2",22451
"2026-01-30","1.22.0",67577
"2026-01-30","1.23.0",35806
"2026-01-30","1.23.1",34468
"2026-01-30","1.23.2",82901
"2026-01-30","1.23.3",278363
"2026-01-30","1.24.0",61936
"2026-01-30","1.25.0",202589
"2026-01-30","1.26.0",1432494
"2026-01-30","1.3.0",1497
"2026-01-30","1.3.0rc1",9
"2026-01-30","1.4.0",929
"2026-01-30","1.4.1",5154
"2026-01-30","1.5.0",2454
"2026-01-30","1.6.0",10190
"2026-01-30","1.7.0",4095
"2026-01-30","1.7.1",4071
"2026-01-30","1.8.0",5117
"2026-01-30","1.8.1",12985
"2026-01-30","1.9.0",6464
"2026-01-30","1.9.1",5303
"2026-01-30","1.9.2",9440
"2026-01-30","1.9.3",6195
"2026-01-30","1.9.4",22730
"2026-01-31","0.9.1",495
"2026-01-31","1.0.0",3470
"2026-01-31","1.1.0",416
"2026-01-31","1.1.1",366
"2026-01-31","1.1.2",1167
"2026-01-31","1.1.3",1111
"2026-01-31","1.10.0",2411
"2026-01-31","1.10.1",5527
"2026-01-31","1.11.0",6810
"2026-01-31","1.12.0",4975
"2026-01-31","1.12.1",3495
"2026-01-31","1.12.2",7790
"2026-01-31","1.12.3",5807
"2026-01-31","1.12.4",31019
"2026-01-31","1.13.0",7941
"2026-01-31","1.13.1",21165
"2026-01-31","1.14.0",10032
"2026-01-31","1.14.1",11125
"2026-01-31","1.15.0",9520
"2026-01-31","1.16.0",36522
"2026-01-31","1.17.0",11151
"2026-01-31","1.18.0",9104
"2026-01-31","1.19.0",15490
"2026-01-31","1.2.0",961
"2026-01-31","1.2.0rc1",4
"2026-01-31","1.2.1",1054
"2026-01-31","1.20.0",10890
"2026-01-31","1.21.0",9317
"2026-01-31","1.21.1",10422
"2026-01-31","1.21.2",11078
"2026-01-31","1.22.0",29243
"2026-01-31","1.23.0",17919
"2026-01-31","1.23.1",15139
"2026-01-31","1.23.2",37721
"2026-01-31","1.23.3",125640
"2026-01-31","1.24.0",32302
"2026-01-31","1.25.0",101831
"2026-01-31","1.26.0",1044556
"2026-01-31","1.3.0",1087
"2026-01-31","1.3.0rc1",3
"2026-01-31","1.4.0",462
"2026-01-31","1.4.1",2603
"2026-01-31","1.5.0",2238
"2026-01-31","1.6.0",10082
"2026-01-31","1.7.0",2602
"2026-01-31","1.7.1",2271
"2026-01-31","1.8.0",2546
"2026-01-31","1.8.1",8229
"2026-01-31","1.9.0",3356
"2026-01-31","1.9.1",2689
"2026-01-31","1.9.2",5298
"2026-01-31","1.9.3",3126
"2026-01-31","1.9.4",12172
"2026-02-01","0.9.1",694
"2026-02-01","1.0.0",2564
"2026-02-01","1.1.0",561
"2026-02-01","1.1.1",484
"2026-02-01","1.1.2",1327
"2026-02-01","1.1.3",1320
"2026-02-01","1.10.0",3331
"2026-02-01","1.10.1",5407
"2026-02-01","1.11.0",7198
"2026-02-01","1.12.0",6030
"2026-02-01","1.12.1",4121
"2026-02-01","1.12.2",9265
"2026-02-01","1.12.3",7494
"2026-02-01","1.12.4",30818
"2026-02-01","1.13.0",10340
"2026-02-01","1.13.1",18429
"2026-02-01","1.14.0",11884
"2026-02-01","1.14.1",13994
"2026-02-01","1.15.0",11458
"2026-02-01","1.16.0",40595
"2026-02-01","1.17.0",11862
"2026-02-01","1.18.0",12381
"2026-02-01","1.19.0",16914
"2026-02-01","1.2.0",1061
"2026-02-01","1.2.0rc1",2
"2026-02-01","1.2.1",1030
"2026-02-01","1.20.0",14367
"2026-02-01","1.21.0",12258
"2026-02-01","1.21.1",12410
"2026-02-01","1.21.2",13474
"2026-02-01","1.22.0",30102
"2026-02-01","1.23.0",19635
"2026-02-01","1.23.1",16988
"2026-02-01","1.23.2",26924
"2026-02-01","1.23.3",128795
"2026-02-01","1.24.0",26858
"2026-02-01","1.25.0",117238
"2026-02-01","1.26.0",1033238
"2026-02-01","1.3.0",999
"2026-02-01","1.3.0rc1",8
"2026-02-01","1.4.0",673
"2026-02-01","1.4.1",4255
"2026-02-01","1.5.0",1823
"2026-02-01","1.6.0",9485
"2026-02-01","1.7.0",3187
"2026-02-01","1.7.1",3174
"2026-02-01","1.8.0",3273
"2026-02-01","1.8.1",8988
"2026-02-01","1.9.0",3762
"2026-02-01","1.9.1",3669
"2026-02-01","1.9.2",4943
"2026-02-01","1.9.3",3667
"2026-02-01","1.9.4",22735
"2026-02-02","0.9.1",1437
"2026-02-02","1.0.0",1613
"2026-02-02","1.1.0",1001
"2026-02-02","1.1.1",911
"2026-02-02","1.1.2",1867
"2026-02-02","1.1.3",2913
"2026-02-02","1.10.0",5762
"2026-02-02","1.10.1",10894
"2026-02-02","1.11.0",15343
"2026-02-02","1.12.0",8618
"2026-02-02","1.12.1",7441
"2026-02-02","1.12.2",19622
"2026-02-02","1.12.3",12172
"2026-02-02","1.12.4",87292
"2026-02-02","1.13.0",18627
"2026-02-02","1.13.1",27723
"2026-02-02","1.14.0",18717
"2026-02-02","1.14.1",20260
"2026-02-02","1.15.0",20988
"2026-02-02","1.16.0",64496
"2026-02-02","1.17.0",19972
"2026-02-02","1.18.0",19983
"2026-02-02","1.19.0",37795
"2026-02-02","1.2.0",1452
"2026-02-02","1.2.0rc1",11
"2026-02-02","1.2.1",1646
"2026-02-02","1.20.0",25104
"2026-02-02","1.21.0",24021
"2026-02-02","1.21.1",21112
"2026-02-02","1.21.2",23117
"2026-02-02","1.22.0",58732
"2026-02-02","1.23.0",37520
"2026-02-02","1.23.1",31996
"2026-02-02","1.23.2",55782
"2026-02-02","1.23.3",261857
"2026-02-02","1.24.0",57149
"2026-02-02","1.25.0",205836
"2026-02-02","1.26.0",1686108
"2026-02-02","1.3.0",2020
"2026-02-02","1.3.0rc1",9
"2026-02-02","1.4.0",1237
"2026-02-02","1.4.1",6386
"2026-02-02","1.5.0",2563
"2026-02-02","1.6.0",15310
"2026-02-02","1.7.0",4896
"2026-02-02","1.7.1",5008
"2026-02-02","1.8.0",5426
"2026-02-02","1.8.1",13749
"2026-02-02","1.9.0",7974
"2026-02-02","1.9.1",5862
"2026-02-02","1.9.2",7081
"2026-02-02","1.9.3",6807
"2026-02-02","1.9.4",30639
"2026-02-03","0.9.1",1834
"2026-02-03","1.0.0",1635
"2026-02-03","1.1.0",929
"2026-02-03","1.1.1",855
"2026-02-03","1.1.2",1941
"2026-02-03","1.1.3",2846
"2026-02-03","1.10.0",7007
"2026-02-03","1.10.1",14456
"2026-02-03","1.11.0",19560
"2026-02-03","1.12.0",10056
"2026-02-03","1.12.1",9345
"2026-02-03","1.12.2",22906
"2026-02-03","1.12.3",13382
"2026-02-03","1.12.4",127944
"2026-02-03","1.13.0",19867
"2026-02-03","1.13.1",33544
"2026-02-03","1.14.0",21441
"2026-02-03","1.14.1",23292
"2026-02-03","1.15.0",23777
"2026-02-03","1.16.0",70294
"2026-02-03","1.17.0",23621
"2026-02-03","1.18.0",22655
"2026-02-03","1.19.0",44526
"2026-02-03","1.2.0",1437
"2026-02-03","1.2.0rc1",6
"2026-02-03","1.2.1",1408
"2026-02-03","1.20.0",30825
"2026-02-03","1.21.0",28515
"2026-02-03","1.21.1",28410
"2026-02-03","1.21.2",26396
"2026-02-03","1.22.0",68354
"2026-02-03","1.23.0",44951
"2026-02-03","1.23.1",40100
"2026-02-03","1.23.2",127499
"2026-02-03","1.23.3",310283
"2026-02-03","1.24.0",83358
"2026-02-03","1.25.0",237488
"2026-02-03","1.26.0",2134075
"2026-02-03","1.3.0",2500
"2026-02-03","1.3.0rc1",11
"2026-02-03","1.4.0",1233
"2026-02-03","1.4.1",7229
"2026-02-03","1.5.0",2838
"2026-02-03","1.6.0",15168
"2026-02-03","1.7.0",5790
"2026-02-03","1.7.1",6102
"2026-02-03","1.8.0",6744
"2026-02-03","1.8.1",15026
"2026-02-03","1.9.0",11987
"2026-02-03","1.9.1",6851
"2026-02-03","1.9.2",8789
"2026-02-03","1.9.3",8171
"2026-02-03","1.9.4",35266
"2026-02-04","0.9.1",2447
"2026-02-04","1.0.0",1819
"2026-02-04","1.1.0",1102
"2026-02-04","1.1.1",998
"2026-02-04","1.1.2",2036
"2026-02-04","1.1.3",3065
"2026-02-04","1.10.0",8246
"2026-02-04","1.10.1",16699
"2026-02-04","1.11.0",17566
"2026-02-04","1.12.0",11293
"2026-02-04","1.12.1",11081
"2026-02-04","1.12.2",23895
"2026-02-04","1.12.3",15669
"2026-02-04","1.12.4",113288
"2026-02-04","1.13.0",23711
"2026-02-04","1.13.1",34194
"2026-02-04","1.14.0",21616
"2026-02-04","1.14.1",28242
"2026-02-04","1.15.0",24816
"2026-02-04","1.16.0",69329
"2026-02-04","1.17.0",24204
"2026-02-04","1.18.0",23484
"2026-02-04","1.19.0",45939
"2026-02-04","1.2.0",1496
"2026-02-04","1.2.0rc1",12
"2026-02-04","1.2.1",1599
"2026-02-04","1.20.0",31673
"2026-02-04","1.21.0",29611
"2026-02-04","1.21.1",29359
"2026-02-04","1.21.2",27527
"2026-02-04","1.22.0",77202
"2026-02-04","1.23.0",46125
"2026-02-04","1.23.1",42119
"2026-02-04","1.23.2",84933
"2026-02-04","1.23.3",235699
"2026-02-04","1.24.0",83966
"2026-02-04","1.25.0",225329
"2026-02-04","1.26.0",1570101
"2026-02-04","1.3.0",2187
"2026-02-04","1.3.0rc1",9
"2026-02-04","1.4.0",1360
"2026-02-04","1.4.1",8797
"2026-02-04","1.5.0",2811
"2026-02-04","1.6.0",22530
"2026-02-04","1.7.0",7534
"2026-02-04","1.7.1",7774
"2026-02-04","1.8.0",8360
"2026-02-04","1.8.1",16620
"2026-02-04","1.9.0",12073
"2026-02-04","1.9.1",13410
"2026-02-04","1.9.2",12707
"2026-02-04","1.9.3",10287
"2026-02-04","1.9.4",39471
"2026-02-05","0.9.1",1917
"2026-02-05","1.0.0",1966
"2026-02-05","1.1.0",1088
"2026-02-05","1.1.1",967
"2026-02-05","1.1.2",1985
"2026-02-05","1.1.3",3792
"2026-02-05","1.10.0",6121
"2026-02-05","1.10.1",15017
"2026-02-05","1.11.0",14744
"2026-02-05","1.12.0",9512
"2026-02-05","1.12.1",9443
"2026-02-05","1.12.2",21911
"2026-02-05","1.12.3",16798
"2026-02-05","1.12.4",107204
"2026-02-05","1.13.0",22362
"2026-02-05","1.13.1",35934
"2026-02-05","1.14.0",21420
"2026-02-05","1.14.1",23451
"2026-02-05","1.15.0",24100
"2026-02-05","1.16.0",67057
"2026-02-05","1.17.0",23449
"2026-02-05","1.18.0",21735
"2026-02-05","1.19.0",42610
"2026-02-05","1.2.0",1375
"2026-02-05","1.2.0rc1",5
"2026-02-05","1.2.1",1644
"2026-02-05","1.20.0",28409
"2026-02-05","1.21.0",28707
"2026-02-05","1.21.1",25309
"2026-02-05","1.21.2",26353
"2026-02-05","1.22.0",66689
"2026-02-05","1.23.0",44668
"2026-02-05","1.23.1",38554
"2026-02-05","1.23.2",77315
"2026-02-05","1.23.3",339299
"2026-02-05","1.24.0",72920
"2026-02-05","1.25.0",220537
"2026-02-05","1.26.0",1513938
"2026-02-05","1.3.0",1832
"2026-02-05","1.3.0rc1",5
"2026-02-05","1.4.0",1377
"2026-02-05","1.4.1",5473
"2026-02-05","1.5.0",3104
"2026-02-05","1.6.0",20881
"2026-02-05","1.7.0",5757
"2026-02-05","1.7.1",5700
"2026-02-05","1.8.0",6639
"2026-02-05","1.8.1",14736
"2026-02-05","1.9.0",7920
"2026-02-05","1.9.1",13717
"2026-02-05","1.9.2",10900
"2026-02-05","1.9.3",8056
"2026-02-05","1.9.4",36239
"2026-02-06","0.9.1",2131
"2026-02-06","1.0.0",1950
"2026-02-06","1.1.0",1249
"2026-02-06","1.1.1",1140
"2026-02-06","1.1.2",2257
"2026-02-06","1.1.3",3174
"2026-02-06","1.10.0",5848
"2026-02-06","1.10.1",13734
"2026-02-06","1.11.0",15117
"2026-02-06","1.12.0",8909
"2026-02-06","1.12.1",8844
"2026-02-06","1.12.2",20286
"2026-02-06","1.12.3",13105
"2026-02-06","1.12.4",105593
"2026-02-06","1.13.0",20638
"2026-02-06","1.13.1",32154
"2026-02-06","1.14.0",20243
"2026-02-06","1.14.1",20558
"2026-02-06","1.15.0",21833
"2026-02-06","1.16.0",66187
"2026-02-06","1.17.0",22284
"2026-02-06","1.18.0",20455
"2026-02-06","1.19.0",39546
"2026-02-06","1.2.0",1566
"2026-02-06","1.2.0rc1",3
"2026-02-06","1.2.1",1767
"2026-02-06","1.20.0",26925
"2026-02-06","1.21.0",25710
"2026-02-06","1.21.1",22593
"2026-02-06","1.21.2",24603
"2026-02-06","1.22.0",78536
"2026-02-06","1.23.0",42958
"2026-02-06","1.23.1",33283
"2026-02-06","1.23.2",71092
"2026-02-06","1.23.3",306765
"2026-02-06","1.24.0",63881
"2026-02-06","1.25.0",207229
"2026-02-06","1.26.0",1564828
"2026-02-06","1.3.0",1773
"2026-02-06","1.3.0rc1",4
"2026-02-06","1.4.0",1512
"2026-02-06","1.4.1",7184
"2026-02-06","1.5.0",3959
"2026-02-06","1.6.0",19286
"2026-02-06","1.7.0",5416
"2026-02-06","1.7.1",5448
"2026-02-06","1.8.0",6044
"2026-02-06","1.8.1",14759
"2026-02-06","1.9.0",12810
"2026-02-06","1.9.1",12884
"2026-02-06","1.9.2",9273
"2026-02-06","1.9.3",7562
"2026-02-06","1.9.4",25848
"2026-02-07","0.9.1",1350
"2026-02-07","1.0.0",1082
"2026-02-07","1.1.0",690
"2026-02-07","1.1.1",598
"2026-02-07","1.1.2",1551
"2026-02-07","1.1.3",1420
"2026-02-07","1.10.0",2901
"2026-02-07","1.10.1",5860
"2026-02-07","1.11.0",7998
"2026-02-07","1.12.0",5171
"2026-02-07","1.12.1",3994
"2026-02-07","1.12.2",6401
"2026-02-07","1.12.3",6715
"2026-02-07","1.12.4",30040
"2026-02-07","1.13.0",10509
"2026-02-07","1.13.1",15765
"2026-02-07","1.14.0",10299
"2026-02-07","1.14.1",10775
"2026-02-07","1.15.0",10116
"2026-02-07","1.16.0",34603
"2026-02-07","1.17.0",10983
"2026-02-07","1.18.0",9784
"2026-02-07","1.19.0",17139
"2026-02-07","1.2.0",942
"2026-02-07","1.2.0rc1",4
"2026-02-07","1.2.1",1209
"2026-02-07","1.20.0",10552
"2026-02-07","1.21.0",11099
"2026-02-07","1.21.1",11455
"2026-02-07","1.21.2",11139
"2026-02-07","1.22.0",31199
"2026-02-07","1.23.0",19648
"2026-02-07","1.23.1",14895
"2026-02-07","1.23.2",31322
"2026-02-07","1.23.3",190797
"2026-02-07","1.24.0",30212
"2026-02-07","1.25.0",104480
"2026-02-07","1.26.0",1093147
"2026-02-07","1.3.0",1052
"2026-02-07","1.3.0rc1",6
"2026-02-07","1.4.0",758
"2026-02-07","1.4.1",6356
"2026-02-07","1.5.0",3249
"2026-02-07","1.6.0",11235
"2026-02-07","1.7.0",2696
"2026-02-07","1.7.1",2553
"2026-02-07","1.8.0",2998
"2026-02-07","1.8.1",8522
"2026-02-07","1.9.0",3491
"2026-02-07","1.9.1",4734
"2026-02-07","1.9.2",4294
"2026-02-07","1.9.3",3552
"2026-02-07","1.9.4",15192
"2026-02-08","0.9.1",887
"2026-02-08","1.0.0",1177
"2026-02-08","1.1.0",670
"2026-02-08","1.1.1",594
"2026-02-08","1.1.2",1483
"2026-02-08","1.1.3",1420
"2026-02-08","1.10.0",3046
"2026-02-08","1.10.1",5530
"2026-02-08","1.11.0",7397
"2026-02-08","1.12.0",5085
"2026-02-08","1.12.1",3777
"2026-02-08","1.12.2",7737
"2026-02-08","1.12.3",5977
"2026-02-08","1.12.4",25097
"2026-02-08","1.13.0",17638
"2026-02-08","1.13.1",15438
"2026-02-08","1.14.0",11097
"2026-02-08","1.14.1",10778
"2026-02-08","1.15.0",9956
"2026-02-08","1.16.0",36512
"2026-02-08","1.17.0",11245
"2026-02-08","1.18.0",9959
"2026-02-08","1.19.0",17805
"2026-02-08","1.2.0",999
"2026-02-08","1.2.0rc1",4
"2026-02-08","1.2.1",1387
"2026-02-08","1.20.0",12140
"2026-02-08","1.21.0",11550
"2026-02-08","1.21.1",12141
"2026-02-08","1.21.2",11727
"2026-02-08","1.22.0",31390
"2026-02-08","1.23.0",20308
"2026-02-08","1.23.1",17301
"2026-02-08","1.23.2",27024
"2026-02-08","1.23.3",182667
"2026-02-08","1.24.0",30667
"2026-02-08","1.25.0",95638
"2026-02-08","1.26.0",1014017
"2026-02-08","1.3.0",1123
"2026-02-08","1.3.0rc1",6
"2026-02-08","1.4.0",713
"2026-02-08","1.4.1",5223
"2026-02-08","1.5.0",2973
"2026-02-08","1.6.0",16480
"2026-02-08","1.7.0",3096
"2026-02-08","1.7.1",2913
"2026-02-08","1.8.0",3181
"2026-02-08","1.8.1",8678
"2026-02-08","1.9.0",3564
"2026-02-08","1.9.1",4711
"2026-02-08","1.9.2",4376
"2026-02-08","1.9.3",3843
"2026-02-08","1.9.4",27234
"2026-02-09","0.9.1",1738
"2026-02-09","1.0.0",1696
"2026-02-09","1.1.0",1095
"2026-02-09","1.1.1",983
"2026-02-09","1.1.2",2090
"2026-02-09","1.1.3",2656
"2026-02-09","1.10.0",5903
"2026-02-09","1.10.1",12533
"2026-02-09","1.11.0",14948
"2026-02-09","1.12.0",8508
"2026-02-09","1.12.1",8504
"2026-02-09","1.12.2",20072
"2026-02-09","1.12.3",12453
"2026-02-09","1.12.4",67469
"2026-02-09","1.13.0",31330
"2026-02-09","1.13.1",54775
"2026-02-09","1.14.0",21095
"2026-02-09","1.14.1",21717
"2026-02-09","1.15.0",21457
"2026-02-09","1.16.0",70152
"2026-02-09","1.17.0",23133
"2026-02-09","1.18.0",21597
"2026-02-09","1.19.0",44919
"2026-02-09","1.2.0",1479
"2026-02-09","1.2.0rc1",5
"2026-02-09","1.2.1",1796
"2026-02-09","1.20.0",29342
"2026-02-09","1.21.0",26889
"2026-02-09","1.21.1",24174
"2026-02-09","1.21.2",25560
"2026-02-09","1.22.0",59986
"2026-02-09","1.23.0",43476
"2026-02-09","1.23.1",33235
"2026-02-09","1.23.2",57485
"2026-02-09","1.23.3",347423
"2026-02-09","1.24.0",66136
"2026-02-09","1.25.0",208889
"2026-02-09","1.26.0",1860596
"2026-02-09","1.3.0",1984
"2026-02-09","1.3.0rc1",6
"2026-02-09","1.4.0",1418
"2026-02-09","1.4.1",3919
"2026-02-09","1.5.0",4250
"2026-02-09","1.6.0",16277
"2026-02-09","1.7.0",5246
"2026-02-09","1.7.1",5770
"2026-02-09","1.8.0",6134
"2026-02-09","1.8.1",13741
"2026-02-09","1.9.0",8532
"2026-02-09","1.9.1",11631
"2026-02-09","1.9.2",8665
"2026-02-09","1.9.3",8585
"2026-02-09","1.9.4",35890
"2026-02-10","0.9.1",2464
"2026-02-10","1.0.0",2309
"2026-02-10","1.1.0",1549
"2026-02-10","1.1.1",1532
"2026-02-10","1.1.2",2664
"2026-02-10","1.1.3",3991
"2026-02-10","1.10.0",7009
"2026-02-10","1.10.1",15182
"2026-02-10","1.11.0",18440
"2026-02-10","1.12.0",9778
"2026-02-10","1.12.1",10091
"2026-02-10","1.12.2",27876
"2026-02-10","1.12.3",14752
"2026-02-10","1.12.4",79510
"2026-02-10","1.13.0",32767
"2026-02-10","1.13.1",53366
"2026-02-10","1.14.0",22831
"2026-02-10","1.14.1",25443
"2026-02-10","1.15.0",26326
"2026-02-10","1.16.0",79037
"2026-02-10","1.17.0",27609
"2026-02-10","1.18.0",24265
"2026-02-10","1.19.0",48769
"2026-02-10","1.2.0",2099
"2026-02-10","1.2.0rc1",4
"2026-02-10","1.2.1",2213
"2026-02-10","1.20.0",35149
"2026-02-10","1.21.0",31840
"2026-02-10","1.21.1",27772
"2026-02-10","1.21.2",27955
"2026-02-10","1.22.0",74179
"2026-02-10","1.23.0",49874
"2026-02-10","1.23.1",39089
"2026-02-10","1.23.2",72066
"2026-02-10","1.23.3",371680
"2026-02-10","1.24.0",85665
"2026-02-10","1.25.0",257331
"2026-02-10","1.26.0",2101806
"2026-02-10","1.3.0",2341
"2026-02-10","1.3.0rc1",5
"2026-02-10","1.4.0",2118
"2026-02-10","1.4.1",4511
"2026-02-10","1.5.0",5539
"2026-02-10","1.6.0",17095
"2026-02-10","1.7.0",6343
"2026-02-10","1.7.1",6522
"2026-02-10","1.8.0",7318
"2026-02-10","1.8.1",16960
"2026-02-10","1.9.0",14497
"2026-02-10","1.9.1",13470
"2026-02-10","1.9.2",10901
"2026-02-10","1.9.3",9967
"2026-02-10","1.9.4",41151
"2026-02-11","0.7.0",1
"2026-02-11","0.9.1",3003
"2026-02-11","1.0.0",2610
"2026-02-11","1.1.0",1850
"2026-02-11","1.1.1",2290
"2026-02-11","1.1.2",2935
"2026-02-11","1.1.3",3804
"2026-02-11","1.10.0",6593
"2026-02-11","1.10.1",14322
"2026-02-11","1.11.0",16895
"2026-02-11","1.12.0",9366
"2026-02-11","1.12.1",9382
"2026-02-11","1.12.2",23488
"2026-02-11","1.12.3",17341
"2026-02-11","1.12.4",75921
"2026-02-11","1.13.0",71012
"2026-02-11","1.13.1",36740
"2026-02-11","1.14.0",21547
"2026-02-11","1.14.1",25143
"2026-02-11","1.15.0",24301
"2026-02-11","1.16.0",73627
"2026-02-11","1.17.0",25015
"2026-02-11","1.18.0",22136
"2026-02-11","1.19.0",47590
"2026-02-11","1.2.0",2363
"2026-02-11","1.2.0rc1",13
"2026-02-11","1.2.1",2501
"2026-02-11","1.20.0",33746
"2026-02-11","1.21.0",29682
"2026-02-11","1.21.1",24293
"2026-02-11","1.21.2",25893
"2026-02-11","1.22.0",59869
"2026-02-11","1.23.0",48899
"2026-02-11","1.23.1",37660
"2026-02-11","1.23.2",67263
"2026-02-11","1.23.3",289658
"2026-02-11","1.24.0",84930
"2026-02-11","1.25.0",241123
"2026-02-11","1.26.0",1944745
"2026-02-11","1.3.0",2864
"2026-02-11","1.3.0rc1",9
"2026-02-11","1.4.0",2322
"2026-02-11","1.4.1",3536
"2026-02-11","1.5.0",5356
"2026-02-11","1.6.0",19630
"2026-02-11","1.7.0",5885
"2026-02-11","1.7.1",7451
"2026-02-11","1.8.0",6906
"2026-02-11","1.8.1",16183
"2026-02-11","1.9.0",9052
"2026-02-11","1.9.1",12767
"2026-02-11","1.9.2",10368
"2026-02-11","1.9.3",8723
"2026-02-11","1.9.4",38089
"2026-02-12","0.9.1",3602
"2026-02-12","1.0.0",2829
"2026-02-12","1.1.0",2133
"2026-02-12","1.1.1",2396
"2026-02-12","1.1.2",3085
"2026-02-12","1.1.3",3960
"2026-02-12","1.10.0",6926
"2026-02-12","1.10.1",14302
"2026-02-12","1.11.0",15701
"2026-02-12","1.12.0",9837
"2026-02-12","1.12.1",9523
"2026-02-12","1.12.2",22453
"2026-02-12","1.12.3",12750
"2026-02-12","1.12.4",72782
"2026-02-12","1.13.0",71801
"2026-02-12","1.13.1",41673
"2026-02-12","1.14.0",22423
"2026-02-12","1.14.1",24628
"2026-02-12","1.15.0",26855
"2026-02-12","1.16.0",72034
"2026-02-12","1.17.0",24573
"2026-02-12","1.18.0",23408
"2026-02-12","1.19.0",46372
"2026-02-12","1.2.0",2498
"2026-02-12","1.2.0rc1",12
"2026-02-12","1.2.1",2801
"2026-02-12","1.20.0",32846
"2026-02-12","1.21.0",29801
"2026-02-12","1.21.1",23769
"2026-02-12","1.21.2",25947
"2026-02-12","1.22.0",61699
"2026-02-12","1.23.0",48580
"2026-02-12","1.23.1",42337
"2026-02-12","1.23.2",69123
"2026-02-12","1.23.3",374898
"2026-02-12","1.24.0",78283
"2026-02-12","1.25.0",234499
"2026-02-12","1.26.0",1645530
"2026-02-12","1.3.0",2931
"2026-02-12","1.3.0rc1",9
"2026-02-12","1.4.0",2464
"2026-02-12","1.4.1",3789
"2026-02-12","1.5.0",5064
"2026-02-12","1.6.0",23443
"2026-02-12","1.7.0",6337
"2026-02-12","1.7.1",6463
"2026-02-12","1.8.0",7694
"2026-02-12","1.8.1",15936
"2026-02-12","1.9.0",7977
"2026-02-12","1.9.1",12029
"2026-02-12","1.9.2",9319
"2026-02-12","1.9.3",9293
"2026-02-12","1.9.4",40168
"2026-02-13","0.9.1",2890
"2026-02-13","1.0.0",2936
"2026-02-13","1.1.0",1798
"2026-02-13","1.1.1",2254
"2026-02-13","1.1.2",2779
"2026-02-13","1.1.3",3690
"2026-02-13","1.10.0",5834
"2026-02-13","1.10.1",12212
"2026-02-13","1.11.0",14025
"2026-02-13","1.12.0",8403
"2026-02-13","1.12.1",8443
"2026-02-13","1.12.2",19427
"2026-02-13","1.12.3",10727
"2026-02-13","1.12.4",71659
"2026-02-13","1.13.0",49478
"2026-02-13","1.13.1",36602
"2026-02-13","1.14.0",21021
"2026-02-13","1.14.1",23522
"2026-02-13","1.15.0",23691
"2026-02-13","1.16.0",63465
"2026-02-13","1.17.0",22403
"2026-02-13","1.18.0",20380
"2026-02-13","1.19.0",43199
"2026-02-13","1.2.0",2165
"2026-02-13","1.2.0rc1",4
"2026-02-13","1.2.1",2608
"2026-02-13","1.20.0",27908
"2026-02-13","1.21.0",28122
"2026-02-13","1.21.1",20763
"2026-02-13","1.21.2",23820
"2026-02-13","1.22.0",72629
"2026-02-13","1.23.0",44318
"2026-02-13","1.23.1",37939
"2026-02-13","1.23.2",79987
"2026-02-13","1.23.3",317530
"2026-02-13","1.24.0",76538
"2026-02-13","1.25.0",202247
"2026-02-13","1.26.0",1593989
"2026-02-13","1.3.0",2589
"2026-02-13","1.3.0rc1",8
"2026-02-13","1.4.0",2200
"2026-02-13","1.4.1",3693
"2026-02-13","1.5.0",5255
"2026-02-13","1.6.0",19183
"2026-02-13","1.7.0",5504
"2026-02-13","1.7.1",5668
"2026-02-13","1.8.0",6427
"2026-02-13","1.8.1",14904
"2026-02-13","1.9.0",7358
"2026-02-13","1.9.1",8645
"2026-02-13","1.9.2",7654
"2026-02-13","1.9.3",8223
"2026-02-13","1.9.4",22811
"2026-02-14","0.9.1",2044
"2026-02-14","1.0.0",1999
"2026-02-14","1.1.0",1374
"2026-02-14","1.1.1",1646
"2026-02-14","1.1.2",2214
"2026-02-14","1.1.3",2293
"2026-02-14","1.10.0",2543
"2026-02-14","1.10.1",5367
"2026-02-14","1.11.0",8338
"2026-02-14","1.12.0",4373
"2026-02-14","1.12.1",4327
"2026-02-14","1.12.2",9209
"2026-02-14","1.12.3",5137
"2026-02-14","1.12.4",35052
"2026-02-14","1.13.0",33915
"2026-02-14","1.13.1",20329
"2026-02-14","1.14.0",9386
"2026-02-14","1.14.1",11425
"2026-02-14","1.15.0",10744
"2026-02-14","1.16.0",34868
"2026-02-14","1.17.0",12141
"2026-02-14","1.18.0",10287
"2026-02-14","1.19.0",18039
"2026-02-14","1.2.0",1802
"2026-02-14","1.2.1",1860
"2026-02-14","1.20.0",13119
"2026-02-14","1.21.0",11146
"2026-02-14","1.21.1",9697
"2026-02-14","1.21.2",11009
"2026-02-14","1.22.0",28729
"2026-02-14","1.23.0",22841
"2026-02-14","1.23.1",15273
"2026-02-14","1.23.2",62738
"2026-02-14","1.23.3",189605
"2026-02-14","1.24.0",36631
"2026-02-14","1.25.0",87501
"2026-02-14","1.26.0",1141360
"2026-02-14","1.3.0",1854
"2026-02-14","1.3.0rc1",3
"2026-02-14","1.4.0",1505
"2026-02-14","1.4.1",3081
"2026-02-14","1.5.0",4679
"2026-02-14","1.6.0",9747
"2026-02-14","1.7.0",2625
"2026-02-14","1.7.1",2562
"2026-02-14","1.8.0",2703
"2026-02-14","1.8.1",9053
"2026-02-14","1.9.0",3111
"2026-02-14","1.9.1",3428
"2026-02-14","1.9.2",4025
"2026-02-14","1.9.3",3631
"2026-02-14","1.9.4",14724
"2026-02-15","0.7.0",1
"2026-02-15","0.8.0",1
"2026-02-15","0.9.1",1371
"2026-02-15","1.0.0",1604
"2026-02-15","1.1.0",1032
"2026-02-15","1.1.1",1218
"2026-02-15","1.1.2",1904
"2026-02-15","1.1.3",1887
"2026-02-15","1.10.0",2259
"2026-02-15","1.10.1",5034
"2026-02-15","1.11.0",7804
"2026-02-15","1.12.0",4317
"2026-02-15","1.12.1",3059
"2026-02-15","1.12.2",8831
"2026-02-15","1.12.3",4571
"2026-02-15","1.12.4",27691
"2026-02-15","1.13.0",59818
"2026-02-15","1.13.1",20590
"2026-02-15","1.14.0",9006
"2026-02-15","1.14.1",11282
"2026-02-15","1.15.0",9441
"2026-02-15","1.16.0",33729
"2026-02-15","1.17.0",10715
"2026-02-15","1.18.0",9653
"2026-02-15","1.19.0",17367
"2026-02-15","1.2.0",1354
"2026-02-15","1.2.0rc1",2
"2026-02-15","1.2.1",1469
"2026-02-15","1.20.0",14784
"2026-02-15","1.21.0",11087
"2026-02-15","1.21.1",10759
"2026-02-15","1.21.2",10576
"2026-02-15","1.22.0",27736
"2026-02-15","1.23.0",19920
"2026-02-15","1.23.1",16657
"2026-02-15","1.23.2",47307
"2026-02-15","1.23.3",193891
"2026-02-15","1.24.0",32131
"2026-02-15","1.25.0",91789
"2026-02-15","1.26.0",1035472
"2026-02-15","1.3.0",1560
"2026-02-15","1.3.0rc1",2
"2026-02-15","1.4.0",1055
"2026-02-15","1.4.1",2416
"2026-02-15","1.5.0",3345
"2026-02-15","1.6.0",13330
"2026-02-15","1.7.0",2238
"2026-02-15","1.7.1",1987
"2026-02-15","1.8.0",2457
"2026-02-15","1.8.1",8314
"2026-02-15","1.9.0",3723
"2026-02-15","1.9.1",3112
"2026-02-15","1.9.2",3298
"2026-02-15","1.9.3",3243
"2026-02-15","1.9.4",22995
"2026-02-16","0.9.1",2478
"2026-02-16","1.0.0",2600
"2026-02-16","1.1.0",1631
"2026-02-16","1.1.1",1894
"2026-02-16","1.1.2",2732
"2026-02-16","1.1.3",3035
"2026-02-16","1.10.0",4883
"2026-02-16","1.10.1",11375
"2026-02-16","1.11.0",12902
"2026-02-16","1.12.0",7533
"2026-02-16","1.12.1",7096
"2026-02-16","1.12.2",18109
"2026-02-16","1.12.3",9240
"2026-02-16","1.12.4",54375
"2026-02-16","1.13.0",53180
"2026-02-16","1.13.1",28154
"2026-02-16","1.14.0",17083
"2026-02-16","1.14.1",21270
"2026-02-16","1.15.0",20534
"2026-02-16","1.16.0",56448
"2026-02-16","1.17.0",18423
"2026-02-16","1.18.0",16763
"2026-02-16","1.19.0",36433
"2026-02-16","1.2.0",1917
"2026-02-16","1.2.0rc1",5
"2026-02-16","1.2.1",2251
"2026-02-16","1.20.0",31366
"2026-02-16","1.21.0",22524
"2026-02-16","1.21.1",17327
"2026-02-16","1.21.2",19211
"2026-02-16","1.22.0",48044
"2026-02-16","1.23.0",38028
"2026-02-16","1.23.1",28983
"2026-02-16","1.23.2",54729
"2026-02-16","1.23.3",351729
"2026-02-16","1.24.0",57268
"2026-02-16","1.25.0",172690
"2026-02-16","1.26.0",1460444
"2026-02-16","1.3.0",2278
"2026-02-16","1.3.0rc1",5
"2026-02-16","1.4.0",1909
"2026-02-16","1.4.1",3219
"2026-02-16","1.5.0",4499
"2026-02-16","1.6.0",14207
"2026-02-16","1.7.0",4403
"2026-02-16","1.7.1",4652
"2026-02-16","1.8.0",5593
"2026-02-16","1.8.1",11803
"2026-02-16","1.9.0",7600
"2026-02-16","1.9.1",7321
"2026-02-16","1.9.2",6148
"2026-02-16","1.9.3",7343
"2026-02-16","1.9.4",30092
"2026-02-17","0.9.1",4071
"2026-02-17","1.0.0",3067
"2026-02-17","1.1.0",2362
"2026-02-17","1.1.1",3017
"2026-02-17","1.1.2",3858
"2026-02-17","1.1.3",4107
"2026-02-17","1.10.0",6862
"2026-02-17","1.10.1",13923
"2026-02-17","1.11.0",15737
"2026-02-17","1.12.0",9687
"2026-02-17","1.12.1",8966
"2026-02-17","1.12.2",20532
"2026-02-17","1.12.3",11610
"2026-02-17","1.12.4",115181
"2026-02-17","1.13.0",99651
"2026-02-17","1.13.1",30381
"2026-02-17","1.14.0",20846
"2026-02-17","1.14.1",23952
"2026-02-17","1.15.0",26149
"2026-02-17","1.16.0",68970
"2026-02-17","1.17.0",22796
"2026-02-17","1.18.0",21895
"2026-02-17","1.19.0",43253
"2026-02-17","1.2.0",2819
"2026-02-17","1.2.0rc1",5
"2026-02-17","1.2.1",3080
"2026-02-17","1.20.0",37332
"2026-02-17","1.21.0",27867
"2026-02-17","1.21.1",22749
"2026-02-17","1.21.2",25394
"2026-02-17","1.22.0",57737
"2026-02-17","1.23.0",46072
"2026-02-17","1.23.1",35874
"2026-02-17","1.23.2",103390
"2026-02-17","1.23.3",251229
"2026-02-17","1.24.0",66200
"2026-02-17","1.25.0",201058
"2026-02-17","1.26.0",1626741
"2026-02-17","1.3.0",3151
"2026-02-17","1.3.0rc1",4
"2026-02-17","1.4.0",2794
"2026-02-17","1.4.1",4055
"2026-02-17","1.5.0",5955
"2026-02-17","1.6.0",14886
"2026-02-17","1.7.0",6311
"2026-02-17","1.7.1",6663
"2026-02-17","1.8.0",7584
"2026-02-17","1.8.1",14085
"2026-02-17","1.9.0",8466
"2026-02-17","1.9.1",11666
"2026-02-17","1.9.2",8458
"2026-02-17","1.9.3",9172
"2026-02-17","1.9.4",35922
"2026-02-18","0.9.1",1719
"2026-02-18","1.0.0",1938
"2026-02-18","1.1.0",1193
"2026-02-18","1.1.1",1696
"2026-02-18","1.1.2",2283
"2026-02-18","1.1.3",3787
"2026-02-18","1.10.0",5662
"2026-02-18","1.10.1",12841
"2026-02-18","1.11.0",12743
"2026-02-18","1.12.0",8465
"2026-02-18","1.12.1",26291
"2026-02-18","1.12.2",18252
"2026-02-18","1.12.3",10753
"2026-02-18","1.12.4",129944
"2026-02-18","1.13.0",89699
"2026-02-18","1.13.1",30364
"2026-02-18","1.14.0",21367
"2026-02-18","1.14.1",22690
"2026-02-18","1.15.0",26070
"2026-02-18","1.16.0",64679
"2026-02-18","1.17.0",24280
"2026-02-18","1.18.0",21574
"2026-02-18","1.19.0",41183
"2026-02-18","1.2.0",1551
"2026-02-18","1.2.0rc1",2
"2026-02-18","1.2.1",1785
"2026-02-18","1.20.0",32494
"2026-02-18","1.21.0",27751
"2026-02-18","1.21.1",23992
"2026-02-18","1.21.2",25370
"2026-02-18","1.22.0",63733
"2026-02-18","1.23.0",44932
"2026-02-18","1.23.1",37889
"2026-02-18","1.23.2",98373
"2026-02-18","1.23.3",255116
"2026-02-18","1.24.0",69747
"2026-02-18","1.25.0",226509
"2026-02-18","1.26.0",1822042
"2026-02-18","1.3.0",2403
"2026-02-18","1.3.0rc1",2
"2026-02-18","1.4.0",1551
"2026-02-18","1.4.1",2879
"2026-02-18","1.5.0",4130
"2026-02-18","1.6.0",12619
"2026-02-18","1.7.0",4988
"2026-02-18","1.7.1",5348
"2026-02-18","1.8.0",6520
"2026-02-18","1.8.1",13358
"2026-02-18","1.9.0",8124
"2026-02-18","1.9.1",9919
"2026-02-18","1.9.2",7307
"2026-02-18","1.9.3",7786
"2026-02-18","1.9.4",35619
"2026-02-19","0.9.1",2686
"2026-02-19","1.0.0",2507
"2026-02-19","1.1.0",1758
"2026-02-19","1.1.1",2066
"2026-02-19","1.1.2",2731
"2026-02-19","1.1.3",4433
"2026-02-19","1.10.0",6354
"2026-02-19","1.10.1",14275
"2026-02-19","1.11.0",13168
"2026-02-19","1.12.0",12556
"2026-02-19","1.12.1",42438
"2026-02-19","1.12.2",20217
"2026-02-19","1.12.3",11522
"2026-02-19","1.12.4",137315
"2026-02-19","1.13.0",27423
"2026-02-19","1.13.1",34581
"2026-02-19","1.14.0",21564
"2026-02-19","1.14.1",21918
"2026-02-19","1.15.0",25943
"2026-02-19","1.16.0",60735
"2026-02-19","1.17.0",23662
"2026-02-19","1.18.0",21511
"2026-02-19","1.19.0",42889
"2026-02-19","1.2.0",2334
"2026-02-19","1.2.0rc1",2
"2026-02-19","1.2.1",2590
"2026-02-19","1.20.0",38376
"2026-02-19","1.21.0",28543
"2026-02-19","1.21.1",22243
"2026-02-19","1.21.2",24655
"2026-02-19","1.22.0",56561
"2026-02-19","1.23.0",46987
"2026-02-19","1.23.1",38186
"2026-02-19","1.23.2",88828
"2026-02-19","1.23.3",290785
"2026-02-19","1.24.0",77678
"2026-02-19","1.25.0",228227
"2026-02-19","1.26.0",1867940
"2026-02-19","1.3.0",3222
"2026-02-19","1.3.0rc1",2
"2026-02-19","1.4.0",2534
"2026-02-19","1.4.1",3614
"2026-02-19","1.5.0",4083
"2026-02-19","1.6.0",17541
"2026-02-19","1.7.0",5583
"2026-02-19","1.7.1",5641
"2026-02-19","1.8.0",6246
"2026-02-19","1.8.1",14124
"2026-02-19","1.9.0",7509
"2026-02-19","1.9.1",10406
"2026-02-19","1.9.2",7338
"2026-02-19","1.9.3",8283
"2026-02-19","1.9.4",37810
"2026-02-20","0.9.1",2868
"2026-02-20","1.0.0",2356
"2026-02-20","1.1.0",1865
"2026-02-20","1.1.1",2248
"2026-02-20","1.1.2",2834
"2026-02-20","1.1.3",4220
"2026-02-20","1.10.0",5354
"2026-02-20","1.10.1",12697
"2026-02-20","1.11.0",10943
"2026-02-20","1.12.0",8647
"2026-02-20","1.12.1",42102
"2026-02-20","1.12.2",17756
"2026-02-20","1.12.3",10117
"2026-02-20","1.12.4",120784
"2026-02-20","1.13.0",31596
"2026-02-20","1.13.1",29781
"2026-02-20","1.14.0",19709
"2026-02-20","1.14.1",19771
"2026-02-20","1.15.0",23834
"2026-02-20","1.16.0",55999
"2026-02-20","1.17.0",22342
"2026-02-20","1.18.0",19304
"2026-02-20","1.19.0",41020
"2026-02-20","1.2.0",2250
"2026-02-20","1.2.0rc1",8
"2026-02-20","1.2.1",2475
"2026-02-20","1.20.0",35928
"2026-02-20","1.21.0",25593
"2026-02-20","1.21.1",19575
"2026-02-20","1.21.2",22043
"2026-02-20","1.22.0",69039
"2026-02-20","1.23.0",42500
"2026-02-20","1.23.1",33888
"2026-02-20","1.23.2",80107
"2026-02-20","1.23.3",268355
"2026-02-20","1.24.0",72634
"2026-02-20","1.25.0",188959
"2026-02-20","1.26.0",1970524
"2026-02-20","1.3.0",3363
"2026-02-20","1.3.0rc1",10
"2026-02-20","1.4.0",2389
"2026-02-20","1.4.1",3547
"2026-02-20","1.5.0",3672
"2026-02-20","1.6.0",14748
"2026-02-20","1.7.0",4905
"2026-02-20","1.7.1",4938
"2026-02-20","1.8.0",5612
"2026-02-20","1.8.1",12616
"2026-02-20","1.9.0",6614
"2026-02-20","1.9.1",9607
"2026-02-20","1.9.2",6548
"2026-02-20","1.9.3",7228
"2026-02-20","1.9.4",25557
"2026-02-21","0.9.1",1137
"2026-02-21","1.0.0",1157
"2026-02-21","1.1.0",785
"2026-02-21","1.1.1",968
"2026-02-21","1.1.2",1684
"2026-02-21","1.1.3",1857
"2026-02-21","1.10.0",2372
"2026-02-21","1.10.1",5883
"2026-02-21","1.11.0",6422
"2026-02-21","1.12.0",4281
"2026-02-21","1.12.1",40464
"2026-02-21","1.12.2",5856
"2026-02-21","1.12.3",6121
"2026-02-21","1.12.4",41375
"2026-02-21","1.13.0",18952
"2026-02-21","1.13.1",18917
"2026-02-21","1.14.0",10901
"2026-02-21","1.14.1",11249
"2026-02-21","1.15.0",11329
"2026-02-21","1.16.0",32688
"2026-02-21","1.17.0",12253
"2026-02-21","1.18.0",10631
"2026-02-21","1.19.0",15944
"2026-02-21","1.2.0",1266
"2026-02-21","1.2.0rc1",2
"2026-02-21","1.2.1",1513
"2026-02-21","1.20.0",17043
"2026-02-21","1.21.0",12351
"2026-02-21","1.21.1",10215
"2026-02-21","1.21.2",11133
"2026-02-21","1.22.0",34259
"2026-02-21","1.23.0",22729
"2026-02-21","1.23.1",16490
"2026-02-21","1.23.2",39459
"2026-02-21","1.23.3",149011
"2026-02-21","1.24.0",41846
"2026-02-21","1.25.0",93968
"2026-02-21","1.26.0",1409855
"2026-02-21","1.3.0",1919
"2026-02-21","1.3.0rc1",4
"2026-02-21","1.4.0",944
"2026-02-21","1.4.1",2526
"2026-02-21","1.5.0",2347
"2026-02-21","1.6.0",10901
"2026-02-21","1.7.0",2520
"2026-02-21","1.7.1",2366
"2026-02-21","1.8.0",2564
"2026-02-21","1.8.1",8142
"2026-02-21","1.9.0",2902
"2026-02-21","1.9.1",4007
"2026-02-21","1.9.2",3377
"2026-02-21","1.9.3",3197
"2026-02-21","1.9.4",14209
"2026-02-22","0.9.1",1014
"2026-02-22","1.0.0",1052
"2026-02-22","1.1.0",692
"2026-02-22","1.1.1",889
"2026-02-22","1.1.2",1562
"2026-02-22","1.1.3",1392
"2026-02-22","1.10.0",2260
"2026-02-22","1.10.1",4935
"2026-02-22","1.11.0",5960
"2026-02-22","1.12.0",4432
"2026-02-22","1.12.1",39392
"2026-02-22","1.12.2",7695
"2026-02-22","1.12.3",5389
"2026-02-22","1.12.4",29561
"2026-02-22","1.13.0",23496
"2026-02-22","1.13.1",20911
"2026-02-22","1.14.0",10917
"2026-02-22","1.14.1",11413
"2026-02-22","1.15.0",11406
"2026-02-22","1.16.0",31280
"2026-02-22","1.17.0",11404
"2026-02-22","1.18.0",10928
"2026-02-22","1.19.0",16568
"2026-02-22","1.2.0",1304
"2026-02-22","1.2.1",1149
"2026-02-22","1.20.0",18484
"2026-02-22","1.21.0",12565
"2026-02-22","1.21.1",10440
"2026-02-22","1.21.2",10221
"2026-02-22","1.22.0",33395
"2026-02-22","1.23.0",21878
"2026-02-22","1.23.1",16026
"2026-02-22","1.23.2",23967
"2026-02-22","1.23.3",141312
"2026-02-22","1.24.0",38278
"2026-02-22","1.25.0",92019
"2026-02-22","1.26.0",1597467
"2026-02-22","1.3.0",1766
"2026-02-22","1.3.0rc1",2
"2026-02-22","1.4.0",874
"2026-02-22","1.4.1",2157
"2026-02-22","1.5.0",2771
"2026-02-22","1.6.0",12259
"2026-02-22","1.7.0",2237
"2026-02-22","1.7.1",2187
"2026-02-22","1.8.0",2760
"2026-02-22","1.8.1",7788
"2026-02-22","1.9.0",2802
"2026-02-22","1.9.1",3513
"2026-02-22","1.9.2",3387
"2026-02-22","1.9.3",3302
"2026-02-22","1.9.4",23845
"2026-02-23","0.9.1",1388
"2026-02-23","1.0.0",1497
"2026-02-23","1.1.0",948
"2026-02-23","1.1.1",1289
"2026-02-23","1.1.2",1897
"2026-02-23","1.1.3",3014
"2026-02-23","1.10.0",4946
"2026-02-23","1.10.1",11162
"2026-02-23","1.11.0",11229
"2026-02-23","1.12.0",8139
"2026-02-23","1.12.1",44392
"2026-02-23","1.12.2",19201
"2026-02-23","1.12.3",9726
"2026-02-23","1.12.4",113677
"2026-02-23","1.13.0",25193
"2026-02-23","1.13.1",34697
"2026-02-23","1.14.0",20414
"2026-02-23","1.14.1",20443
"2026-02-23","1.15.0",23074
"2026-02-23","1.16.0",61287
"2026-02-23","1.17.0",22003
"2026-02-23","1.18.0",21457
"2026-02-23","1.19.0",39934
"2026-02-23","1.2.0",1614
"2026-02-23","1.2.0rc1",7
"2026-02-23","1.2.1",1525
"2026-02-23","1.20.0",28670
"2026-02-23","1.21.0",26332
"2026-02-23","1.21.1",19980
"2026-02-23","1.21.2",22618
"2026-02-23","1.22.0",60029
"2026-02-23","1.23.0",48893
"2026-02-23","1.23.1",34820
"2026-02-23","1.23.2",59747
"2026-02-23","1.23.3",311228
"2026-02-23","1.24.0",76832
"2026-02-23","1.25.0",191801
"2026-02-23","1.26.0",1995760
"2026-02-23","1.3.0",2559
"2026-02-23","1.3.0rc1",8
"2026-02-23","1.4.0",1527
"2026-02-23","1.4.1",2457
"2026-02-23","1.5.0",3811
"2026-02-23","1.6.0",24243
"2026-02-23","1.7.0",4334
"2026-02-23","1.7.1",4465
"2026-02-23","1.8.0",5676
"2026-02-23","1.8.1",12260
"2026-02-23","1.9.0",10823
"2026-02-23","1.9.1",9025
"2026-02-23","1.9.2",6995
"2026-02-23","1.9.3",6931
"2026-02-23","1.9.4",35293
"2026-02-24","0.9.1",2122
"2026-02-24","1.0.0",2013
"2026-02-24","1.1.0",1364
"2026-02-24","1.1.1",1739
"2026-02-24","1.1.2",2359
"2026-02-24","1.1.3",3729
"2026-02-24","1.10.0",5978
"2026-02-24","1.10.1",13631
"2026-02-24","1.11.0",11311
"2026-02-24","1.12.0",8791
"2026-02-24","1.12.1",45257
"2026-02-24","1.12.2",20042
"2026-02-24","1.12.3",10753
"2026-02-24","1.12.4",133908
"2026-02-24","1.13.0",44370
"2026-02-24","1.13.1",34538
"2026-02-24","1.14.0",22161
"2026-02-24","1.14.1",31754
"2026-02-24","1.15.0",27333
"2026-02-24","1.16.0",70565
"2026-02-24","1.17.0",24249
"2026-02-24","1.18.0",23417
"2026-02-24","1.19.0",42910
"2026-02-24","1.2.0",1883
"2026-02-24","1.2.0rc1",4
"2026-02-24","1.2.1",1912
"2026-02-24","1.20.0",30113
"2026-02-24","1.21.0",28527
"2026-02-24","1.21.1",22752
"2026-02-24","1.21.2",25628
"2026-02-24","1.22.0",73499
"2026-02-24","1.23.0",51118
"2026-02-24","1.23.1",37060
"2026-02-24","1.23.2",77012
"2026-02-24","1.23.3",276921
"2026-02-24","1.24.0",75821
"2026-02-24","1.25.0",206721
"2026-02-24","1.26.0",2188846
"2026-02-24","1.3.0",2777
"2026-02-24","1.3.0rc1",3
"2026-02-24","1.4.0",1833
"2026-02-24","1.4.1",3187
"2026-02-24","1.5.0",4327
"2026-02-24","1.6.0",15868
"2026-02-24","1.7.0",5325
"2026-02-24","1.7.1",5656
"2026-02-24","1.8.0",6689
"2026-02-24","1.8.1",14517
"2026-02-24","1.9.0",18745
"2026-02-24","1.9.1",10886
"2026-02-24","1.9.2",7983
"2026-02-24","1.9.3",7980
"2026-02-24","1.9.4",36906
"2026-02-25","0.9.1",1816
"2026-02-25","1.0.0",1794
"2026-02-25","1.1.0",1049
"2026-02-25","1.1.1",1665
"2026-02-25","1.1.2",2022
"2026-02-25","1.1.3",3341
"2026-02-25","1.10.0",6222
"2026-02-25","1.10.1",14123
"2026-02-25","1.11.0",11604
"2026-02-25","1.12.0",9139
"2026-02-25","1.12.1",45502
"2026-02-25","1.12.2",21217
"2026-02-25","1.12.3",10788
"2026-02-25","1.12.4",124404
"2026-02-25","1.13.0",58803
"2026-02-25","1.13.1",36792
"2026-02-25","1.14.0",20239
"2026-02-25","1.14.1",33667
"2026-02-25","1.15.0",26297
"2026-02-25","1.16.0",72633
"2026-02-25","1.17.0",24807
"2026-02-25","1.18.0",23006
"2026-02-25","1.19.0",42846
"2026-02-25","1.2.0",1710
"2026-02-25","1.2.0rc1",4
"2026-02-25","1.2.1",1901
"2026-02-25","1.20.0",31508
"2026-02-25","1.21.0",28826
"2026-02-25","1.21.1",23488
"2026-02-25","1.21.2",25996
"2026-02-25","1.22.0",60622
"2026-02-25","1.23.0",50597
"2026-02-25","1.23.1",39526
"2026-02-25","1.23.2",74151
"2026-02-25","1.23.3",252158
"2026-02-25","1.24.0",71592
"2026-02-25","1.25.0",207826
"2026-02-25","1.26.0",2345866
"2026-02-25","1.3.0",2177
"2026-02-25","1.3.0rc1",4
"2026-02-25","1.4.0",1774
"2026-02-25","1.4.1",3119
"2026-02-25","1.5.0",5987
"2026-02-25","1.6.0",16743
"2026-02-25","1.7.0",5384
"2026-02-25","1.7.1",5771
"2026-02-25","1.8.0",6612
"2026-02-25","1.8.1",15069
"2026-02-25","1.9.0",9311
"2026-02-25","1.9.1",11338
"2026-02-25","1.9.2",8587
"2026-02-25","1.9.3",8134
"2026-02-25","1.9.4",51736
"2026-02-26","0.9.1",1453
"2026-02-26","1.0.0",1588
"2026-02-26","1.1.0",925
"2026-02-26","1.1.1",1496
"2026-02-26","1.1.2",1997
"2026-02-26","1.1.3",3189
"2026-02-26","1.10.0",5500
"2026-02-26","1.10.1",11684
"2026-02-26","1.11.0",10451
"2026-02-26","1.12.0",7983
"2026-02-26","1.12.1",45008
"2026-02-26","1.12.2",18077
"2026-02-26","1.12.3",9663
"2026-02-26","1.12.4",141080
"2026-02-26","1.13.0",57274
"2026-02-26","1.13.1",38290
"2026-02-26","1.14.0",19186
"2026-02-26","1.14.1",31527
"2026-02-26","1.15.0",27121
"2026-02-26","1.16.0",91914
"2026-02-26","1.17.0",24451
"2026-02-26","1.18.0",22324
"2026-02-26","1.19.0",41638
"2026-02-26","1.2.0",1496
"2026-02-26","1.2.0rc1",13
"2026-02-26","1.2.1",1534
"2026-02-26","1.20.0",33182
"2026-02-26","1.21.0",29058
"2026-02-26","1.21.1",20861
"2026-02-26","1.21.2",25234
"2026-02-26","1.22.0",58896
"2026-02-26","1.23.0",47818
"2026-02-26","1.23.1",39400
"2026-02-26","1.23.2",81041
"2026-02-26","1.23.3",337929
"2026-02-26","1.24.0",66999
"2026-02-26","1.25.0",201534
"2026-02-26","1.26.0",2569965
"2026-02-26","1.3.0",1928
"2026-02-26","1.3.0rc1",8
"2026-02-26","1.4.0",1703
"2026-02-26","1.4.1",2597
"2026-02-26","1.5.0",4288
"2026-02-26","1.6.0",14622
"2026-02-26","1.7.0",4879
"2026-02-26","1.7.1",4770
"2026-02-26","1.8.0",5720
"2026-02-26","1.8.1",13755
"2026-02-26","1.9.0",6278
"2026-02-26","1.9.1",10355
"2026-02-26","1.9.2",6771
"2026-02-26","1.9.3",7920
"2026-02-26","1.9.4",44623
"2026-02-27","0.9.1",1442
"2026-02-27","1.0.0",1500
"2026-02-27","1.1.0",880
"2026-02-27","1.1.1",1241
"2026-02-27","1.1.2",1817
"2026-02-27","1.1.3",3330
"2026-02-27","1.10.0",4473
"2026-02-27","1.10.1",9779
"2026-02-27","1.11.0",9405
"2026-02-27","1.12.0",6779
"2026-02-27","1.12.1",43347
"2026-02-27","1.12.2",16775
"2026-02-27","1.12.3",8277
"2026-02-27","1.12.4",125394
"2026-02-27","1.13.0",31962
"2026-02-27","1.13.1",47444
"2026-02-27","1.14.0",15844
"2026-02-27","1.14.1",34792
"2026-02-27","1.15.0",24328
"2026-02-27","1.16.0",55800
"2026-02-27","1.17.0",21897
"2026-02-27","1.18.0",18513
"2026-02-27","1.19.0",38169
"2026-02-27","1.2.0",1354
"2026-02-27","1.2.0rc1",5
"2026-02-27","1.2.1",1400
"2026-02-27","1.20.0",27159
"2026-02-27","1.21.0",24179
"2026-02-27","1.21.1",17996
"2026-02-27","1.21.2",20849
"2026-02-27","1.22.0",58438
"2026-02-27","1.23.0",40748
"2026-02-27","1.23.1",32668
"2026-02-27","1.23.2",83446
"2026-02-27","1.23.3",292454
"2026-02-27","1.24.0",66443
"2026-02-27","1.25.0",177610
"2026-02-27","1.26.0",2494772
"2026-02-27","1.3.0",1847
"2026-02-27","1.3.0rc1",5
"2026-02-27","1.4.0",1089
"2026-02-27","1.4.1",2588
"2026-02-27","1.5.0",3379
"2026-02-27","1.6.0",16715
"2026-02-27","1.7.0",3918
"2026-02-27","1.7.1",3826
"2026-02-27","1.8.0",4948
"2026-02-27","1.8.1",12172
"2026-02-27","1.9.0",5534
"2026-02-27","1.9.1",7728
"2026-02-27","1.9.2",9395
"2026-02-27","1.9.3",6275
"2026-02-27","1.9.4",42995
