"date","version_class","installer","type","downloads"
"2026-03-19","1.25.0","","bdist_wheel",436
"2026-03-19","1.25.0","Bazel","bdist_wheel",93
"2026-03-19","1.25.0","Browser","bdist_wheel",18
"2026-03-19","1.25.0","Homebrew","sdist",19
"2026-03-19","1.25.0","Nexus","bdist_wheel",163
"2026-03-19","1.25.0","bandersnatch","sdist",5
"2026-03-19","1.25.0","pip","bdist_wheel",38458
"2026-03-19","1.25.0","poetry","bdist_wheel",12266
"2026-03-19","1.25.0","requests","bdist_wheel",1200
"2026-03-19","1.25.0","uv","bdist_wheel",165525
"2026-03-19","1.26.0","","bdist_wheel",3928
"2026-03-19","1.26.0","Bazel","bdist_wheel",1448
"2026-03-19","1.26.0","Browser","bdist_wheel",245
"2026-03-19","1.26.0","Homebrew","sdist",21
"2026-03-19","1.26.0","Nexus","bdist_wheel",766
"2026-03-19","1.26.0","OS","sdist",1
"2026-03-19","1.26.0","bandersnatch","sdist",3
"2026-03-19","1.26.0","devpi","bdist_wheel",2
"2026-03-19","1.26.0","pip","bdist_wheel",989230
"2026-03-19","1.26.0","poetry","bdist_wheel",44708
"2026-03-19","1.26.0","requests","bdist_wheel",2985
"2026-03-19","1.26.0","uv","bdist_wheel",3893692
"2026-03-19","other","","bdist_wheel",1517
"2026-03-19","other","","sdist",20
"2026-03-19","other","Artifactory","bdist_wheel",1
"2026-03-19","other","Bazel","bdist_wheel",6967
"2026-03-19","other","Browser","bdist_wheel",352
"2026-03-19","other","Browser","sdist",60
"2026-03-19","other","Homebrew","sdist",21
"2026-03-19","other","Nexus","bdist_wheel",1196
"2026-03-19","other","bandersnatch","bdist_wheel",46
"2026-03-19","other","bandersnatch","sdist",42
"2026-03-19","other","pip","bdist_wheel",666511
"2026-03-19","other","poetry","bdist_wheel",25432
"2026-03-19","other","requests","bdist_wheel",381
"2026-03-19","other","requests","sdist",50
"2026-03-19","other","uv","bdist_wheel",1588577
"2026-03-20","1.25.0","","bdist_wheel",143
"2026-03-20","1.25.0","Bazel","bdist_wheel",84
"2026-03-20","1.25.0","Browser","bdist_wheel",16
"2026-03-20","1.25.0","Homebrew","sdist",3
"2026-03-20","1.25.0","Nexus","bdist_wheel",143
"2026-03-20","1.25.0","OS","sdist",1
"2026-03-20","1.25.0","bandersnatch","sdist",4
"2026-03-20","1.25.0","pip","bdist_wheel",39738
"2026-03-20","1.25.0","poetry","bdist_wheel",8275
"2026-03-20","1.25.0","requests","bdist_wheel",847
"2026-03-20","1.25.0","uv","bdist_wheel",146988
"2026-03-20","1.26.0","","bdist_wheel",4332
"2026-03-20","1.26.0","Bazel","bdist_wheel",1155
"2026-03-20","1.26.0","Browser","bdist_wheel",204
"2026-03-20","1.26.0","Homebrew","sdist",4
"2026-03-20","1.26.0","Nexus","bdist_wheel",851
"2026-03-20","1.26.0","OS","sdist",1
"2026-03-20","1.26.0","bandersnatch","sdist",4
"2026-03-20","1.26.0","devpi","bdist_wheel",2
"2026-03-20","1.26.0","pip","bdist_wheel",922451
"2026-03-20","1.26.0","poetry","bdist_wheel",38798
"2026-03-20","1.26.0","requests","bdist_wheel",2237
"2026-03-20","1.26.0","uv","bdist_wheel",2859116
"2026-03-20","other","","bdist_wheel",1274
"2026-03-20","other","","sdist",72
"2026-03-20","other","Bazel","bdist_wheel",871
"2026-03-20","other","Browser","bdist_wheel",224
"2026-03-20","other","Browser","sdist",10
"2026-03-20","other","Homebrew","sdist",19
"2026-03-20","other","Nexus","bdist_wheel",1137
"2026-03-20","other","bandersnatch","bdist_wheel",88
"2026-03-20","other","bandersnatch","sdist",116
"2026-03-20","other","devpi","bdist_wheel",4
"2026-03-20","other","pip","bdist_wheel",617595
"2026-03-20","other","poetry","bdist_wheel",21367
"2026-03-20","other","requests","bdist_wheel",376
"2026-03-20","other","requests","sdist",65
"2026-03-20","other","uv","bdist_wheel",1499473
"2026-03-21","1.25.0","","bdist_wheel",39
"2026-03-21","1.25.0","Bazel","bdist_wheel",25
"2026-03-21","1.25.0","Browser","bdist_wheel",22
"2026-03-21","1.25.0","Nexus","bdist_wheel",19
"2026-03-21","1.25.0","devpi","bdist_wheel",2
"2026-03-21","1.25.0","pip","bdist_wheel",23117
"2026-03-21","1.25.0","poetry","bdist_wheel",2700
"2026-03-21","1.25.0","requests","bdist_wheel",189
"2026-03-21","1.25.0","uv","bdist_wheel",89328
"2026-03-21","1.26.0","","bdist_wheel",1363
"2026-03-21","1.26.0","Bazel","bdist_wheel",155
"2026-03-21","1.26.0","Browser","bdist_wheel",127
"2026-03-21","1.26.0","Homebrew","sdist",4
"2026-03-21","1.26.0","Nexus","bdist_wheel",268
"2026-03-21","1.26.0","OS","sdist",1
"2026-03-21","1.26.0","devpi","bdist_wheel",1
"2026-03-21","1.26.0","pip","bdist_wheel",685910
"2026-03-21","1.26.0","poetry","bdist_wheel",15457
"2026-03-21","1.26.0","requests","bdist_wheel",378
"2026-03-21","1.26.0","uv","bdist_wheel",1266941
"2026-03-21","other","","bdist_wheel",461
"2026-03-21","other","","sdist",24
"2026-03-21","other","Bazel","bdist_wheel",217
"2026-03-21","other","Bazel","sdist",1
"2026-03-21","other","Browser","bdist_wheel",84
"2026-03-21","other","Browser","sdist",3
"2026-03-21","other","Homebrew","sdist",12
"2026-03-21","other","Nexus","bdist_wheel",202
"2026-03-21","other","devpi","bdist_wheel",35
"2026-03-21","other","devpi","sdist",43
"2026-03-21","other","pip","bdist_wheel",261236
"2026-03-21","other","poetry","bdist_wheel",8292
"2026-03-21","other","requests","bdist_wheel",186
"2026-03-21","other","requests","sdist",209
"2026-03-21","other","uv","bdist_wheel",1282760
"2026-03-22","1.25.0","","bdist_wheel",80
"2026-03-22","1.25.0","Bazel","bdist_wheel",9
"2026-03-22","1.25.0","Browser","bdist_wheel",22
"2026-03-22","1.25.0","Nexus","bdist_wheel",29
"2026-03-22","1.25.0","devpi","bdist_wheel",1
"2026-03-22","1.25.0","pip","bdist_wheel",21107
"2026-03-22","1.25.0","poetry","bdist_wheel",3474
"2026-03-22","1.25.0","requests","bdist_wheel",212
"2026-03-22","1.25.0","uv","bdist_wheel",89964
"2026-03-22","1.26.0","","bdist_wheel",1550
"2026-03-22","1.26.0","Bazel","bdist_wheel",156
"2026-03-22","1.26.0","Browser","bdist_wheel",250
"2026-03-22","1.26.0","Nexus","bdist_wheel",310
"2026-03-22","1.26.0","devpi","bdist_wheel",2
"2026-03-22","1.26.0","pip","bdist_wheel",699702
"2026-03-22","1.26.0","poetry","bdist_wheel",16884
"2026-03-22","1.26.0","requests","bdist_wheel",625
"2026-03-22","1.26.0","setuptools","bdist_wheel",39
"2026-03-22","1.26.0","uv","bdist_wheel",1702015
"2026-03-22","other","","bdist_wheel",406
"2026-03-22","other","","sdist",47
"2026-03-22","other","Bazel","bdist_wheel",108
"2026-03-22","other","Browser","bdist_wheel",112
"2026-03-22","other","Browser","sdist",18
"2026-03-22","other","Homebrew","sdist",4
"2026-03-22","other","Nexus","bdist_wheel",287
"2026-03-22","other","OS","sdist",1
"2026-03-22","other","devpi","bdist_wheel",20
"2026-03-22","other","pip","bdist_wheel",282652
"2026-03-22","other","poetry","bdist_wheel",9035
"2026-03-22","other","requests","bdist_wheel",210
"2026-03-22","other","requests","sdist",158
"2026-03-22","other","uv","bdist_wheel",1442441
"2026-03-23","1.25.0","","bdist_wheel",291
"2026-03-23","1.25.0","Bazel","bdist_wheel",68
"2026-03-23","1.25.0","Browser","bdist_wheel",21
"2026-03-23","1.25.0","Nexus","bdist_wheel",134
"2026-03-23","1.25.0","bandersnatch","bdist_wheel",4
"2026-03-23","1.25.0","devpi","sdist",1
"2026-03-23","1.25.0","pip","bdist_wheel",36352
"2026-03-23","1.25.0","poetry","bdist_wheel",9857
"2026-03-23","1.25.0","requests","bdist_wheel",1681
"2026-03-23","1.25.0","uv","bdist_wheel",174803
"2026-03-23","1.26.0","","bdist_wheel",5008
"2026-03-23","1.26.0","Artifactory","bdist_wheel",4
"2026-03-23","1.26.0","Bazel","bdist_wheel",1632
"2026-03-23","1.26.0","Browser","bdist_wheel",575
"2026-03-23","1.26.0","Homebrew","bdist_wheel",45
"2026-03-23","1.26.0","Nexus","bdist_wheel",704
"2026-03-23","1.26.0","OS","sdist",3
"2026-03-23","1.26.0","bandersnatch","sdist",8
"2026-03-23","1.26.0","conda","sdist",12
"2026-03-23","1.26.0","devpi","bdist_wheel",3
"2026-03-23","1.26.0","pip","bdist_wheel",1092310
"2026-03-23","1.26.0","poetry","bdist_wheel",44100
"2026-03-23","1.26.0","requests","bdist_wheel",4041
"2026-03-23","1.26.0","setuptools","bdist_wheel",4
"2026-03-23","1.26.0","uv","bdist_wheel",4545082
"2026-03-23","other","","bdist_wheel",1410
"2026-03-23","other","","sdist",131
"2026-03-23","other","Bazel","bdist_wheel",1211
"2026-03-23","other","Browser","bdist_wheel",249
"2026-03-23","other","Browser","sdist",5
"2026-03-23","other","Homebrew","sdist",13
"2026-03-23","other","Nexus","bdist_wheel",1120
"2026-03-23","other","bandersnatch","bdist_wheel",38
"2026-03-23","other","bandersnatch","sdist",66
"2026-03-23","other","devpi","bdist_wheel",1
"2026-03-23","other","devpi","sdist",2
"2026-03-23","other","pip","bdist_wheel",644398
"2026-03-23","other","poetry","bdist_wheel",28740
"2026-03-23","other","requests","bdist_wheel",693
"2026-03-23","other","requests","sdist",272
"2026-03-23","other","uv","bdist_wheel",1876708
"2026-03-24","1.25.0","","bdist_wheel",445
"2026-03-24","1.25.0","Bazel","bdist_wheel",84
"2026-03-24","1.25.0","Browser","bdist_wheel",25
"2026-03-24","1.25.0","Nexus","bdist_wheel",174
"2026-03-24","1.25.0","devpi","bdist_wheel",1
"2026-03-24","1.25.0","pip","bdist_wheel",39054
"2026-03-24","1.25.0","poetry","bdist_wheel",10647
"2026-03-24","1.25.0","requests","bdist_wheel",1452
"2026-03-24","1.25.0","uv","bdist_wheel",188022
"2026-03-24","1.26.0","","sdist",5066
"2026-03-24","1.26.0","Artifactory","bdist_wheel",1
"2026-03-24","1.26.0","Bazel","bdist_wheel",2160
"2026-03-24","1.26.0","Browser","bdist_wheel",559
"2026-03-24","1.26.0","Homebrew","sdist",21
"2026-03-24","1.26.0","Nexus","bdist_wheel",759
"2026-03-24","1.26.0","bandersnatch","sdist",2
"2026-03-24","1.26.0","conda","sdist",4
"2026-03-24","1.26.0","devpi","bdist_wheel",7
"2026-03-24","1.26.0","pip","bdist_wheel",1187703
"2026-03-24","1.26.0","poetry","bdist_wheel",45542
"2026-03-24","1.26.0","requests","bdist_wheel",3787
"2026-03-24","1.26.0","uv","bdist_wheel",2568001
"2026-03-24","other","","bdist_wheel",1292
"2026-03-24","other","","sdist",516
"2026-03-24","other","Artifactory","bdist_wheel",2
"2026-03-24","other","Bazel","bdist_wheel",406
"2026-03-24","other","Browser","bdist_wheel",262
"2026-03-24","other","Browser","sdist",22
"2026-03-24","other","Homebrew","sdist",13
"2026-03-24","other","Nexus","bdist_wheel",1181
"2026-03-24","other","devpi","bdist_wheel",44
"2026-03-24","other","devpi","sdist",1
"2026-03-24","other","pip","bdist_wheel",682063
"2026-03-24","other","poetry","bdist_wheel",27741
"2026-03-24","other","requests","bdist_wheel",690
"2026-03-24","other","requests","sdist",263
"2026-03-24","other","uv","bdist_wheel",1992161
"2026-03-25","1.25.0","","bdist_wheel",658
"2026-03-25","1.25.0","Artifactory","bdist_wheel",2
"2026-03-25","1.25.0","Bazel","bdist_wheel",84
"2026-03-25","1.25.0","Browser","bdist_wheel",14
"2026-03-25","1.25.0","Homebrew","sdist",19
"2026-03-25","1.25.0","Nexus","bdist_wheel",165
"2026-03-25","1.25.0","pip","bdist_wheel",36501
"2026-03-25","1.25.0","poetry","bdist_wheel",10264
"2026-03-25","1.25.0","requests","bdist_wheel",862
"2026-03-25","1.25.0","uv","bdist_wheel",185998
"2026-03-25","1.26.0","","sdist",4594
"2026-03-25","1.26.0","Bazel","bdist_wheel",1971
"2026-03-25","1.26.0","Browser","bdist_wheel",382
"2026-03-25","1.26.0","Nexus","bdist_wheel",801
"2026-03-25","1.26.0","OS","sdist",3
"2026-03-25","1.26.0","devpi","bdist_wheel",8
"2026-03-25","1.26.0","pip","bdist_wheel",1134477
"2026-03-25","1.26.0","poetry","bdist_wheel",46570
"2026-03-25","1.26.0","requests","bdist_wheel",2581
"2026-03-25","1.26.0","uv","bdist_wheel",2911462
"2026-03-25","other","","bdist_wheel",1412
"2026-03-25","other","","sdist",162
"2026-03-25","other","Artifactory","bdist_wheel",2
"2026-03-25","other","Bazel","bdist_wheel",196
"2026-03-25","other","Bazel","sdist",6
"2026-03-25","other","Browser","bdist_wheel",276
"2026-03-25","other","Browser","sdist",10
"2026-03-25","other","Homebrew","sdist",5
"2026-03-25","other","Nexus","bdist_wheel",1251
"2026-03-25","other","Nexus","sdist",22
"2026-03-25","other","devpi","bdist_wheel",33
"2026-03-25","other","pip","bdist_wheel",580375
"2026-03-25","other","poetry","bdist_wheel",28900
"2026-03-25","other","requests","bdist_wheel",538
"2026-03-25","other","requests","sdist",245
"2026-03-25","other","uv","bdist_wheel",2063205
"2026-03-26","1.25.0","","bdist_wheel",334
"2026-03-26","1.25.0","Bazel","bdist_wheel",100
"2026-03-26","1.25.0","Browser","bdist_wheel",13
"2026-03-26","1.25.0","Nexus","bdist_wheel",186
"2026-03-26","1.25.0","bandersnatch","sdist",2
"2026-03-26","1.25.0","devpi","bdist_wheel",1
"2026-03-26","1.25.0","pip","bdist_wheel",39929
"2026-03-26","1.25.0","poetry","bdist_wheel",10632
"2026-03-26","1.25.0","requests","bdist_wheel",686
"2026-03-26","1.25.0","uv","bdist_wheel",198130
"2026-03-26","1.26.0","","bdist_wheel",4428
"2026-03-26","1.26.0","Artifactory","bdist_wheel",1
"2026-03-26","1.26.0","Bazel","bdist_wheel",1409
"2026-03-26","1.26.0","Browser","bdist_wheel",513
"2026-03-26","1.26.0","Nexus","bdist_wheel",795
"2026-03-26","1.26.0","OS","sdist",2
"2026-03-26","1.26.0","bandersnatch","bdist_wheel",2
"2026-03-26","1.26.0","devpi","bdist_wheel",4
"2026-03-26","1.26.0","pdm","bdist_wheel",1
"2026-03-26","1.26.0","pip","bdist_wheel",1116131
"2026-03-26","1.26.0","poetry","bdist_wheel",48508
"2026-03-26","1.26.0","requests","bdist_wheel",2327
"2026-03-26","1.26.0","setuptools","sdist",2
"2026-03-26","1.26.0","uv","bdist_wheel",7656950
"2026-03-26","other","","bdist_wheel",1702
"2026-03-26","other","","sdist",136
"2026-03-26","other","Bazel","bdist_wheel",126
"2026-03-26","other","Browser","bdist_wheel",92
"2026-03-26","other","Browser","sdist",31
"2026-03-26","other","Homebrew","sdist",13
"2026-03-26","other","Nexus","bdist_wheel",1159
"2026-03-26","other","bandersnatch","bdist_wheel",2
"2026-03-26","other","devpi","bdist_wheel",27
"2026-03-26","other","pip","bdist_wheel",725065
"2026-03-26","other","poetry","bdist_wheel",29665
"2026-03-26","other","requests","bdist_wheel",561
"2026-03-26","other","requests","sdist",306
"2026-03-26","other","uv","bdist_wheel",1887428
"2026-03-27","1.25.0","","bdist_wheel",371
"2026-03-27","1.25.0","Bazel","bdist_wheel",78
"2026-03-27","1.25.0","Browser","bdist_wheel",11
"2026-03-27","1.25.0","Nexus","bdist_wheel",166
"2026-03-27","1.25.0","bandersnatch","sdist",2
"2026-03-27","1.25.0","devpi","bdist_wheel",1
"2026-03-27","1.25.0","pip","bdist_wheel",57169
"2026-03-27","1.25.0","poetry","bdist_wheel",7071
"2026-03-27","1.25.0","requests","bdist_wheel",387
"2026-03-27","1.25.0","uv","bdist_wheel",180442
"2026-03-27","1.26.0","","bdist_wheel",5117
"2026-03-27","1.26.0","Bazel","bdist_wheel",1685
"2026-03-27","1.26.0","Browser","sdist",396
"2026-03-27","1.26.0","Homebrew","sdist",103
"2026-03-27","1.26.0","Nexus","bdist_wheel",687
"2026-03-27","1.26.0","OS","sdist",1
"2026-03-27","1.26.0","devpi","bdist_wheel",3
"2026-03-27","1.26.0","pip","sdist",940901
"2026-03-27","1.26.0","poetry","bdist_wheel",38204
"2026-03-27","1.26.0","requests","sdist",1309
"2026-03-27","1.26.0","uv","bdist_wheel",4946460
"2026-03-27","other","","bdist_wheel",1166
"2026-03-27","other","Artifactory","bdist_wheel",40
"2026-03-27","other","Bazel","bdist_wheel",232
"2026-03-27","other","Browser","bdist_wheel",323
"2026-03-27","other","Browser","sdist",23
"2026-03-27","other","Homebrew","sdist",9
"2026-03-27","other","Nexus","bdist_wheel",1082
"2026-03-27","other","devpi","bdist_wheel",7
"2026-03-27","other","pip","bdist_wheel",611583
"2026-03-27","other","poetry","bdist_wheel",23001
"2026-03-27","other","requests","bdist_wheel",553
"2026-03-27","other","requests","sdist",219
"2026-03-27","other","uv","bdist_wheel",1662494
"2026-03-28","1.25.0","","bdist_wheel",79
"2026-03-28","1.25.0","Bazel","bdist_wheel",31
"2026-03-28","1.25.0","Browser","bdist_wheel",26
"2026-03-28","1.25.0","Homebrew","sdist",2
"2026-03-28","1.25.0","Nexus","bdist_wheel",28
"2026-03-28","1.25.0","bandersnatch","sdist",4
"2026-03-28","1.25.0","pip","bdist_wheel",21658
"2026-03-28","1.25.0","poetry","bdist_wheel",3091
"2026-03-28","1.25.0","requests","bdist_wheel",348
"2026-03-28","1.25.0","uv","bdist_wheel",107425
"2026-03-28","1.26.0","","bdist_wheel",1889
"2026-03-28","1.26.0","Bazel","bdist_wheel",282
"2026-03-28","1.26.0","Browser","bdist_wheel",255
"2026-03-28","1.26.0","Homebrew","sdist",26
"2026-03-28","1.26.0","Nexus","bdist_wheel",242
"2026-03-28","1.26.0","OS","sdist",1
"2026-03-28","1.26.0","bandersnatch","bdist_wheel",4
"2026-03-28","1.26.0","devpi","bdist_wheel",1
"2026-03-28","1.26.0","pip","bdist_wheel",667524
"2026-03-28","1.26.0","poetry","bdist_wheel",12276
"2026-03-28","1.26.0","requests","bdist_wheel",631
"2026-03-28","1.26.0","uv","bdist_wheel",1568903
"2026-03-28","other","","bdist_wheel",367
"2026-03-28","other","","sdist",75
"2026-03-28","other","Bazel","bdist_wheel",52
"2026-03-28","other","Browser","bdist_wheel",167
"2026-03-28","other","Browser","sdist",63
"2026-03-28","other","Nexus","bdist_wheel",262
"2026-03-28","other","bandersnatch","bdist_wheel",12
"2026-03-28","other","bandersnatch","sdist",16
"2026-03-28","other","pip","bdist_wheel",268156
"2026-03-28","other","poetry","bdist_wheel",11367
"2026-03-28","other","requests","bdist_wheel",114
"2026-03-28","other","requests","sdist",228
"2026-03-28","other","uv","bdist_wheel",1409913
"2026-03-29","1.25.0","","bdist_wheel",221
"2026-03-29","1.25.0","Bazel","bdist_wheel",36
"2026-03-29","1.25.0","Browser","sdist",16
"2026-03-29","1.25.0","Nexus","bdist_wheel",75
"2026-03-29","1.25.0","bandersnatch","sdist",2
"2026-03-29","1.25.0","pip","bdist_wheel",17209
"2026-03-29","1.25.0","poetry","bdist_wheel",3208
"2026-03-29","1.25.0","requests","bdist_wheel",779
"2026-03-29","1.25.0","uv","bdist_wheel",115163
"2026-03-29","1.26.0","","bdist_wheel",1759
"2026-03-29","1.26.0","Bazel","bdist_wheel",189
"2026-03-29","1.26.0","Browser","sdist",366
"2026-03-29","1.26.0","Homebrew","sdist",3
"2026-03-29","1.26.0","Nexus","bdist_wheel",249
"2026-03-29","1.26.0","bandersnatch","bdist_wheel",2
"2026-03-29","1.26.0","devpi","bdist_wheel",2
"2026-03-29","1.26.0","pip","bdist_wheel",752413
"2026-03-29","1.26.0","poetry","bdist_wheel",15041
"2026-03-29","1.26.0","requests","bdist_wheel",1098
"2026-03-29","1.26.0","uv","bdist_wheel",1467351
"2026-03-29","other","","bdist_wheel",622
"2026-03-29","other","","sdist",61
"2026-03-29","other","Bazel","bdist_wheel",31
"2026-03-29","other","Bazel","sdist",2
"2026-03-29","other","Browser","bdist_wheel",114
"2026-03-29","other","Browser","sdist",18
"2026-03-29","other","Homebrew","sdist",25
"2026-03-29","other","Nexus","bdist_wheel",209
"2026-03-29","other","OS","sdist",1
"2026-03-29","other","bandersnatch","bdist_wheel",2
"2026-03-29","other","pip","bdist_wheel",263693
"2026-03-29","other","poetry","bdist_wheel",9858
"2026-03-29","other","requests","bdist_wheel",178
"2026-03-29","other","requests","sdist",202
"2026-03-29","other","uv","bdist_wheel",1443315
"2026-03-30","1.25.0","","bdist_wheel",467
"2026-03-30","1.25.0","Artifactory","bdist_wheel",2
"2026-03-30","1.25.0","Bazel","bdist_wheel",96
"2026-03-30","1.25.0","Browser","bdist_wheel",19
"2026-03-30","1.25.0","Homebrew","sdist",13
"2026-03-30","1.25.0","Nexus","bdist_wheel",182
"2026-03-30","1.25.0","OS","sdist",1
"2026-03-30","1.25.0","pip","bdist_wheel",42251
"2026-03-30","1.25.0","poetry","bdist_wheel",9895
"2026-03-30","1.25.0","requests","bdist_wheel",781
"2026-03-30","1.25.0","uv","bdist_wheel",201301
"2026-03-30","1.26.0","","bdist_wheel",14619
"2026-03-30","1.26.0","Artifactory","bdist_wheel",3
"2026-03-30","1.26.0","Bazel","bdist_wheel",2134
"2026-03-30","1.26.0","Browser","sdist",628
"2026-03-30","1.26.0","Homebrew","sdist",48
"2026-03-30","1.26.0","Nexus","bdist_wheel",729
"2026-03-30","1.26.0","OS","sdist",3
"2026-03-30","1.26.0","bandersnatch","bdist_wheel",2
"2026-03-30","1.26.0","devpi","bdist_wheel",6
"2026-03-30","1.26.0","pip","bdist_wheel",982318
"2026-03-30","1.26.0","poetry","bdist_wheel",46378
"2026-03-30","1.26.0","requests","bdist_wheel",2451
"2026-03-30","1.26.0","setuptools","bdist_wheel",1
"2026-03-30","1.26.0","uv","bdist_wheel",2059249
"2026-03-30","other","","bdist_wheel",1309
"2026-03-30","other","Artifactory","bdist_wheel",40
"2026-03-30","other","Bazel","bdist_wheel",608
"2026-03-30","other","Browser","bdist_wheel",310
"2026-03-30","other","Browser","sdist",7
"2026-03-30","other","Homebrew","sdist",8
"2026-03-30","other","Nexus","bdist_wheel",1146
"2026-03-30","other","devpi","bdist_wheel",5
"2026-03-30","other","pip","bdist_wheel",675732
"2026-03-30","other","poetry","bdist_wheel",22890
"2026-03-30","other","requests","bdist_wheel",903
"2026-03-30","other","requests","sdist",185
"2026-03-30","other","uv","bdist_wheel",1837395
"2026-03-31","1.25.0","","bdist_wheel",579
"2026-03-31","1.25.0","Bazel","bdist_wheel",101
"2026-03-31","1.25.0","Browser","bdist_wheel",22
"2026-03-31","1.25.0","Homebrew","sdist",1
"2026-03-31","1.25.0","Nexus","bdist_wheel",183
"2026-03-31","1.25.0","bandersnatch","bdist_wheel",4
"2026-03-31","1.25.0","devpi","bdist_wheel",1
"2026-03-31","1.25.0","pdm","bdist_wheel",1
"2026-03-31","1.25.0","pip","bdist_wheel",42949
"2026-03-31","1.25.0","poetry","bdist_wheel",9848
"2026-03-31","1.25.0","requests","bdist_wheel",702
"2026-03-31","1.25.0","uv","bdist_wheel",212879
"2026-03-31","1.26.0","","bdist_wheel",16040
"2026-03-31","1.26.0","Bazel","bdist_wheel",1724
"2026-03-31","1.26.0","Browser","bdist_wheel",743
"2026-03-31","1.26.0","Homebrew","sdist",70
"2026-03-31","1.26.0","Nexus","bdist_wheel",793
"2026-03-31","1.26.0","bandersnatch","bdist_wheel",4
"2026-03-31","1.26.0","devpi","bdist_wheel",1
"2026-03-31","1.26.0","pdm","bdist_wheel",1
"2026-03-31","1.26.0","pip","bdist_wheel",1037898
"2026-03-31","1.26.0","poetry","bdist_wheel",45141
"2026-03-31","1.26.0","requests","bdist_wheel",3407
"2026-03-31","1.26.0","uv","bdist_wheel",2405717
"2026-03-31","other","","bdist_wheel",1444
"2026-03-31","other","","sdist",374
"2026-03-31","other","Bazel","bdist_wheel",78
"2026-03-31","other","Bazel","sdist",4
"2026-03-31","other","Browser","bdist_wheel",439
"2026-03-31","other","Browser","sdist",17
"2026-03-31","other","Homebrew","sdist",58
"2026-03-31","other","Nexus","bdist_wheel",1057
"2026-03-31","other","bandersnatch","bdist_wheel",52
"2026-03-31","other","bandersnatch","sdist",68
"2026-03-31","other","pdm","bdist_wheel",21
"2026-03-31","other","pip","bdist_wheel",671090
"2026-03-31","other","poetry","bdist_wheel",26081
"2026-03-31","other","requests","bdist_wheel",839
"2026-03-31","other","requests","sdist",345
"2026-03-31","other","uv","bdist_wheel",1979093
"2026-04-01","1.25.0","","bdist_wheel",467
"2026-04-01","1.25.0","Bazel","bdist_wheel",87
"2026-04-01","1.25.0","Browser","bdist_wheel",26
"2026-04-01","1.25.0","Homebrew","sdist",14
"2026-04-01","1.25.0","Nexus","bdist_wheel",182
"2026-04-01","1.25.0","OS","sdist",1
"2026-04-01","1.25.0","pip","bdist_wheel",39489
"2026-04-01","1.25.0","poetry","bdist_wheel",9695
"2026-04-01","1.25.0","requests","bdist_wheel",150
"2026-04-01","1.25.0","uv","bdist_wheel",202810
"2026-04-01","1.26.0","","bdist_wheel",54682
"2026-04-01","1.26.0","Bazel","bdist_wheel",1181
"2026-04-01","1.26.0","Browser","bdist_wheel",540
"2026-04-01","1.26.0","Homebrew","sdist",17
"2026-04-01","1.26.0","Nexus","bdist_wheel",763
"2026-04-01","1.26.0","OS","sdist",2
"2026-04-01","1.26.0","devpi","bdist_wheel",5
"2026-04-01","1.26.0","pip","bdist_wheel",974311
"2026-04-01","1.26.0","poetry","bdist_wheel",47142
"2026-04-01","1.26.0","requests","sdist",1487
"2026-04-01","1.26.0","uv","bdist_wheel",3918802
"2026-04-01","other","","bdist_wheel",1175
"2026-04-01","other","","sdist",141
"2026-04-01","other","Bazel","bdist_wheel",78
"2026-04-01","other","Browser","bdist_wheel",392
"2026-04-01","other","Browser","sdist",14
"2026-04-01","other","Homebrew","sdist",27
"2026-04-01","other","Nexus","bdist_wheel",1031
"2026-04-01","other","devpi","bdist_wheel",4
"2026-04-01","other","pip","bdist_wheel",599786
"2026-04-01","other","poetry","bdist_wheel",22671
"2026-04-01","other","requests","bdist_wheel",583
"2026-04-01","other","requests","sdist",180
"2026-04-01","other","uv","bdist_wheel",1910621
"2026-04-02","1.25.0","","bdist_wheel",469
"2026-04-02","1.25.0","Artifactory","bdist_wheel",2
"2026-04-02","1.25.0","Bazel","bdist_wheel",75
"2026-04-02","1.25.0","Browser","bdist_wheel",10
"2026-04-02","1.25.0","Homebrew","sdist",2
"2026-04-02","1.25.0","Nexus","bdist_wheel",184
"2026-04-02","1.25.0","devpi","bdist_wheel",2
"2026-04-02","1.25.0","pip","bdist_wheel",36936
"2026-04-02","1.25.0","poetry","bdist_wheel",7652
"2026-04-02","1.25.0","requests","bdist_wheel",86
"2026-04-02","1.25.0","uv","bdist_wheel",212185
"2026-04-02","1.26.0","","bdist_wheel",17432
"2026-04-02","1.26.0","Artifactory","bdist_wheel",1
"2026-04-02","1.26.0","Bazel","bdist_wheel",2637
"2026-04-02","1.26.0","Browser","bdist_wheel",657
"2026-04-02","1.26.0","Homebrew","sdist",19
"2026-04-02","1.26.0","Nexus","bdist_wheel",657
"2026-04-02","1.26.0","OS","sdist",6
"2026-04-02","1.26.0","devpi","bdist_wheel",1
"2026-04-02","1.26.0","pip","bdist_wheel",702542
"2026-04-02","1.26.0","poetry","bdist_wheel",44345
"2026-04-02","1.26.0","requests","bdist_wheel",1226
"2026-04-02","1.26.0","uv","bdist_wheel",2040722
"2026-04-02","1.27.0","","bdist_wheel",1987
"2026-04-02","1.27.0","Artifactory","bdist_wheel",8
"2026-04-02","1.27.0","Bazel","bdist_wheel",2
"2026-04-02","1.27.0","Browser","bdist_wheel",518
"2026-04-02","1.27.0","Nexus","bdist_wheel",217
"2026-04-02","1.27.0","bandersnatch","sdist",38
"2026-04-02","1.27.0","conda","sdist",5
"2026-04-02","1.27.0","devpi","bdist_wheel",35
"2026-04-02","1.27.0","pip","bdist_wheel",357603
"2026-04-02","1.27.0","poetry","bdist_wheel",3233
"2026-04-02","1.27.0","requests","bdist_wheel",532
"2026-04-02","1.27.0","uv","bdist_wheel",1275361
"2026-04-02","other","","bdist_wheel",1130
"2026-04-02","other","","sdist",460
"2026-04-02","other","Artifactory","bdist_wheel",40
"2026-04-02","other","Bazel","bdist_wheel",305
"2026-04-02","other","Browser","bdist_wheel",269
"2026-04-02","other","Browser","sdist",2
"2026-04-02","other","Homebrew","sdist",28
"2026-04-02","other","Nexus","bdist_wheel",1067
"2026-04-02","other","bandersnatch","sdist",4
"2026-04-02","other","devpi","bdist_wheel",61
"2026-04-02","other","pip","bdist_wheel",681183
"2026-04-02","other","poetry","bdist_wheel",20998
"2026-04-02","other","requests","bdist_wheel",444
"2026-04-02","other","requests","sdist",185
"2026-04-02","other","uv","bdist_wheel",1937708
"2026-04-03","1.25.0","","bdist_wheel",144
"2026-04-03","1.25.0","Bazel","bdist_wheel",48
"2026-04-03","1.25.0","Browser","bdist_wheel",1
"2026-04-03","1.25.0","Nexus","bdist_wheel",71
"2026-04-03","1.25.0","bandersnatch","bdist_wheel",2
"2026-04-03","1.25.0","devpi","bdist_wheel",1
"2026-04-03","1.25.0","pip","bdist_wheel",31028
"2026-04-03","1.25.0","poetry","bdist_wheel",6629
"2026-04-03","1.25.0","requests","bdist_wheel",75
"2026-04-03","1.25.0","uv","bdist_wheel",195788
"2026-04-03","1.26.0","","bdist_wheel",2892
"2026-04-03","1.26.0","Bazel","bdist_wheel",1207
"2026-04-03","1.26.0","Browser","bdist_wheel",480
"2026-04-03","1.26.0","Nexus","bdist_wheel",401
"2026-04-03","1.26.0","OS","sdist",1
"2026-04-03","1.26.0","bandersnatch","bdist_wheel",2
"2026-04-03","1.26.0","devpi","bdist_wheel",3
"2026-04-03","1.26.0","pip","bdist_wheel",161393
"2026-04-03","1.26.0","poetry","bdist_wheel",26306
"2026-04-03","1.26.0","requests","bdist_wheel",792
"2026-04-03","1.26.0","uv","bdist_wheel",733466
"2026-04-03","1.27.0","","sdist",2641
"2026-04-03","1.27.0","Artifactory","bdist_wheel",3
"2026-04-03","1.27.0","Bazel","bdist_wheel",3
"2026-04-03","1.27.0","Browser","bdist_wheel",542
"2026-04-03","1.27.0","Homebrew","sdist",14
"2026-04-03","1.27.0","Nexus","bdist_wheel",445
"2026-04-03","1.27.0","OS","sdist",11
"2026-04-03","1.27.0","bandersnatch","sdist",30
"2026-04-03","1.27.0","devpi","bdist_wheel",23
"2026-04-03","1.27.0","pip","bdist_wheel",793472
"2026-04-03","1.27.0","poetry","bdist_wheel",7416
"2026-04-03","1.27.0","requests","bdist_wheel",637
"2026-04-03","1.27.0","uv","bdist_wheel",2396226
"2026-04-03","other","","bdist_wheel",681
"2026-04-03","other","","sdist",229
"2026-04-03","other","Bazel","bdist_wheel",600
"2026-04-03","other","Browser","bdist_wheel",155
"2026-04-03","other","Browser","sdist",5
"2026-04-03","other","Homebrew","sdist",13
"2026-04-03","other","Nexus","bdist_wheel",528
"2026-04-03","other","bandersnatch","bdist_wheel",50
"2026-04-03","other","bandersnatch","sdist",52
"2026-04-03","other","devpi","bdist_wheel",11
"2026-04-03","other","pip","bdist_wheel",512070
"2026-04-03","other","poetry","bdist_wheel",14978
"2026-04-03","other","requests","bdist_wheel",362
"2026-04-03","other","requests","sdist",217
"2026-04-03","other","uv","bdist_wheel",1765036
"2026-04-04","1.25.0","","bdist_wheel",29
"2026-04-04","1.25.0","Bazel","bdist_wheel",12
"2026-04-04","1.25.0","Browser","sdist",9
"2026-04-04","1.25.0","Nexus","bdist_wheel",21
"2026-04-04","1.25.0","bandersnatch","bdist_wheel",2
"2026-04-04","1.25.0","pip","bdist_wheel",16461
"2026-04-04","1.25.0","poetry","bdist_wheel",1904
"2026-04-04","1.25.0","requests","bdist_wheel",42
"2026-04-04","1.25.0","uv","bdist_wheel",119861
"2026-04-04","1.26.0","","bdist_wheel",590
"2026-04-04","1.26.0","Bazel","bdist_wheel",263
"2026-04-04","1.26.0","Browser","bdist_wheel",418
"2026-04-04","1.26.0","Nexus","bdist_wheel",124
"2026-04-04","1.26.0","OS","sdist",4
"2026-04-04","1.26.0","bandersnatch","sdist",4
"2026-04-04","1.26.0","pip","bdist_wheel",126938
"2026-04-04","1.26.0","poetry","bdist_wheel",9380
"2026-04-04","1.26.0","requests","bdist_wheel",842
"2026-04-04","1.26.0","uv","bdist_wheel",410034
"2026-04-04","1.27.0","","bdist_wheel",883
"2026-04-04","1.27.0","Bazel","bdist_wheel",2
"2026-04-04","1.27.0","Browser","sdist",91
"2026-04-04","1.27.0","Homebrew","sdist",2
"2026-04-04","1.27.0","Nexus","bdist_wheel",203
"2026-04-04","1.27.0","OS","sdist",4
"2026-04-04","1.27.0","bandersnatch","sdist",14
"2026-04-04","1.27.0","devpi","bdist_wheel",7
"2026-04-04","1.27.0","pip","bdist_wheel",613893
"2026-04-04","1.27.0","poetry","bdist_wheel",2312
"2026-04-04","1.27.0","requests","bdist_wheel",203
"2026-04-04","1.27.0","uv","bdist_wheel",2055809
"2026-04-04","other","","bdist_wheel",265
"2026-04-04","other","","sdist",64
"2026-04-04","other","Bazel","bdist_wheel",20
"2026-04-04","other","Browser","bdist_wheel",81
"2026-04-04","other","Browser","sdist",12
"2026-04-04","other","Homebrew","sdist",5
"2026-04-04","other","Nexus","bdist_wheel",169
"2026-04-04","other","devpi","bdist_wheel",1
"2026-04-04","other","pip","bdist_wheel",309021
"2026-04-04","other","poetry","bdist_wheel",8873
"2026-04-04","other","requests","bdist_wheel",167
"2026-04-04","other","requests","sdist",242
"2026-04-04","other","uv","bdist_wheel",1564550
"2026-04-05","1.25.0","","bdist_wheel",44
"2026-04-05","1.25.0","Bazel","bdist_wheel",9
"2026-04-05","1.25.0","Browser","bdist_wheel",3
"2026-04-05","1.25.0","Nexus","bdist_wheel",23
"2026-04-05","1.25.0","pip","bdist_wheel",16377
"2026-04-05","1.25.0","poetry","bdist_wheel",2319
"2026-04-05","1.25.0","requests","bdist_wheel",191
"2026-04-05","1.25.0","uv","bdist_wheel",114060
"2026-04-05","1.26.0","","bdist_wheel",653
"2026-04-05","1.26.0","Bazel","bdist_wheel",181
"2026-04-05","1.26.0","Browser","bdist_wheel",486
"2026-04-05","1.26.0","Nexus","bdist_wheel",137
"2026-04-05","1.26.0","pip","bdist_wheel",121295
"2026-04-05","1.26.0","poetry","bdist_wheel",10053
"2026-04-05","1.26.0","requests","bdist_wheel",4018
"2026-04-05","1.26.0","uv","bdist_wheel",386304
"2026-04-05","1.27.0","","bdist_wheel",748
"2026-04-05","1.27.0","Browser","bdist_wheel",94
"2026-04-05","1.27.0","Nexus","bdist_wheel",209
"2026-04-05","1.27.0","OS","sdist",7
"2026-04-05","1.27.0","bandersnatch","sdist",8
"2026-04-05","1.27.0","devpi","bdist_wheel",6
"2026-04-05","1.27.0","pip","bdist_wheel",612373
"2026-04-05","1.27.0","poetry","bdist_wheel",2811
"2026-04-05","1.27.0","requests","sdist",151
"2026-04-05","1.27.0","uv","bdist_wheel",1747626
"2026-04-05","other","","bdist_wheel",326
"2026-04-05","other","","sdist",46
"2026-04-05","other","Bazel","bdist_wheel",18
"2026-04-05","other","Browser","bdist_wheel",46
"2026-04-05","other","Browser","sdist",16
"2026-04-05","other","Homebrew","sdist",4
"2026-04-05","other","Nexus","bdist_wheel",298
"2026-04-05","other","OS","sdist",1
"2026-04-05","other","devpi","bdist_wheel",1
"2026-04-05","other","pip","bdist_wheel",345974
"2026-04-05","other","poetry","bdist_wheel",7427
"2026-04-05","other","requests","bdist_wheel",176
"2026-04-05","other","requests","sdist",178
"2026-04-05","other","uv","bdist_wheel",1488621
"2026-04-06","1.25.0","","sdist",199
"2026-04-06","1.25.0","Bazel","bdist_wheel",83
"2026-04-06","1.25.0","Browser","sdist",15
"2026-04-06","1.25.0","Nexus","bdist_wheel",138
"2026-04-06","1.25.0","bandersnatch","bdist_wheel",2
"2026-04-06","1.25.0","pip","bdist_wheel",30012
"2026-04-06","1.25.0","poetry","bdist_wheel",8748
"2026-04-06","1.25.0","requests","bdist_wheel",273
"2026-04-06","1.25.0","uv","bdist_wheel",169110
"2026-04-06","1.26.0","","bdist_wheel",1503
"2026-04-06","1.26.0","Bazel","bdist_wheel",1076
"2026-04-06","1.26.0","Browser","bdist_wheel",898
"2026-04-06","1.26.0","Nexus","bdist_wheel",432
"2026-04-06","1.26.0","OS","sdist",1
"2026-04-06","1.26.0","bandersnatch","bdist_wheel",16
"2026-04-06","1.26.0","pip","bdist_wheel",155573
"2026-04-06","1.26.0","poetry","bdist_wheel",24687
"2026-04-06","1.26.0","requests","bdist_wheel",6406
"2026-04-06","1.26.0","uv","bdist_wheel",725892
"2026-04-06","1.27.0","","bdist_wheel",2084
"2026-04-06","1.27.0","Bazel","bdist_wheel",5
"2026-04-06","1.27.0","Browser","bdist_wheel",131
"2026-04-06","1.27.0","Nexus","bdist_wheel",479
"2026-04-06","1.27.0","OS","sdist",6
"2026-04-06","1.27.0","bandersnatch","bdist_wheel",8
"2026-04-06","1.27.0","devpi","bdist_wheel",11
"2026-04-06","1.27.0","pip","bdist_wheel",815531
"2026-04-06","1.27.0","poetry","bdist_wheel",8092
"2026-04-06","1.27.0","requests","sdist",331
"2026-04-06","1.27.0","uv","bdist_wheel",2317321
"2026-04-06","other","","bdist_wheel",1022
"2026-04-06","other","","sdist",94
"2026-04-06","other","Bazel","bdist_wheel",54
"2026-04-06","other","Browser","bdist_wheel",47
"2026-04-06","other","Browser","sdist",9
"2026-04-06","other","Homebrew","sdist",9
"2026-04-06","other","Nexus","bdist_wheel",783
"2026-04-06","other","bandersnatch","bdist_wheel",26
"2026-04-06","other","bandersnatch","sdist",22
"2026-04-06","other","pip","bdist_wheel",548371
"2026-04-06","other","poetry","bdist_wheel",17553
"2026-04-06","other","requests","bdist_wheel",477
"2026-04-06","other","requests","sdist",208
"2026-04-06","other","uv","bdist_wheel",1742063
"2026-04-07","1.25.0","","bdist_wheel",483
"2026-04-07","1.25.0","Artifactory","bdist_wheel",2
"2026-04-07","1.25.0","Bazel","bdist_wheel",80
"2026-04-07","1.25.0","Browser","sdist",8
"2026-04-07","1.25.0","Nexus","bdist_wheel",109
"2026-04-07","1.25.0","devpi","bdist_wheel",3
"2026-04-07","1.25.0","pip","bdist_wheel",36360
"2026-04-07","1.25.0","poetry","bdist_wheel",8835
"2026-04-07","1.25.0","requests","bdist_wheel",223
"2026-04-07","1.25.0","uv","bdist_wheel",204080
"2026-04-07","1.26.0","","bdist_wheel",2453
"2026-04-07","1.26.0","Artifactory","bdist_wheel",2
"2026-04-07","1.26.0","Bazel","bdist_wheel",1371
"2026-04-07","1.26.0","Browser","bdist_wheel",872
"2026-04-07","1.26.0","Nexus","bdist_wheel",463
"2026-04-07","1.26.0","devpi","bdist_wheel",3
"2026-04-07","1.26.0","pip","bdist_wheel",201101
"2026-04-07","1.26.0","poetry","bdist_wheel",34610
"2026-04-07","1.26.0","requests","bdist_wheel",7463
"2026-04-07","1.26.0","uv","bdist_wheel",882971
"2026-04-07","1.27.0","","bdist_wheel",2926
"2026-04-07","1.27.0","Artifactory","bdist_wheel",3
"2026-04-07","1.27.0","Bazel","bdist_wheel",4
"2026-04-07","1.27.0","Browser","bdist_wheel",172
"2026-04-07","1.27.0","Nexus","bdist_wheel",632
"2026-04-07","1.27.0","OS","sdist",7
"2026-04-07","1.27.0","bandersnatch","sdist",8
"2026-04-07","1.27.0","devpi","bdist_wheel",20
"2026-04-07","1.27.0","pip","bdist_wheel",993771
"2026-04-07","1.27.0","poetry","bdist_wheel",11533
"2026-04-07","1.27.0","requests","bdist_wheel",466
"2026-04-07","1.27.0","uv","bdist_wheel",2314385
"2026-04-07","other","","bdist_wheel",1470
"2026-04-07","other","","sdist",93
"2026-04-07","other","Artifactory","bdist_wheel",40
"2026-04-07","other","Bazel","bdist_wheel",57
"2026-04-07","other","Browser","bdist_wheel",177
"2026-04-07","other","Browser","sdist",6
"2026-04-07","other","Homebrew","sdist",17
"2026-04-07","other","Nexus","bdist_wheel",1244
"2026-04-07","other","devpi","bdist_wheel",26
"2026-04-07","other","devpi","sdist",3
"2026-04-07","other","pip","bdist_wheel",711501
"2026-04-07","other","poetry","bdist_wheel",24023
"2026-04-07","other","requests","bdist_wheel",319
"2026-04-07","other","requests","sdist",30
"2026-04-07","other","uv","bdist_wheel",1879729
"2026-04-08","1.25.0","","bdist_wheel",348
"2026-04-08","1.25.0","Bazel","bdist_wheel",72
"2026-04-08","1.25.0","Browser","bdist_wheel",5
"2026-04-08","1.25.0","Homebrew","sdist",22
"2026-04-08","1.25.0","Nexus","bdist_wheel",110
"2026-04-08","1.25.0","bandersnatch","sdist",2
"2026-04-08","1.25.0","devpi","bdist_wheel",1
"2026-04-08","1.25.0","pip","bdist_wheel",40539
"2026-04-08","1.25.0","poetry","bdist_wheel",10056
"2026-04-08","1.25.0","requests","bdist_wheel",120
"2026-04-08","1.25.0","uv","bdist_wheel",215878
"2026-04-08","1.26.0","","sdist",2913
"2026-04-08","1.26.0","Bazel","bdist_wheel",1313
"2026-04-08","1.26.0","Browser","bdist_wheel",974
"2026-04-08","1.26.0","Nexus","bdist_wheel",418
"2026-04-08","1.26.0","OS","sdist",1
"2026-04-08","1.26.0","bandersnatch","sdist",2
"2026-04-08","1.26.0","devpi","bdist_wheel",4
"2026-04-08","1.26.0","pip","bdist_wheel",225534
"2026-04-08","1.26.0","poetry","bdist_wheel",34696
"2026-04-08","1.26.0","requests","bdist_wheel",5458
"2026-04-08","1.26.0","uv","bdist_wheel",882813
"2026-04-08","1.27.0","","bdist_wheel",2800
"2026-04-08","1.27.0","Artifactory","bdist_wheel",1
"2026-04-08","1.27.0","Bazel","bdist_wheel",3
"2026-04-08","1.27.0","Browser","bdist_wheel",179
"2026-04-08","1.27.0","Nexus","bdist_wheel",619
"2026-04-08","1.27.0","OS","sdist",1
"2026-04-08","1.27.0","bandersnatch","bdist_wheel",5
"2026-04-08","1.27.0","devpi","bdist_wheel",21
"2026-04-08","1.27.0","pip","bdist_wheel",1074832
"2026-04-08","1.27.0","poetry","bdist_wheel",14241
"2026-04-08","1.27.0","requests","bdist_wheel",732
"2026-04-08","1.27.0","uv","bdist_wheel",3662636
"2026-04-08","other","","bdist_wheel",1445
"2026-04-08","other","","sdist",74
"2026-04-08","other","Bazel","bdist_wheel",57
"2026-04-08","other","Bazel","sdist",2
"2026-04-08","other","Browser","bdist_wheel",307
"2026-04-08","other","Browser","sdist",11
"2026-04-08","other","Homebrew","sdist",9
"2026-04-08","other","Nexus","bdist_wheel",1134
"2026-04-08","other","bandersnatch","bdist_wheel",4
"2026-04-08","other","devpi","bdist_wheel",49
"2026-04-08","other","pip","bdist_wheel",702480
"2026-04-08","other","poetry","bdist_wheel",25545
"2026-04-08","other","requests","bdist_wheel",368
"2026-04-08","other","requests","sdist",68
"2026-04-08","other","uv","bdist_wheel",1901075
"2026-04-09","1.25.0","","bdist_wheel",432
"2026-04-09","1.25.0","Bazel","bdist_wheel",77
"2026-04-09","1.25.0","Browser","bdist_wheel",1
"2026-04-09","1.25.0","Nexus","bdist_wheel",93
"2026-04-09","1.25.0","bandersnatch","bdist_wheel",4
"2026-04-09","1.25.0","pip","bdist_wheel",50649
"2026-04-09","1.25.0","poetry","bdist_wheel",7574
"2026-04-09","1.25.0","requests","bdist_wheel",239
"2026-04-09","1.25.0","uv","bdist_wheel",219287
"2026-04-09","1.26.0","","bdist_wheel",2601
"2026-04-09","1.26.0","Bazel","bdist_wheel",1516
"2026-04-09","1.26.0","Browser","bdist_wheel",621
"2026-04-09","1.26.0","Homebrew","sdist",2
"2026-04-09","1.26.0","Nexus","bdist_wheel",422
"2026-04-09","1.26.0","bandersnatch","bdist_wheel",4
"2026-04-09","1.26.0","devpi","bdist_wheel",2
"2026-04-09","1.26.0","pip","bdist_wheel",189373
"2026-04-09","1.26.0","poetry","bdist_wheel",38596
"2026-04-09","1.26.0","requests","bdist_wheel",7675
"2026-04-09","1.26.0","uv","bdist_wheel",929153
"2026-04-09","1.27.0","","bdist_wheel",3221
"2026-04-09","1.27.0","Artifactory","bdist_wheel",1
"2026-04-09","1.27.0","Bazel","bdist_wheel",4
"2026-04-09","1.27.0","Browser","bdist_wheel",181
"2026-04-09","1.27.0","Homebrew","sdist",9
"2026-04-09","1.27.0","Nexus","bdist_wheel",640
"2026-04-09","1.27.0","OS","sdist",5
"2026-04-09","1.27.0","bandersnatch","sdist",8
"2026-04-09","1.27.0","devpi","bdist_wheel",16
"2026-04-09","1.27.0","pdm","bdist_wheel",2
"2026-04-09","1.27.0","pip","bdist_wheel",992932
"2026-04-09","1.27.0","poetry","bdist_wheel",14723
"2026-04-09","1.27.0","requests","bdist_wheel",658
"2026-04-09","1.27.0","uv","bdist_wheel",3477820
"2026-04-09","other","","bdist_wheel",1431
"2026-04-09","other","","sdist",146
"2026-04-09","other","Bazel","bdist_wheel",146
"2026-04-09","other","Browser","bdist_wheel",187
"2026-04-09","other","Browser","sdist",7
"2026-04-09","other","Homebrew","sdist",8
"2026-04-09","other","Nexus","bdist_wheel",989
"2026-04-09","other","bandersnatch","bdist_wheel",76
"2026-04-09","other","bandersnatch","sdist",128
"2026-04-09","other","devpi","bdist_wheel",4
"2026-04-09","other","pip","bdist_wheel",646876
"2026-04-09","other","poetry","bdist_wheel",26297
"2026-04-09","other","requests","bdist_wheel",287
"2026-04-09","other","requests","sdist",21
"2026-04-09","other","uv","bdist_wheel",1958009
"2026-04-10","1.25.0","","bdist_wheel",251
"2026-04-10","1.25.0","Bazel","bdist_wheel",79
"2026-04-10","1.25.0","Browser","sdist",1
"2026-04-10","1.25.0","Homebrew","sdist",2
"2026-04-10","1.25.0","Nexus","bdist_wheel",117
"2026-04-10","1.25.0","bandersnatch","bdist_wheel",4
"2026-04-10","1.25.0","pip","bdist_wheel",39425
"2026-04-10","1.25.0","poetry","bdist_wheel",6795
"2026-04-10","1.25.0","requests","bdist_wheel",62
"2026-04-10","1.25.0","uv","bdist_wheel",200650
"2026-04-10","1.26.0","","bdist_wheel",2345
"2026-04-10","1.26.0","Bazel","bdist_wheel",1032
"2026-04-10","1.26.0","Browser","bdist_wheel",790
"2026-04-10","1.26.0","Homebrew","sdist",2
"2026-04-10","1.26.0","Nexus","bdist_wheel",499
"2026-04-10","1.26.0","OS","sdist",2
"2026-04-10","1.26.0","bandersnatch","bdist_wheel",4
"2026-04-10","1.26.0","pip","bdist_wheel",199753
"2026-04-10","1.26.0","poetry","bdist_wheel",30036
"2026-04-10","1.26.0","requests","bdist_wheel",2958
"2026-04-10","1.26.0","uv","bdist_wheel",817107
"2026-04-10","1.27.0","","bdist_wheel",3335
"2026-04-10","1.27.0","Bazel","bdist_wheel",2
"2026-04-10","1.27.0","Browser","bdist_wheel",144
"2026-04-10","1.27.0","Homebrew","sdist",102
"2026-04-10","1.27.0","Nexus","bdist_wheel",613
"2026-04-10","1.27.0","OS","sdist",2
"2026-04-10","1.27.0","bandersnatch","sdist",6
"2026-04-10","1.27.0","devpi","bdist_wheel",18
"2026-04-10","1.27.0","pip","bdist_wheel",910995
"2026-04-10","1.27.0","poetry","bdist_wheel",15756
"2026-04-10","1.27.0","requests","bdist_wheel",727
"2026-04-10","1.27.0","uv","bdist_wheel",2633205
"2026-04-10","other","","bdist_wheel",1525
"2026-04-10","other","","sdist",406
"2026-04-10","other","Bazel","bdist_wheel",134
"2026-04-10","other","Browser","bdist_wheel",172
"2026-04-10","other","Browser","sdist",18
"2026-04-10","other","Homebrew","sdist",4
"2026-04-10","other","Nexus","bdist_wheel",1256
"2026-04-10","other","bandersnatch","bdist_wheel",88
"2026-04-10","other","bandersnatch","sdist",62
"2026-04-10","other","devpi","bdist_wheel",1
"2026-04-10","other","devpi","sdist",1
"2026-04-10","other","pip","bdist_wheel",606686
"2026-04-10","other","poetry","bdist_wheel",21479
"2026-04-10","other","requests","bdist_wheel",282
"2026-04-10","other","requests","sdist",21
"2026-04-10","other","uv","bdist_wheel",1888811
"2026-04-11","1.25.0","","bdist_wheel",71
"2026-04-11","1.25.0","Bazel","bdist_wheel",11
"2026-04-11","1.25.0","Browser","bdist_wheel",23
"2026-04-11","1.25.0","Homebrew","sdist",13
"2026-04-11","1.25.0","Nexus","bdist_wheel",11
"2026-04-11","1.25.0","pip","bdist_wheel",16593
"2026-04-11","1.25.0","poetry","bdist_wheel",2017
"2026-04-11","1.25.0","requests","bdist_wheel",69
"2026-04-11","1.25.0","uv","bdist_wheel",120949
"2026-04-11","1.26.0","","bdist_wheel",513
"2026-04-11","1.26.0","Bazel","bdist_wheel",258
"2026-04-11","1.26.0","Browser","bdist_wheel",1196
"2026-04-11","1.26.0","Nexus","bdist_wheel",103
"2026-04-11","1.26.0","devpi","bdist_wheel",4
"2026-04-11","1.26.0","pip","bdist_wheel",165989
"2026-04-11","1.26.0","poetry","bdist_wheel",10608
"2026-04-11","1.26.0","requests","bdist_wheel",806
"2026-04-11","1.26.0","uv","bdist_wheel",395681
"2026-04-11","1.27.0","","bdist_wheel",922
"2026-04-11","1.27.0","Bazel","bdist_wheel",3
"2026-04-11","1.27.0","Browser","bdist_wheel",83
"2026-04-11","1.27.0","Homebrew","sdist",19
"2026-04-11","1.27.0","Nexus","bdist_wheel",204
"2026-04-11","1.27.0","OS","sdist",2
"2026-04-11","1.27.0","bandersnatch","sdist",2
"2026-04-11","1.27.0","devpi","bdist_wheel",5
"2026-04-11","1.27.0","pip","bdist_wheel",639012
"2026-04-11","1.27.0","poetry","bdist_wheel",4737
"2026-04-11","1.27.0","requests","bdist_wheel",203
"2026-04-11","1.27.0","uv","bdist_wheel",2773733
"2026-04-11","other","","bdist_wheel",580
"2026-04-11","other","","sdist",149
"2026-04-11","other","Bazel","bdist_wheel",60
"2026-04-11","other","Browser","bdist_wheel",78
"2026-04-11","other","Browser","sdist",37
"2026-04-11","other","Homebrew","sdist",6
"2026-04-11","other","Nexus","bdist_wheel",102
"2026-04-11","other","pip","bdist_wheel",349811
"2026-04-11","other","poetry","bdist_wheel",8783
"2026-04-11","other","requests","bdist_wheel",65
"2026-04-11","other","requests","sdist",28
"2026-04-11","other","uv","bdist_wheel",1519355
"2026-04-12","1.25.0","","bdist_wheel",36
"2026-04-12","1.25.0","Bazel","bdist_wheel",5
"2026-04-12","1.25.0","Browser","sdist",28
"2026-04-12","1.25.0","Nexus","bdist_wheel",23
"2026-04-12","1.25.0","bandersnatch","bdist_wheel",2
"2026-04-12","1.25.0","pip","bdist_wheel",17408
"2026-04-12","1.25.0","poetry","bdist_wheel",3607
"2026-04-12","1.25.0","requests","bdist_wheel",233
"2026-04-12","1.25.0","uv","bdist_wheel",130491
"2026-04-12","1.26.0","","bdist_wheel",579
"2026-04-12","1.26.0","Bazel","bdist_wheel",228
"2026-04-12","1.26.0","Browser","bdist_wheel",813
"2026-04-12","1.26.0","Nexus","bdist_wheel",112
"2026-04-12","1.26.0","bandersnatch","sdist",2
"2026-04-12","1.26.0","devpi","bdist_wheel",2
"2026-04-12","1.26.0","pip","bdist_wheel",177340
"2026-04-12","1.26.0","poetry","bdist_wheel",11227
"2026-04-12","1.26.0","requests","bdist_wheel",6956
"2026-04-12","1.26.0","uv","bdist_wheel",411522
"2026-04-12","1.27.0","","bdist_wheel",1072
"2026-04-12","1.27.0","Browser","bdist_wheel",81
"2026-04-12","1.27.0","Homebrew","sdist",34
"2026-04-12","1.27.0","Nexus","bdist_wheel",196
"2026-04-12","1.27.0","OS","sdist",2
"2026-04-12","1.27.0","bandersnatch","bdist_wheel",4
"2026-04-12","1.27.0","devpi","bdist_wheel",2
"2026-04-12","1.27.0","pip","bdist_wheel",664698
"2026-04-12","1.27.0","poetry","bdist_wheel",4398
"2026-04-12","1.27.0","requests","bdist_wheel",118
"2026-04-12","1.27.0","uv","bdist_wheel",5491378
"2026-04-12","other","","bdist_wheel",489
"2026-04-12","other","","sdist",90
"2026-04-12","other","Bazel","bdist_wheel",32
"2026-04-12","other","Browser","bdist_wheel",151
"2026-04-12","other","Browser","sdist",15
"2026-04-12","other","Homebrew","sdist",5
"2026-04-12","other","Nexus","bdist_wheel",179
"2026-04-12","other","OS","sdist",1
"2026-04-12","other","bandersnatch","bdist_wheel",6
"2026-04-12","other","devpi","bdist_wheel",1
"2026-04-12","other","pip","bdist_wheel",297372
"2026-04-12","other","poetry","bdist_wheel",8320
"2026-04-12","other","requests","bdist_wheel",56
"2026-04-12","other","requests","sdist",7
"2026-04-12","other","uv","bdist_wheel",1504422
"2026-04-13","1.25.0","","bdist_wheel",280
"2026-04-13","1.25.0","Bazel","bdist_wheel",64
"2026-04-13","1.25.0","Browser","bdist_wheel",18
"2026-04-13","1.25.0","Nexus","bdist_wheel",105
"2026-04-13","1.25.0","bandersnatch","sdist",2
"2026-04-13","1.25.0","devpi","bdist_wheel",1
"2026-04-13","1.25.0","pip","bdist_wheel",42181
"2026-04-13","1.25.0","poetry","bdist_wheel",7543
"2026-04-13","1.25.0","requests","bdist_wheel",311
"2026-04-13","1.25.0","uv","bdist_wheel",211926
"2026-04-13","1.26.0","","bdist_wheel",2610
"2026-04-13","1.26.0","Artifactory","bdist_wheel",2
"2026-04-13","1.26.0","Bazel","bdist_wheel",1315
"2026-04-13","1.26.0","Browser","bdist_wheel",1427
"2026-04-13","1.26.0","Nexus","bdist_wheel",505
"2026-04-13","1.26.0","bandersnatch","bdist_wheel",2
"2026-04-13","1.26.0","devpi","bdist_wheel",1
"2026-04-13","1.26.0","pip","bdist_wheel",215948
"2026-04-13","1.26.0","poetry","bdist_wheel",35176
"2026-04-13","1.26.0","requests","bdist_wheel",8773
"2026-04-13","1.26.0","uv","bdist_wheel",780353
"2026-04-13","1.27.0","","bdist_wheel",3756
"2026-04-13","1.27.0","Artifactory","bdist_wheel",2
"2026-04-13","1.27.0","Bazel","bdist_wheel",3
"2026-04-13","1.27.0","Browser","bdist_wheel",151
"2026-04-13","1.27.0","Nexus","bdist_wheel",624
"2026-04-13","1.27.0","OS","sdist",3
"2026-04-13","1.27.0","bandersnatch","bdist_wheel",12
"2026-04-13","1.27.0","devpi","bdist_wheel",9
"2026-04-13","1.27.0","pip","bdist_wheel",1012222
"2026-04-13","1.27.0","poetry","bdist_wheel",17771
"2026-04-13","1.27.0","requests","bdist_wheel",535
"2026-04-13","1.27.0","uv","bdist_wheel",5060515
"2026-04-13","other","","bdist_wheel",1179
"2026-04-13","other","","sdist",471
"2026-04-13","other","Bazel","bdist_wheel",74
"2026-04-13","other","Bazel","sdist",34
"2026-04-13","other","Browser","bdist_wheel",154
"2026-04-13","other","Browser","sdist",5
"2026-04-13","other","Homebrew","sdist",36
"2026-04-13","other","Nexus","bdist_wheel",1130
"2026-04-13","other","bandersnatch","bdist_wheel",34
"2026-04-13","other","bandersnatch","sdist",40
"2026-04-13","other","devpi","bdist_wheel",3
"2026-04-13","other","pip","bdist_wheel",620595
"2026-04-13","other","poetry","bdist_wheel",20637
"2026-04-13","other","requests","bdist_wheel",321
"2026-04-13","other","requests","sdist",8
"2026-04-13","other","uv","bdist_wheel",1758183
"2026-04-14","1.25.0","","bdist_wheel",363
"2026-04-14","1.25.0","Bazel","bdist_wheel",79
"2026-04-14","1.25.0","Browser","bdist_wheel",4
"2026-04-14","1.25.0","Nexus","bdist_wheel",119
"2026-04-14","1.25.0","bandersnatch","bdist_wheel",2
"2026-04-14","1.25.0","devpi","bdist_wheel",2
"2026-04-14","1.25.0","pip","bdist_wheel",39636
"2026-04-14","1.25.0","poetry","bdist_wheel",9947
"2026-04-14","1.25.0","requests","bdist_wheel",342
"2026-04-14","1.25.0","uv","bdist_wheel",234843
"2026-04-14","1.26.0","","bdist_wheel",2972
"2026-04-14","1.26.0","Bazel","bdist_wheel",1507
"2026-04-14","1.26.0","Browser","bdist_wheel",1378
"2026-04-14","1.26.0","Nexus","bdist_wheel",632
"2026-04-14","1.26.0","bandersnatch","bdist_wheel",2
"2026-04-14","1.26.0","devpi","bdist_wheel",4
"2026-04-14","1.26.0","pip","bdist_wheel",212836
"2026-04-14","1.26.0","poetry","bdist_wheel",35272
"2026-04-14","1.26.0","requests","bdist_wheel",5022
"2026-04-14","1.26.0","uv","bdist_wheel",857207
"2026-04-14","1.27.0","","bdist_wheel",3529
"2026-04-14","1.27.0","Artifactory","bdist_wheel",3
"2026-04-14","1.27.0","Bazel","bdist_wheel",16
"2026-04-14","1.27.0","Browser","bdist_wheel",121
"2026-04-14","1.27.0","Homebrew","sdist",40
"2026-04-14","1.27.0","Nexus","bdist_wheel",677
"2026-04-14","1.27.0","OS","sdist",3
"2026-04-14","1.27.0","bandersnatch","bdist_wheel",2
"2026-04-14","1.27.0","devpi","bdist_wheel",14
"2026-04-14","1.27.0","pip","bdist_wheel",981904
"2026-04-14","1.27.0","poetry","bdist_wheel",19281
"2026-04-14","1.27.0","requests","bdist_wheel",525
"2026-04-14","1.27.0","setuptools","bdist_wheel",1
"2026-04-14","1.27.0","uv","bdist_wheel",5692968
"2026-04-14","other","","bdist_wheel",1899
"2026-04-14","other","","sdist",186
"2026-04-14","other","Artifactory","bdist_wheel",2
"2026-04-14","other","Bazel","bdist_wheel",94
"2026-04-14","other","Browser","bdist_wheel",169
"2026-04-14","other","Browser","sdist",2
"2026-04-14","other","Homebrew","sdist",49
"2026-04-14","other","Nexus","bdist_wheel",962
"2026-04-14","other","bandersnatch","bdist_wheel",52
"2026-04-14","other","bandersnatch","sdist",50
"2026-04-14","other","devpi","bdist_wheel",47
"2026-04-14","other","pip","bdist_wheel",626925
"2026-04-14","other","poetry","bdist_wheel",21569
"2026-04-14","other","requests","bdist_wheel",440
"2026-04-14","other","uv","bdist_wheel",1881144
"2026-04-15","1.25.0","","bdist_wheel",426
"2026-04-15","1.25.0","Bazel","bdist_wheel",56
"2026-04-15","1.25.0","Browser","sdist",5
"2026-04-15","1.25.0","Homebrew","sdist",13
"2026-04-15","1.25.0","Nexus","bdist_wheel",137
"2026-04-15","1.25.0","bandersnatch","bdist_wheel",6
"2026-04-15","1.25.0","pip","bdist_wheel",41464
"2026-04-15","1.25.0","poetry","bdist_wheel",9535
"2026-04-15","1.25.0","requests","bdist_wheel",387
"2026-04-15","1.25.0","uv","bdist_wheel",231063
"2026-04-15","1.26.0","","bdist_wheel",2932
"2026-04-15","1.26.0","Bazel","bdist_wheel",1548
"2026-04-15","1.26.0","Browser","bdist_wheel",978
"2026-04-15","1.26.0","Nexus","bdist_wheel",419
"2026-04-15","1.26.0","bandersnatch","bdist_wheel",6
"2026-04-15","1.26.0","devpi","bdist_wheel",3
"2026-04-15","1.26.0","pip","bdist_wheel",169992
"2026-04-15","1.26.0","poetry","bdist_wheel",32716
"2026-04-15","1.26.0","requests","bdist_wheel",4186
"2026-04-15","1.26.0","uv","bdist_wheel",927163
"2026-04-15","1.27.0","","bdist_wheel",3116
"2026-04-15","1.27.0","Bazel","bdist_wheel",26
"2026-04-15","1.27.0","Browser","bdist_wheel",144
"2026-04-15","1.27.0","Homebrew","sdist",28
"2026-04-15","1.27.0","Nexus","bdist_wheel",622
"2026-04-15","1.27.0","OS","sdist",1
"2026-04-15","1.27.0","bandersnatch","sdist",12
"2026-04-15","1.27.0","devpi","sdist",10
"2026-04-15","1.27.0","pip","bdist_wheel",960223
"2026-04-15","1.27.0","poetry","bdist_wheel",18524
"2026-04-15","1.27.0","requests","bdist_wheel",622
"2026-04-15","1.27.0","setuptools","bdist_wheel",2
"2026-04-15","1.27.0","uv","bdist_wheel",4181373
"2026-04-15","other","","bdist_wheel",1883
"2026-04-15","other","","sdist",47
"2026-04-15","other","Bazel","bdist_wheel",83
"2026-04-15","other","Bazel","sdist",6
"2026-04-15","other","Browser","bdist_wheel",172
"2026-04-15","other","Browser","sdist",21
"2026-04-15","other","Homebrew","sdist",17
"2026-04-15","other","Nexus","bdist_wheel",807
"2026-04-15","other","bandersnatch","bdist_wheel",54
"2026-04-15","other","bandersnatch","sdist",48
"2026-04-15","other","devpi","bdist_wheel",34
"2026-04-15","other","pip","bdist_wheel",686014
"2026-04-15","other","poetry","bdist_wheel",24771
"2026-04-15","other","requests","bdist_wheel",446
"2026-04-15","other","uv","bdist_wheel",1902844
"2026-04-16","1.25.0","","bdist_wheel",349
"2026-04-16","1.25.0","Bazel","bdist_wheel",77
"2026-04-16","1.25.0","Browser","bdist_wheel",18
"2026-04-16","1.25.0","Nexus","bdist_wheel",261
"2026-04-16","1.25.0","bandersnatch","bdist_wheel",6
"2026-04-16","1.25.0","devpi","bdist_wheel",1
"2026-04-16","1.25.0","pip","bdist_wheel",38790
"2026-04-16","1.25.0","poetry","bdist_wheel",9527
"2026-04-16","1.25.0","requests","bdist_wheel",293
"2026-04-16","1.25.0","uv","bdist_wheel",221469
"2026-04-16","1.26.0","","bdist_wheel",3545
"2026-04-16","1.26.0","Bazel","bdist_wheel",1553
"2026-04-16","1.26.0","Browser","bdist_wheel",1034
"2026-04-16","1.26.0","Nexus","bdist_wheel",460
"2026-04-16","1.26.0","bandersnatch","sdist",10
"2026-04-16","1.26.0","devpi","bdist_wheel",3
"2026-04-16","1.26.0","pip","bdist_wheel",172838
"2026-04-16","1.26.0","poetry","bdist_wheel",32550
"2026-04-16","1.26.0","requests","bdist_wheel",4235
"2026-04-16","1.26.0","uv","bdist_wheel",914399
"2026-04-16","1.27.0","","bdist_wheel",3517
"2026-04-16","1.27.0","Bazel","bdist_wheel",16
"2026-04-16","1.27.0","Browser","bdist_wheel",213
"2026-04-16","1.27.0","Homebrew","sdist",71
"2026-04-16","1.27.0","Nexus","bdist_wheel",652
"2026-04-16","1.27.0","OS","sdist",1
"2026-04-16","1.27.0","bandersnatch","bdist_wheel",9
"2026-04-16","1.27.0","devpi","bdist_wheel",8
"2026-04-16","1.27.0","pip","bdist_wheel",1005668
"2026-04-16","1.27.0","poetry","bdist_wheel",20311
"2026-04-16","1.27.0","requests","bdist_wheel",504
"2026-04-16","1.27.0","uv","bdist_wheel",3388899
"2026-04-16","other","","bdist_wheel",1462
"2026-04-16","other","","sdist",80
"2026-04-16","other","Bazel","bdist_wheel",88
"2026-04-16","other","Browser","bdist_wheel",211
"2026-04-16","other","Browser","sdist",68
"2026-04-16","other","Homebrew","sdist",23
"2026-04-16","other","Nexus","bdist_wheel",909
"2026-04-16","other","bandersnatch","bdist_wheel",161
"2026-04-16","other","bandersnatch","sdist",169
"2026-04-16","other","devpi","bdist_wheel",21
"2026-04-16","other","pip","bdist_wheel",618994
"2026-04-16","other","poetry","bdist_wheel",24204
"2026-04-16","other","requests","bdist_wheel",381
"2026-04-16","other","requests","sdist",11
"2026-04-16","other","uv","bdist_wheel",1879992
"2026-04-17","1.25.0","","bdist_wheel",240
"2026-04-17","1.25.0","Bazel","bdist_wheel",80
"2026-04-17","1.25.0","Browser","bdist_wheel",10
"2026-04-17","1.25.0","Nexus","bdist_wheel",178
"2026-04-17","1.25.0","bandersnatch","bdist_wheel",2
"2026-04-17","1.25.0","pip","bdist_wheel",35460
"2026-04-17","1.25.0","poetry","bdist_wheel",9046
"2026-04-17","1.25.0","requests","bdist_wheel",87
"2026-04-17","1.25.0","uv","bdist_wheel",224536
"2026-04-17","1.26.0","","bdist_wheel",2032
"2026-04-17","1.26.0","Bazel","bdist_wheel",1491
"2026-04-17","1.26.0","Browser","bdist_wheel",885
"2026-04-17","1.26.0","Nexus","bdist_wheel",418
"2026-04-17","1.26.0","bandersnatch","bdist_wheel",2
"2026-04-17","1.26.0","devpi","bdist_wheel",2
"2026-04-17","1.26.0","pip","bdist_wheel",175879
"2026-04-17","1.26.0","poetry","bdist_wheel",28101
"2026-04-17","1.26.0","requests","bdist_wheel",1146
"2026-04-17","1.26.0","uv","bdist_wheel",837402
"2026-04-17","1.27.0","","bdist_wheel",3894
"2026-04-17","1.27.0","Bazel","bdist_wheel",19
"2026-04-17","1.27.0","Browser","bdist_wheel",122
"2026-04-17","1.27.0","Homebrew","sdist",81
"2026-04-17","1.27.0","Nexus","bdist_wheel",622
"2026-04-17","1.27.0","OS","sdist",2
"2026-04-17","1.27.0","bandersnatch","sdist",6
"2026-04-17","1.27.0","devpi","bdist_wheel",7
"2026-04-17","1.27.0","pip","bdist_wheel",945722
"2026-04-17","1.27.0","poetry","bdist_wheel",21938
"2026-04-17","1.27.0","requests","sdist",514
"2026-04-17","1.27.0","uv","bdist_wheel",4684768
"2026-04-17","other","","bdist_wheel",1240
"2026-04-17","other","","sdist",437
"2026-04-17","other","Bazel","bdist_wheel",83
"2026-04-17","other","Bazel","sdist",14
"2026-04-17","other","Browser","bdist_wheel",296
"2026-04-17","other","Browser","sdist",3
"2026-04-17","other","Homebrew","sdist",32
"2026-04-17","other","Nexus","bdist_wheel",1138
"2026-04-17","other","bandersnatch","bdist_wheel",46
"2026-04-17","other","bandersnatch","sdist",56
"2026-04-17","other","devpi","bdist_wheel",2
"2026-04-17","other","pip","bdist_wheel",621841
"2026-04-17","other","poetry","bdist_wheel",17349
"2026-04-17","other","requests","bdist_wheel",275
"2026-04-17","other","requests","sdist",11
"2026-04-17","other","setuptools","bdist_wheel",1
"2026-04-17","other","uv","bdist_wheel",1838416
"2026-04-18","1.25.0","","bdist_wheel",39
"2026-04-18","1.25.0","Bazel","bdist_wheel",7
"2026-04-18","1.25.0","Browser","bdist_wheel",1
"2026-04-18","1.25.0","Nexus","bdist_wheel",23
"2026-04-18","1.25.0","bandersnatch","bdist_wheel",2
"2026-04-18","1.25.0","devpi","bdist_wheel",1
"2026-04-18","1.25.0","pip","bdist_wheel",21381
"2026-04-18","1.25.0","poetry","bdist_wheel",2251
"2026-04-18","1.25.0","requests","bdist_wheel",32
"2026-04-18","1.25.0","uv","bdist_wheel",137858
"2026-04-18","1.26.0","","sdist",522
"2026-04-18","1.26.0","Bazel","bdist_wheel",291
"2026-04-18","1.26.0","Browser","bdist_wheel",695
"2026-04-18","1.26.0","Nexus","bdist_wheel",84
"2026-04-18","1.26.0","bandersnatch","sdist",2
"2026-04-18","1.26.0","devpi","bdist_wheel",3
"2026-04-18","1.26.0","pip","bdist_wheel",124960
"2026-04-18","1.26.0","poetry","bdist_wheel",7167
"2026-04-18","1.26.0","requests","bdist_wheel",763
"2026-04-18","1.26.0","uv","bdist_wheel",392275
"2026-04-18","1.27.0","","bdist_wheel",1307
"2026-04-18","1.27.0","Bazel","bdist_wheel",2
"2026-04-18","1.27.0","Browser","bdist_wheel",58
"2026-04-18","1.27.0","Homebrew","sdist",2
"2026-04-18","1.27.0","Nexus","bdist_wheel",194
"2026-04-18","1.27.0","OS","sdist",1
"2026-04-18","1.27.0","bandersnatch","sdist",2
"2026-04-18","1.27.0","devpi","bdist_wheel",6
"2026-04-18","1.27.0","pip","bdist_wheel",627677
"2026-04-18","1.27.0","pip​","bdist_wheel",27
"2026-04-18","1.27.0","poetry","bdist_wheel",5926
"2026-04-18","1.27.0","requests","sdist",92
"2026-04-18","1.27.0","uv","bdist_wheel",4439556
"2026-04-18","other","","bdist_wheel",280
"2026-04-18","other","","sdist",79
"2026-04-18","other","Bazel","bdist_wheel",26
"2026-04-18","other","Browser","bdist_wheel",84
"2026-04-18","other","Browser","sdist",7
"2026-04-18","other","Homebrew","sdist",20
"2026-04-18","other","Nexus","bdist_wheel",114
"2026-04-18","other","devpi","bdist_wheel",20
"2026-04-18","other","pip","bdist_wheel",383126
"2026-04-18","other","pip​","bdist_wheel",3
"2026-04-18","other","poetry","bdist_wheel",8434
"2026-04-18","other","requests","bdist_wheel",28
"2026-04-18","other","requests","sdist",5
"2026-04-18","other","uv","bdist_wheel",1473086
"2026-04-19","1.25.0","","bdist_wheel",51
"2026-04-19","1.25.0","Bazel","bdist_wheel",13
"2026-04-19","1.25.0","Browser","bdist_wheel",4
"2026-04-19","1.25.0","Nexus","bdist_wheel",27
"2026-04-19","1.25.0","bandersnatch","bdist_wheel",2
"2026-04-19","1.25.0","pip","bdist_wheel",19348
"2026-04-19","1.25.0","poetry","bdist_wheel",1938
"2026-04-19","1.25.0","requests","bdist_wheel",211
"2026-04-19","1.25.0","uv","bdist_wheel",120559
"2026-04-19","1.26.0","","bdist_wheel",626
"2026-04-19","1.26.0","Bazel","bdist_wheel",256
"2026-04-19","1.26.0","Browser","bdist_wheel",685
"2026-04-19","1.26.0","Nexus","bdist_wheel",97
"2026-04-19","1.26.0","bandersnatch","bdist_wheel",2
"2026-04-19","1.26.0","pip","bdist_wheel",132218
"2026-04-19","1.26.0","poetry","bdist_wheel",9729
"2026-04-19","1.26.0","requests","bdist_wheel",2066
"2026-04-19","1.26.0","uv","bdist_wheel",383177
"2026-04-19","1.27.0","","bdist_wheel",1098
"2026-04-19","1.27.0","Bazel","bdist_wheel",3
"2026-04-19","1.27.0","Browser","bdist_wheel",65
"2026-04-19","1.27.0","Homebrew","sdist",1
"2026-04-19","1.27.0","Nexus","bdist_wheel",262
"2026-04-19","1.27.0","OS","sdist",4
"2026-04-19","1.27.0","bandersnatch","sdist",4
"2026-04-19","1.27.0","devpi","bdist_wheel",2
"2026-04-19","1.27.0","pip","bdist_wheel",654400
"2026-04-19","1.27.0","poetry","bdist_wheel",5236
"2026-04-19","1.27.0","requests","bdist_wheel",137
"2026-04-19","1.27.0","uv","bdist_wheel",4438612
"2026-04-19","other","","bdist_wheel",561
"2026-04-19","other","","sdist",51
"2026-04-19","other","Bazel","bdist_wheel",17
"2026-04-19","other","Browser","bdist_wheel",116
"2026-04-19","other","Browser","sdist",5
"2026-04-19","other","Homebrew","sdist",9
"2026-04-19","other","Nexus","bdist_wheel",215
"2026-04-19","other","OS","sdist",1
"2026-04-19","other","bandersnatch","bdist_wheel",6
"2026-04-19","other","bandersnatch","sdist",4
"2026-04-19","other","devpi","bdist_wheel",2
"2026-04-19","other","pip","bdist_wheel",332823
"2026-04-19","other","poetry","bdist_wheel",9048
"2026-04-19","other","requests","bdist_wheel",31
"2026-04-19","other","requests","sdist",6
"2026-04-19","other","uv","bdist_wheel",1543420
"2026-04-20","1.25.0","","bdist_wheel",413
"2026-04-20","1.25.0","Bazel","bdist_wheel",71
"2026-04-20","1.25.0","Browser","bdist_wheel",15
"2026-04-20","1.25.0","Homebrew","sdist",2
"2026-04-20","1.25.0","Nexus","bdist_wheel",251
"2026-04-20","1.25.0","bandersnatch","bdist_wheel",2
"2026-04-20","1.25.0","pip","bdist_wheel",46195
"2026-04-20","1.25.0","poetry","bdist_wheel",6787
"2026-04-20","1.25.0","requests","bdist_wheel",237
"2026-04-20","1.25.0","uv","bdist_wheel",207051
"2026-04-20","1.26.0","","bdist_wheel",1793
"2026-04-20","1.26.0","Bazel","bdist_wheel",1496
"2026-04-20","1.26.0","Browser","bdist_wheel",822
"2026-04-20","1.26.0","Nexus","bdist_wheel",468
"2026-04-20","1.26.0","bandersnatch","sdist",2
"2026-04-20","1.26.0","devpi","bdist_wheel",1
"2026-04-20","1.26.0","pip","bdist_wheel",198486
"2026-04-20","1.26.0","poetry","bdist_wheel",28691
"2026-04-20","1.26.0","requests","bdist_wheel",2684
"2026-04-20","1.26.0","uv","bdist_wheel",797523
"2026-04-20","1.27.0","","bdist_wheel",4240
"2026-04-20","1.27.0","Artifactory","bdist_wheel",1
"2026-04-20","1.27.0","Bazel","bdist_wheel",22
"2026-04-20","1.27.0","Browser","bdist_wheel",140
"2026-04-20","1.27.0","Homebrew","sdist",2
"2026-04-20","1.27.0","Nexus","bdist_wheel",715
"2026-04-20","1.27.0","OS","sdist",1
"2026-04-20","1.27.0","bandersnatch","sdist",4
"2026-04-20","1.27.0","devpi","bdist_wheel",13
"2026-04-20","1.27.0","pip","bdist_wheel",975147
"2026-04-20","1.27.0","poetry","bdist_wheel",23365
"2026-04-20","1.27.0","requests","sdist",585
"2026-04-20","1.27.0","uv","bdist_wheel",5159081
"2026-04-20","other","","bdist_wheel",1299
"2026-04-20","other","Bazel","bdist_wheel",70
"2026-04-20","other","Browser","bdist_wheel",219
"2026-04-20","other","Browser","sdist",24
"2026-04-20","other","Homebrew","sdist",10
"2026-04-20","other","Nexus","bdist_wheel",1134
"2026-04-20","other","bandersnatch","bdist_wheel",18
"2026-04-20","other","bandersnatch","sdist",24
"2026-04-20","other","devpi","bdist_wheel",3
"2026-04-20","other","pip","bdist_wheel",656483
"2026-04-20","other","poetry","bdist_wheel",21070
"2026-04-20","other","requests","bdist_wheel",334
"2026-04-20","other","uv","bdist_wheel",1889090
"2026-04-21","1.25.0","","bdist_wheel",295
"2026-04-21","1.25.0","Bazel","bdist_wheel",107
"2026-04-21","1.25.0","Browser","bdist_wheel",14
"2026-04-21","1.25.0","Nexus","bdist_wheel",141
"2026-04-21","1.25.0","bandersnatch","bdist_wheel",4
"2026-04-21","1.25.0","devpi","bdist_wheel",1
"2026-04-21","1.25.0","pip","bdist_wheel",52351
"2026-04-21","1.25.0","poetry","bdist_wheel",8139
"2026-04-21","1.25.0","requests","bdist_wheel",151
"2026-04-21","1.25.0","uv","bdist_wheel",227621
"2026-04-21","1.26.0","","bdist_wheel",2278
"2026-04-21","1.26.0","Bazel","bdist_wheel",1726
"2026-04-21","1.26.0","Browser","bdist_wheel",1222
"2026-04-21","1.26.0","Nexus","bdist_wheel",488
"2026-04-21","1.26.0","bandersnatch","bdist_wheel",4
"2026-04-21","1.26.0","pip","bdist_wheel",188442
"2026-04-21","1.26.0","poetry","bdist_wheel",32927
"2026-04-21","1.26.0","requests","bdist_wheel",2130
"2026-04-21","1.26.0","uv","bdist_wheel",894120
"2026-04-21","1.27.0","","bdist_wheel",5983
"2026-04-21","1.27.0","Bazel","sdist",52
"2026-04-21","1.27.0","Browser","bdist_wheel",174
"2026-04-21","1.27.0","Homebrew","sdist",2
"2026-04-21","1.27.0","Nexus","bdist_wheel",724
"2026-04-21","1.27.0","bandersnatch","bdist_wheel",4
"2026-04-21","1.27.0","devpi","bdist_wheel",9
"2026-04-21","1.27.0","pip","bdist_wheel",993783
"2026-04-21","1.27.0","poetry","bdist_wheel",26447
"2026-04-21","1.27.0","requests","bdist_wheel",789
"2026-04-21","1.27.0","uv","bdist_wheel",5415783
"2026-04-21","other","","bdist_wheel",1264
"2026-04-21","other","Bazel","bdist_wheel",81
"2026-04-21","other","Bazel","sdist",3
"2026-04-21","other","Browser","bdist_wheel",228
"2026-04-21","other","Browser","sdist",21
"2026-04-21","other","Homebrew","sdist",21
"2026-04-21","other","Nexus","bdist_wheel",1014
"2026-04-21","other","bandersnatch","bdist_wheel",78
"2026-04-21","other","bandersnatch","sdist",115
"2026-04-21","other","devpi","bdist_wheel",28
"2026-04-21","other","pip","bdist_wheel",774623
"2026-04-21","other","poetry","bdist_wheel",23425
"2026-04-21","other","requests","bdist_wheel",215
"2026-04-21","other","requests","sdist",11
"2026-04-21","other","uv","bdist_wheel",2080387
"2026-04-22","1.25.0","","bdist_wheel",490
"2026-04-22","1.25.0","Bazel","bdist_wheel",105
"2026-04-22","1.25.0","Browser","bdist_wheel",5
"2026-04-22","1.25.0","Nexus","bdist_wheel",169
"2026-04-22","1.25.0","bandersnatch","sdist",4
"2026-04-22","1.25.0","pip","bdist_wheel",47302
"2026-04-22","1.25.0","poetry","bdist_wheel",9261
"2026-04-22","1.25.0","requests","bdist_wheel",82
"2026-04-22","1.25.0","uv","bdist_wheel",226182
"2026-04-22","1.26.0","","bdist_wheel",1620
"2026-04-22","1.26.0","Artifactory","bdist_wheel",1
"2026-04-22","1.26.0","Bazel","bdist_wheel",1722
"2026-04-22","1.26.0","Browser","bdist_wheel",1135
"2026-04-22","1.26.0","Nexus","bdist_wheel",541
"2026-04-22","1.26.0","bandersnatch","bdist_wheel",4
"2026-04-22","1.26.0","devpi","bdist_wheel",3
"2026-04-22","1.26.0","pip","bdist_wheel",182534
"2026-04-22","1.26.0","poetry","bdist_wheel",30105
"2026-04-22","1.26.0","requests","bdist_wheel",1159
"2026-04-22","1.26.0","uv","bdist_wheel",865939
"2026-04-22","1.27.0","","bdist_wheel",5797
"2026-04-22","1.27.0","Bazel","sdist",49
"2026-04-22","1.27.0","Browser","bdist_wheel",192
"2026-04-22","1.27.0","Homebrew","sdist",46
"2026-04-22","1.27.0","Nexus","bdist_wheel",791
"2026-04-22","1.27.0","bandersnatch","bdist_wheel",8
"2026-04-22","1.27.0","devpi","bdist_wheel",2
"2026-04-22","1.27.0","pip","bdist_wheel",1012673
"2026-04-22","1.27.0","poetry","bdist_wheel",22867
"2026-04-22","1.27.0","requests","bdist_wheel",648
"2026-04-22","1.27.0","setuptools","bdist_wheel",59
"2026-04-22","1.27.0","uv","bdist_wheel",5135051
"2026-04-22","other","","bdist_wheel",1309
"2026-04-22","other","","sdist",37
"2026-04-22","other","Artifactory","bdist_wheel",1
"2026-04-22","other","Bazel","bdist_wheel",88
"2026-04-22","other","Browser","bdist_wheel",267
"2026-04-22","other","Homebrew","sdist",9
"2026-04-22","other","Nexus","bdist_wheel",925
"2026-04-22","other","bandersnatch","bdist_wheel",52
"2026-04-22","other","bandersnatch","sdist",54
"2026-04-22","other","pip","bdist_wheel",736617
"2026-04-22","other","poetry","bdist_wheel",24210
"2026-04-22","other","requests","bdist_wheel",307
"2026-04-22","other","requests","sdist",41
"2026-04-22","other","uv","bdist_wheel",2062493
"2026-04-23","1.25.0","","bdist_wheel",402
"2026-04-23","1.25.0","Bazel","bdist_wheel",87
"2026-04-23","1.25.0","Browser","bdist_wheel",5
"2026-04-23","1.25.0","Homebrew","sdist",15
"2026-04-23","1.25.0","Nexus","bdist_wheel",165
"2026-04-23","1.25.0","bandersnatch","sdist",2
"2026-04-23","1.25.0","pip","bdist_wheel",35373
"2026-04-23","1.25.0","poetry","bdist_wheel",7923
"2026-04-23","1.25.0","requests","bdist_wheel",277
"2026-04-23","1.25.0","uv","bdist_wheel",211028
"2026-04-23","1.26.0","","bdist_wheel",1913
"2026-04-23","1.26.0","Bazel","bdist_wheel",1422
"2026-04-23","1.26.0","Browser","bdist_wheel",1007
"2026-04-23","1.26.0","Nexus","bdist_wheel",514
"2026-04-23","1.26.0","bandersnatch","sdist",2
"2026-04-23","1.26.0","pip","bdist_wheel",198843
"2026-04-23","1.26.0","poetry","bdist_wheel",27046
"2026-04-23","1.26.0","requests","bdist_wheel",2189
"2026-04-23","1.26.0","uv","bdist_wheel",869048
"2026-04-23","1.27.0","","bdist_wheel",5018
"2026-04-23","1.27.0","Bazel","bdist_wheel",148
"2026-04-23","1.27.0","Browser","bdist_wheel",185
"2026-04-23","1.27.0","Homebrew","sdist",5
"2026-04-23","1.27.0","Nexus","bdist_wheel",790
"2026-04-23","1.27.0","OS","sdist",1
"2026-04-23","1.27.0","bandersnatch","sdist",2
"2026-04-23","1.27.0","devpi","bdist_wheel",7
"2026-04-23","1.27.0","pip","bdist_wheel",995433
"2026-04-23","1.27.0","poetry","bdist_wheel",25713
"2026-04-23","1.27.0","requests","bdist_wheel",545
"2026-04-23","1.27.0","setuptools","sdist",1
"2026-04-23","1.27.0","uv","bdist_wheel",4742564
"2026-04-23","other","","bdist_wheel",1401
"2026-04-23","other","","sdist",125
"2026-04-23","other","Bazel","bdist_wheel",141
"2026-04-23","other","Browser","bdist_wheel",387
"2026-04-23","other","Browser","sdist",6
"2026-04-23","other","Homebrew","sdist",8
"2026-04-23","other","Nexus","bdist_wheel",716
"2026-04-23","other","devpi","bdist_wheel",4
"2026-04-23","other","pip","bdist_wheel",600300
"2026-04-23","other","poetry","bdist_wheel",20691
"2026-04-23","other","requests","bdist_wheel",312
"2026-04-23","other","uv","bdist_wheel",2019468
"2026-04-24","1.25.0","","bdist_wheel",393
"2026-04-24","1.25.0","Bazel","bdist_wheel",107
"2026-04-24","1.25.0","Browser","sdist",7
"2026-04-24","1.25.0","Homebrew","sdist",14
"2026-04-24","1.25.0","Nexus","bdist_wheel",131
"2026-04-24","1.25.0","bandersnatch","bdist_wheel",6
"2026-04-24","1.25.0","devpi","bdist_wheel",1
"2026-04-24","1.25.0","pip","bdist_wheel",36219
"2026-04-24","1.25.0","poetry","bdist_wheel",6523
"2026-04-24","1.25.0","requests","bdist_wheel",79
"2026-04-24","1.25.0","uv","bdist_wheel",203392
"2026-04-24","1.26.0","","bdist_wheel",1627
"2026-04-24","1.26.0","Bazel","bdist_wheel",1211
"2026-04-24","1.26.0","Browser","bdist_wheel",970
"2026-04-24","1.26.0","Nexus","bdist_wheel",361
"2026-04-24","1.26.0","bandersnatch","sdist",6
"2026-04-24","1.26.0","devpi","bdist_wheel",2
"2026-04-24","1.26.0","pip","bdist_wheel",197841
"2026-04-24","1.26.0","poetry","bdist_wheel",25116
"2026-04-24","1.26.0","requests","bdist_wheel",1026
"2026-04-24","1.26.0","uv","bdist_wheel",791317
"2026-04-24","1.27.0","","bdist_wheel",4987
"2026-04-24","1.27.0","Bazel","bdist_wheel",102
"2026-04-24","1.27.0","Browser","bdist_wheel",192
"2026-04-24","1.27.0","Homebrew","sdist",16
"2026-04-24","1.27.0","Nexus","bdist_wheel",592
"2026-04-24","1.27.0","OS","sdist",1
"2026-04-24","1.27.0","bandersnatch","bdist_wheel",10
"2026-04-24","1.27.0","devpi","bdist_wheel",7
"2026-04-24","1.27.0","pip","bdist_wheel",982009
"2026-04-24","1.27.0","poetry","bdist_wheel",24821
"2026-04-24","1.27.0","requests","sdist",609
"2026-04-24","1.27.0","setuptools","bdist_wheel",3
"2026-04-24","1.27.0","uv","bdist_wheel",4628204
"2026-04-24","other","","bdist_wheel",1452
"2026-04-24","other","","sdist",106
"2026-04-24","other","Bazel","bdist_wheel",90
"2026-04-24","other","Browser","bdist_wheel",293
"2026-04-24","other","Browser","sdist",15
"2026-04-24","other","Homebrew","sdist",32
"2026-04-24","other","Nexus","bdist_wheel",869
"2026-04-24","other","bandersnatch","bdist_wheel",153
"2026-04-24","other","bandersnatch","sdist",161
"2026-04-24","other","devpi","bdist_wheel",13
"2026-04-24","other","pip","bdist_wheel",671762
"2026-04-24","other","poetry","bdist_wheel",16979
"2026-04-24","other","requests","bdist_wheel",201
"2026-04-24","other","requests","sdist",2
"2026-04-24","other","uv","bdist_wheel",1965805
"2026-04-25","1.25.0","","bdist_wheel",98
"2026-04-25","1.25.0","Bazel","bdist_wheel",50
"2026-04-25","1.25.0","Browser","sdist",13
"2026-04-25","1.25.0","Homebrew","sdist",1
"2026-04-25","1.25.0","Nexus","bdist_wheel",9
"2026-04-25","1.25.0","bandersnatch","sdist",2
"2026-04-25","1.25.0","pip","bdist_wheel",20287
"2026-04-25","1.25.0","poetry","bdist_wheel",4986
"2026-04-25","1.25.0","requests","bdist_wheel",44
"2026-04-25","1.25.0","uv","bdist_wheel",135128
"2026-04-25","1.26.0","","bdist_wheel",536
"2026-04-25","1.26.0","Bazel","bdist_wheel",247
"2026-04-25","1.26.0","Browser","bdist_wheel",839
"2026-04-25","1.26.0","Nexus","bdist_wheel",64
"2026-04-25","1.26.0","OS","sdist",1
"2026-04-25","1.26.0","bandersnatch","bdist_wheel",2
"2026-04-25","1.26.0","devpi","bdist_wheel",2
"2026-04-25","1.26.0","pip","bdist_wheel",119946
"2026-04-25","1.26.0","poetry","bdist_wheel",7703
"2026-04-25","1.26.0","requests","bdist_wheel",831
"2026-04-25","1.26.0","uv","bdist_wheel",426097
"2026-04-25","1.27.0","","bdist_wheel",1524
"2026-04-25","1.27.0","Bazel","bdist_wheel",34
"2026-04-25","1.27.0","Browser","sdist",129
"2026-04-25","1.27.0","Nexus","bdist_wheel",235
"2026-04-25","1.27.0","bandersnatch","bdist_wheel",6
"2026-04-25","1.27.0","devpi","bdist_wheel",2
"2026-04-25","1.27.0","pdm","bdist_wheel",2
"2026-04-25","1.27.0","pip","bdist_wheel",731375
"2026-04-25","1.27.0","poetry","bdist_wheel",5728
"2026-04-25","1.27.0","requests","bdist_wheel",130
"2026-04-25","1.27.0","setuptools","bdist_wheel",4
"2026-04-25","1.27.0","uv","bdist_wheel",3379187
"2026-04-25","other","","bdist_wheel",1158
"2026-04-25","other","","sdist",9
"2026-04-25","other","Bazel","bdist_wheel",32
"2026-04-25","other","Browser","bdist_wheel",52
"2026-04-25","other","Browser","sdist",8
"2026-04-25","other","Homebrew","sdist",6
"2026-04-25","other","Nexus","bdist_wheel",112
"2026-04-25","other","bandersnatch","bdist_wheel",2
"2026-04-25","other","bandersnatch","sdist",12
"2026-04-25","other","devpi","bdist_wheel",1
"2026-04-25","other","pip","bdist_wheel",341597
"2026-04-25","other","poetry","bdist_wheel",6000
"2026-04-25","other","requests","bdist_wheel",6
"2026-04-25","other","uv","bdist_wheel",1624924
"2026-04-26","1.25.0","","bdist_wheel",83
"2026-04-26","1.25.0","Bazel","bdist_wheel",16
"2026-04-26","1.25.0","Browser","bdist_wheel",13
"2026-04-26","1.25.0","Nexus","bdist_wheel",19
"2026-04-26","1.25.0","bandersnatch","sdist",2
"2026-04-26","1.25.0","devpi","bdist_wheel",1
"2026-04-26","1.25.0","pip","bdist_wheel",22653
"2026-04-26","1.25.0","poetry","bdist_wheel",6356
"2026-04-26","1.25.0","requests","bdist_wheel",220
"2026-04-26","1.25.0","uv","bdist_wheel",129788
"2026-04-26","1.26.0","","bdist_wheel",563
"2026-04-26","1.26.0","Bazel","bdist_wheel",139
"2026-04-26","1.26.0","Browser","bdist_wheel",763
"2026-04-26","1.26.0","Nexus","bdist_wheel",90
"2026-04-26","1.26.0","bandersnatch","sdist",2
"2026-04-26","1.26.0","pip","bdist_wheel",129566
"2026-04-26","1.26.0","poetry","bdist_wheel",10435
"2026-04-26","1.26.0","requests","bdist_wheel",2343
"2026-04-26","1.26.0","uv","bdist_wheel",422294
"2026-04-26","1.27.0","","bdist_wheel",1394
"2026-04-26","1.27.0","Bazel","bdist_wheel",3
"2026-04-26","1.27.0","Browser","bdist_wheel",133
"2026-04-26","1.27.0","Nexus","bdist_wheel",241
"2026-04-26","1.27.0","OS","sdist",4
"2026-04-26","1.27.0","bandersnatch","bdist_wheel",2
"2026-04-26","1.27.0","devpi","bdist_wheel",1
"2026-04-26","1.27.0","pip","bdist_wheel",730245
"2026-04-26","1.27.0","poetry","bdist_wheel",7857
"2026-04-26","1.27.0","requests","bdist_wheel",143
"2026-04-26","1.27.0","setuptools","bdist_wheel",2
"2026-04-26","1.27.0","uv","bdist_wheel",2581214
"2026-04-26","other","","bdist_wheel",599
"2026-04-26","other","","sdist",14
"2026-04-26","other","Bazel","bdist_wheel",27
"2026-04-26","other","Browser","bdist_wheel",184
"2026-04-26","other","Browser","sdist",79
"2026-04-26","other","Homebrew","sdist",13
"2026-04-26","other","Nexus","bdist_wheel",256
"2026-04-26","other","OS","sdist",1
"2026-04-26","other","bandersnatch","bdist_wheel",54
"2026-04-26","other","bandersnatch","sdist",44
"2026-04-26","other","pip","bdist_wheel",374838
"2026-04-26","other","poetry","bdist_wheel",9213
"2026-04-26","other","requests","bdist_wheel",17
"2026-04-26","other","requests","sdist",2
"2026-04-26","other","uv","bdist_wheel",1649041
"2026-04-27","1.25.0","","bdist_wheel",183
"2026-04-27","1.25.0","Artifactory","bdist_wheel",1
"2026-04-27","1.25.0","Bazel","bdist_wheel",81
"2026-04-27","1.25.0","Browser","bdist_wheel",17
"2026-04-27","1.25.0","Nexus","bdist_wheel",163
"2026-04-27","1.25.0","bandersnatch","sdist",2
"2026-04-27","1.25.0","devpi","bdist_wheel",1
"2026-04-27","1.25.0","pip","bdist_wheel",48084
"2026-04-27","1.25.0","poetry","bdist_wheel",9860
"2026-04-27","1.25.0","requests","bdist_wheel",234
"2026-04-27","1.25.0","uv","bdist_wheel",200895
"2026-04-27","1.26.0","","bdist_wheel",1403
"2026-04-27","1.26.0","Bazel","bdist_wheel",1591
"2026-04-27","1.26.0","Browser","bdist_wheel",939
"2026-04-27","1.26.0","Nexus","bdist_wheel",478
"2026-04-27","1.26.0","OS","sdist",1
"2026-04-27","1.26.0","bandersnatch","bdist_wheel",2
"2026-04-27","1.26.0","devpi","bdist_wheel",11
"2026-04-27","1.26.0","pip","bdist_wheel",190929
"2026-04-27","1.26.0","poetry","bdist_wheel",31075
"2026-04-27","1.26.0","requests","bdist_wheel",3329
"2026-04-27","1.26.0","uv","bdist_wheel",753243
"2026-04-27","1.27.0","","bdist_wheel",4432
"2026-04-27","1.27.0","Bazel","bdist_wheel",154
"2026-04-27","1.27.0","Browser","bdist_wheel",191
"2026-04-27","1.27.0","Nexus","bdist_wheel",786
"2026-04-27","1.27.0","OS","sdist",2
"2026-04-27","1.27.0","bandersnatch","bdist_wheel",3
"2026-04-27","1.27.0","devpi","bdist_wheel",7
"2026-04-27","1.27.0","pip","bdist_wheel",1010729
"2026-04-27","1.27.0","poetry","bdist_wheel",27604
"2026-04-27","1.27.0","requests","sdist",513
"2026-04-27","1.27.0","uv","bdist_wheel",2531504
"2026-04-27","other","","bdist_wheel",1034
"2026-04-27","other","","sdist",255
"2026-04-27","other","Bazel","bdist_wheel",118
"2026-04-27","other","Browser","bdist_wheel",292
"2026-04-27","other","Browser","sdist",54
"2026-04-27","other","Homebrew","sdist",2
"2026-04-27","other","Nexus","bdist_wheel",904
"2026-04-27","other","bandersnatch","bdist_wheel",50
"2026-04-27","other","bandersnatch","sdist",52
"2026-04-27","other","devpi","bdist_wheel",31
"2026-04-27","other","pip","bdist_wheel",616340
"2026-04-27","other","poetry","bdist_wheel",20312
"2026-04-27","other","requests","bdist_wheel",254
"2026-04-27","other","requests","sdist",84
"2026-04-27","other","uv","bdist_wheel",2001053
"2026-04-28","1.25.0","","bdist_wheel",210
"2026-04-28","1.25.0","Bazel","bdist_wheel",85
"2026-04-28","1.25.0","Browser","bdist_wheel",12
"2026-04-28","1.25.0","Nexus","bdist_wheel",192
"2026-04-28","1.25.0","devpi","bdist_wheel",4
"2026-04-28","1.25.0","pip","bdist_wheel",41757
"2026-04-28","1.25.0","poetry","bdist_wheel",8253
"2026-04-28","1.25.0","requests","bdist_wheel",302
"2026-04-28","1.25.0","uv","bdist_wheel",229918
"2026-04-28","1.26.0","","bdist_wheel",1473
"2026-04-28","1.26.0","Bazel","bdist_wheel",2173
"2026-04-28","1.26.0","Browser","bdist_wheel",771
"2026-04-28","1.26.0","Nexus","bdist_wheel",426
"2026-04-28","1.26.0","devpi","bdist_wheel",5
"2026-04-28","1.26.0","pip","bdist_wheel",176865
"2026-04-28","1.26.0","poetry","bdist_wheel",33183
"2026-04-28","1.26.0","requests","bdist_wheel",2081
"2026-04-28","1.26.0","uv","bdist_wheel",829676
"2026-04-28","1.27.0","","bdist_wheel",5956
"2026-04-28","1.27.0","Bazel","bdist_wheel",231
"2026-04-28","1.27.0","Browser","sdist",226
"2026-04-28","1.27.0","Homebrew","sdist",19
"2026-04-28","1.27.0","Nexus","bdist_wheel",853
"2026-04-28","1.27.0","OS","sdist",2
"2026-04-28","1.27.0","devpi","bdist_wheel",14
"2026-04-28","1.27.0","pip","bdist_wheel",1064321
"2026-04-28","1.27.0","poetry","bdist_wheel",31571
"2026-04-28","1.27.0","requests","bdist_wheel",703
"2026-04-28","1.27.0","setuptools","bdist_wheel",2
"2026-04-28","1.27.0","uv","bdist_wheel",2508296
"2026-04-28","other","","bdist_wheel",1197
"2026-04-28","other","","sdist",214
"2026-04-28","other","Artifactory","bdist_wheel",2
"2026-04-28","other","Bazel","bdist_wheel",173
"2026-04-28","other","Bazel","sdist",87
"2026-04-28","other","Browser","bdist_wheel",234
"2026-04-28","other","Browser","sdist",38
"2026-04-28","other","Homebrew","sdist",3
"2026-04-28","other","Nexus","bdist_wheel",982
"2026-04-28","other","devpi","bdist_wheel",63
"2026-04-28","other","pip","bdist_wheel",715870
"2026-04-28","other","poetry","bdist_wheel",21022
"2026-04-28","other","requests","bdist_wheel",194
"2026-04-28","other","requests","sdist",18
"2026-04-28","other","uv","bdist_wheel",1975295
"2026-04-29","1.25.0","","bdist_wheel",159
"2026-04-29","1.25.0","Bazel","bdist_wheel",109
"2026-04-29","1.25.0","Browser","bdist_wheel",3
"2026-04-29","1.25.0","Nexus","bdist_wheel",246
"2026-04-29","1.25.0","pdm","bdist_wheel",1
"2026-04-29","1.25.0","pip","bdist_wheel",43573
"2026-04-29","1.25.0","poetry","bdist_wheel",9599
"2026-04-29","1.25.0","requests","bdist_wheel",304
"2026-04-29","1.25.0","uv","bdist_wheel",238264
"2026-04-29","1.26.0","","bdist_wheel",1594
"2026-04-29","1.26.0","Bazel","bdist_wheel",1668
"2026-04-29","1.26.0","Browser","bdist_wheel",757
"2026-04-29","1.26.0","Nexus","bdist_wheel",691
"2026-04-29","1.26.0","devpi","bdist_wheel",1
"2026-04-29","1.26.0","pdm","bdist_wheel",1
"2026-04-29","1.26.0","pip","bdist_wheel",182750
"2026-04-29","1.26.0","poetry","bdist_wheel",31543
"2026-04-29","1.26.0","requests","bdist_wheel",2562
"2026-04-29","1.26.0","uv","bdist_wheel",811703
"2026-04-29","1.27.0","","bdist_wheel",5470
"2026-04-29","1.27.0","Bazel","bdist_wheel",156
"2026-04-29","1.27.0","Browser","bdist_wheel",319
"2026-04-29","1.27.0","Homebrew","sdist",16
"2026-04-29","1.27.0","Nexus","bdist_wheel",1695
"2026-04-29","1.27.0","OS","sdist",2
"2026-04-29","1.27.0","bandersnatch","bdist_wheel",2
"2026-04-29","1.27.0","devpi","bdist_wheel",4
"2026-04-29","1.27.0","pdm","bdist_wheel",3
"2026-04-29","1.27.0","pip","bdist_wheel",1085713
"2026-04-29","1.27.0","poetry","bdist_wheel",30612
"2026-04-29","1.27.0","requests","sdist",680
"2026-04-29","1.27.0","uv","bdist_wheel",2533177
"2026-04-29","other","","bdist_wheel",1330
"2026-04-29","other","","sdist",21
"2026-04-29","other","Bazel","bdist_wheel",128
"2026-04-29","other","Bazel","sdist",27
"2026-04-29","other","Browser","bdist_wheel",148
"2026-04-29","other","Browser","sdist",19
"2026-04-29","other","Homebrew","sdist",6
"2026-04-29","other","Nexus","bdist_wheel",1896
"2026-04-29","other","devpi","bdist_wheel",1
"2026-04-29","other","pdm","bdist_wheel",2
"2026-04-29","other","pip","bdist_wheel",703821
"2026-04-29","other","poetry","bdist_wheel",19198
"2026-04-29","other","requests","bdist_wheel",367
"2026-04-29","other","requests","sdist",34
"2026-04-29","other","uv","bdist_wheel",1991844
