"project","version","first_upload_utc","file_types"
"lean-lsp-mcp","0.1.2","2025-03-31 13:52:50.299","['bdist_wheel','sdist']"
"lean-lsp-mcp","0.1.3","2025-04-01 09:45:37.453","['bdist_wheel','sdist']"
"lean-lsp-mcp","0.1.4","2025-04-02 12:04:52.205","['sdist','bdist_wheel']"
"lean-lsp-mcp","0.1.5","2025-04-08 07:45:23.348","['sdist','bdist_wheel']"
"lean-lsp-mcp","0.1.6","2025-04-17 11:52:29.011","['sdist','bdist_wheel']"
"lean-lsp-mcp","0.1.7","2025-05-03 11:19:47.955","['bdist_wheel','sdist']"
"lean-lsp-mcp","0.1.8","2025-05-11 09:09:48.383","['bdist_wheel','sdist']"
"lean-lsp-mcp","0.1.9","2025-05-27 15:50:41.397","['bdist_wheel','sdist']"
"lean-lsp-mcp","0.1.10","2025-06-01 20:40:05.109","['bdist_wheel','sdist']"
"lean-lsp-mcp","0.1.11","2025-06-02 21:24:25.714","['bdist_wheel','sdist']"
"lean-lsp-mcp","0.2.0","2025-06-13 14:25:09.496","['sdist','bdist_wheel']"
"lean-lsp-mcp","0.3.0","2025-06-27 22:40:38.022","['sdist','bdist_wheel']"
"lean-lsp-mcp","0.3.1","2025-06-29 11:20:03.501","['sdist','bdist_wheel']"
"lean-lsp-mcp","0.4.0","2025-07-04 21:02:46.702","['bdist_wheel','sdist']"
"lean-lsp-mcp","0.4.1","2025-07-07 15:14:36.781","['sdist','bdist_wheel']"
"lean-lsp-mcp","0.5.0","2025-07-12 07:21:30.508","['bdist_wheel','sdist']"
"lean-lsp-mcp","0.5.1","2025-07-15 09:58:30.165","['bdist_wheel','sdist']"
"lean-lsp-mcp","0.6.0","2025-07-22 19:39:43.446","['sdist','bdist_wheel']"
"lean-lsp-mcp","0.6.1","2025-07-24 13:06:59.081","['bdist_wheel','sdist']"
"lean-lsp-mcp","0.6.2","2025-08-01 06:24:19.781","['sdist','bdist_wheel']"
"lean-lsp-mcp","0.6.3","2025-08-01 17:16:18.575","['bdist_wheel','sdist']"
"lean-lsp-mcp","0.6.4","2025-08-28 08:14:14.948","['sdist','bdist_wheel']"
"lean-lsp-mcp","0.7.0","2025-09-07 11:21:24.930","['bdist_wheel','sdist']"
"lean-lsp-mcp","0.7.1","2025-09-26 03:46:28.413","['bdist_wheel','sdist']"
"lean-lsp-mcp","0.7.2","2025-10-12 19:35:25.301","['bdist_wheel','sdist']"
"lean-lsp-mcp","0.8.0","2025-10-15 01:49:07.651","['sdist','bdist_wheel']"
"lean-lsp-mcp","0.8.1","2025-10-15 16:05:23.164","['bdist_wheel','sdist']"
"lean-lsp-mcp","0.8.2","2025-10-16 02:21:36.492","['bdist_wheel','sdist']"
"lean-lsp-mcp","0.9.0","2025-10-17 16:40:59.460","['bdist_wheel','sdist']"
"lean-lsp-mcp","0.9.1","2025-10-18 21:58:09.069","['sdist','bdist_wheel']"
"lean-lsp-mcp","0.10.0","2025-10-21 03:10:44.251","['bdist_wheel','sdist']"
"lean-lsp-mcp","0.10.1","2025-10-24 14:08:36.536","['sdist','bdist_wheel']"
"lean-lsp-mcp","0.10.2","2025-10-27 19:38:01.285","['bdist_wheel','sdist']"
"lean-lsp-mcp","0.10.3","2025-10-28 15:56:36.404","['bdist_wheel','sdist']"
"lean-lsp-mcp","0.11.0","2025-10-29 14:58:24.663","['bdist_wheel','sdist']"
"lean-lsp-mcp","0.11.1","2025-11-03 10:45:01.880","['sdist','bdist_wheel']"
"lean-lsp-mcp","0.11.2","2025-11-05 23:03:37.086","['sdist','bdist_wheel']"
"lean-lsp-mcp","0.11.3","2025-11-05 23:31:47.623","['bdist_wheel','sdist']"
"lean-lsp-mcp","0.12.0","2025-11-07 18:36:08.047","['sdist','bdist_wheel']"
"lean-lsp-mcp","0.12.1","2025-11-09 19:21:07.597","['bdist_wheel','sdist']"
"lean-lsp-mcp","0.13.0","2025-11-13 10:13:53.377","['sdist','bdist_wheel']"
"lean-lsp-mcp","0.13.1","2025-11-16 10:03:34.319","['sdist','bdist_wheel']"
"lean-lsp-mcp","0.13.2","2025-11-20 16:21:31.429","['sdist','bdist_wheel']"
"lean-lsp-mcp","0.14.0","2025-11-20 23:26:50.253","['bdist_wheel','sdist']"
"lean-lsp-mcp","0.14.1","2025-11-20 23:28:03.830","['bdist_wheel','sdist']"
"lean-lsp-mcp","0.15.0","2025-12-04 09:51:33.539","['bdist_wheel','sdist']"
"lean-lsp-mcp","0.16.0","2025-12-08 09:07:37.893","['bdist_wheel','sdist']"
"lean-lsp-mcp","0.16.1","2025-12-09 08:01:54.758","['bdist_wheel','sdist']"
"lean-lsp-mcp","0.16.2","2025-12-16 13:32:22.651","['sdist','bdist_wheel']"
"lean-lsp-mcp","0.17.0","2025-12-17 23:25:54.434","['bdist_wheel','sdist']"
"lean-lsp-mcp","0.17.1","2025-12-19 15:13:24.406","['bdist_wheel','sdist']"
"lean-lsp-mcp","0.17.2","2025-12-21 15:13:41.524","['bdist_wheel','sdist']"
"lean-lsp-mcp","0.18.0","2026-01-09 15:05:54.433","['sdist','bdist_wheel']"
"lean-lsp-mcp","0.19.0","2026-01-12 16:48:45.277","['sdist','bdist_wheel']"
"lean-lsp-mcp","0.19.1","2026-01-12 18:27:58.577","['bdist_wheel','sdist']"
"lean-lsp-mcp","0.19.2","2026-01-19 08:35:30.927","['bdist_wheel','sdist']"
"lean-lsp-mcp","0.20.0","2026-02-03 22:49:15.799","['sdist','bdist_wheel']"
"lean-lsp-mcp","0.21.0","2026-02-13 22:19:37.911","['bdist_wheel','sdist']"
"lean-lsp-mcp","0.21.1","2026-02-17 17:48:19.269","['bdist_wheel','sdist']"
"lean-lsp-mcp","0.21.2","2026-02-17 18:00:40.584","['sdist','bdist_wheel']"
"lean-lsp-mcp","0.22.0","2026-02-18 15:38:38.942","['sdist','bdist_wheel']"
"lean-lsp-mcp","0.22.1","2026-02-22 14:47:20.824","['sdist','bdist_wheel']"
"lean-lsp-mcp","0.22.2","2026-02-25 17:55:10.907","['sdist','bdist_wheel']"
"lean-lsp-mcp","0.22.3","2026-03-02 20:28:51.693","['bdist_wheel','sdist']"
"lean-lsp-mcp","0.22.4","2026-03-03 18:31:59.477","['sdist','bdist_wheel']"
"lean-lsp-mcp","0.23.0","2026-03-04 14:12:17.030","['bdist_wheel','sdist']"
"lean-lsp-mcp","0.23.1","2026-03-04 15:04:08.580","['sdist','bdist_wheel']"
"lean-lsp-mcp","0.23.2","2026-03-08 13:24:23.216","['bdist_wheel','sdist']"
"lean-lsp-mcp","0.24.0","2026-03-11 14:23:15.274","['bdist_wheel','sdist']"
"lean-lsp-mcp","0.25.0","2026-03-17 13:14:05.606","['sdist','bdist_wheel']"
"lean-lsp-mcp","0.25.1","2026-03-17 13:55:14.952","['sdist','bdist_wheel']"
"lean-lsp-mcp","0.26.0","2026-04-08 18:49:02.852","['bdist_wheel','sdist']"
"lean-lsp-mcp","0.26.1","2026-04-10 14:52:14.791","['bdist_wheel','sdist']"
"lean-lsp-mcp","0.26.2","2026-05-04 09:20:41.073","['sdist','bdist_wheel']"
"lean-lsp-mcp","0.27.0","2026-06-09 15:31:17.137","['sdist','bdist_wheel']"
"lean-lsp-mcp","0.28.0","2026-07-06 12:55:23.098","['sdist','bdist_wheel']"
"lean-lsp-mcp","0.28.1","2026-07-17 18:09:01.019","['bdist_wheel','sdist']"
"lean-lsp-mcp","0.29.0","2026-07-28 08:45:15.378","['bdist_wheel','sdist']"
"lean-lsp-mcp","0.30.0","2026-08-19 19:09:54.540","['sdist','bdist_wheel']"
