"date","version_class","installer","ci","downloads"
"2026-03-19","1.25.0","","false",436
"2026-03-19","1.25.0","Bazel","false",93
"2026-03-19","1.25.0","Browser","false",18
"2026-03-19","1.25.0","Homebrew","false",19
"2026-03-19","1.25.0","Nexus","false",163
"2026-03-19","1.25.0","bandersnatch","false",5
"2026-03-19","1.25.0","pip","false",23256
"2026-03-19","1.25.0","pip","true",15202
"2026-03-19","1.25.0","poetry","false",12266
"2026-03-19","1.25.0","requests","false",1200
"2026-03-19","1.25.0","uv","false",65720
"2026-03-19","1.25.0","uv","true",99805
"2026-03-19","1.26.0","","false",3928
"2026-03-19","1.26.0","Bazel","false",1448
"2026-03-19","1.26.0","Browser","false",245
"2026-03-19","1.26.0","Homebrew","false",21
"2026-03-19","1.26.0","Nexus","false",766
"2026-03-19","1.26.0","OS","false",1
"2026-03-19","1.26.0","bandersnatch","false",3
"2026-03-19","1.26.0","devpi","false",2
"2026-03-19","1.26.0","pip","false",773927
"2026-03-19","1.26.0","pip","true",215303
"2026-03-19","1.26.0","poetry","false",44708
"2026-03-19","1.26.0","requests","false",2985
"2026-03-19","1.26.0","uv","false",3297802
"2026-03-19","1.26.0","uv","true",595890
"2026-03-19","other","","false",1537
"2026-03-19","other","Artifactory","false",1
"2026-03-19","other","Bazel","false",6967
"2026-03-19","other","Browser","false",412
"2026-03-19","other","Homebrew","false",21
"2026-03-19","other","Nexus","false",1196
"2026-03-19","other","bandersnatch","false",88
"2026-03-19","other","pip","false",329974
"2026-03-19","other","pip","true",336537
"2026-03-19","other","poetry","false",25432
"2026-03-19","other","requests","false",431
"2026-03-19","other","uv","false",453394
"2026-03-19","other","uv","true",1135183
"2026-03-20","1.25.0","","false",143
"2026-03-20","1.25.0","Bazel","false",84
"2026-03-20","1.25.0","Browser","false",16
"2026-03-20","1.25.0","Homebrew","false",3
"2026-03-20","1.25.0","Nexus","false",143
"2026-03-20","1.25.0","OS","false",1
"2026-03-20","1.25.0","bandersnatch","false",4
"2026-03-20","1.25.0","pip","false",22643
"2026-03-20","1.25.0","pip","true",17095
"2026-03-20","1.25.0","poetry","false",8275
"2026-03-20","1.25.0","requests","false",847
"2026-03-20","1.25.0","uv","false",56664
"2026-03-20","1.25.0","uv","true",90324
"2026-03-20","1.26.0","","false",4332
"2026-03-20","1.26.0","Bazel","false",1155
"2026-03-20","1.26.0","Browser","false",204
"2026-03-20","1.26.0","Homebrew","false",4
"2026-03-20","1.26.0","Nexus","false",851
"2026-03-20","1.26.0","OS","false",1
"2026-03-20","1.26.0","bandersnatch","false",4
"2026-03-20","1.26.0","devpi","false",2
"2026-03-20","1.26.0","pip","false",703642
"2026-03-20","1.26.0","pip","true",218809
"2026-03-20","1.26.0","poetry","false",38798
"2026-03-20","1.26.0","requests","false",2237
"2026-03-20","1.26.0","uv","false",2350056
"2026-03-20","1.26.0","uv","true",509060
"2026-03-20","other","","false",1346
"2026-03-20","other","Bazel","false",871
"2026-03-20","other","Browser","false",234
"2026-03-20","other","Homebrew","false",19
"2026-03-20","other","Nexus","false",1137
"2026-03-20","other","bandersnatch","false",204
"2026-03-20","other","devpi","false",4
"2026-03-20","other","pip","false",308246
"2026-03-20","other","pip","true",309349
"2026-03-20","other","poetry","false",21367
"2026-03-20","other","requests","false",441
"2026-03-20","other","uv","false",422102
"2026-03-20","other","uv","true",1077371
"2026-03-21","1.25.0","","false",39
"2026-03-21","1.25.0","Bazel","false",25
"2026-03-21","1.25.0","Browser","false",22
"2026-03-21","1.25.0","Nexus","false",19
"2026-03-21","1.25.0","devpi","false",2
"2026-03-21","1.25.0","pip","false",13481
"2026-03-21","1.25.0","pip","true",9636
"2026-03-21","1.25.0","poetry","false",2700
"2026-03-21","1.25.0","requests","false",189
"2026-03-21","1.25.0","uv","false",35594
"2026-03-21","1.25.0","uv","true",53734
"2026-03-21","1.26.0","","false",1363
"2026-03-21","1.26.0","Bazel","false",155
"2026-03-21","1.26.0","Browser","false",127
"2026-03-21","1.26.0","Homebrew","false",4
"2026-03-21","1.26.0","Nexus","false",268
"2026-03-21","1.26.0","OS","false",1
"2026-03-21","1.26.0","devpi","false",1
"2026-03-21","1.26.0","pip","false",575148
"2026-03-21","1.26.0","pip","true",110762
"2026-03-21","1.26.0","poetry","false",15457
"2026-03-21","1.26.0","requests","false",378
"2026-03-21","1.26.0","uv","false",1025151
"2026-03-21","1.26.0","uv","true",241790
"2026-03-21","other","","false",485
"2026-03-21","other","Bazel","false",218
"2026-03-21","other","Browser","false",87
"2026-03-21","other","Homebrew","false",12
"2026-03-21","other","Nexus","false",202
"2026-03-21","other","devpi","false",78
"2026-03-21","other","pip","false",158924
"2026-03-21","other","pip","true",102312
"2026-03-21","other","poetry","false",8292
"2026-03-21","other","requests","false",395
"2026-03-21","other","uv","false",276293
"2026-03-21","other","uv","true",1006467
"2026-03-22","1.25.0","","false",80
"2026-03-22","1.25.0","Bazel","false",9
"2026-03-22","1.25.0","Browser","false",22
"2026-03-22","1.25.0","Nexus","false",29
"2026-03-22","1.25.0","devpi","false",1
"2026-03-22","1.25.0","pip","false",15352
"2026-03-22","1.25.0","pip","true",5755
"2026-03-22","1.25.0","poetry","false",3474
"2026-03-22","1.25.0","requests","false",212
"2026-03-22","1.25.0","uv","false",34897
"2026-03-22","1.25.0","uv","true",55067
"2026-03-22","1.26.0","","false",1550
"2026-03-22","1.26.0","Bazel","false",156
"2026-03-22","1.26.0","Browser","false",250
"2026-03-22","1.26.0","Nexus","false",310
"2026-03-22","1.26.0","devpi","false",2
"2026-03-22","1.26.0","pip","false",594724
"2026-03-22","1.26.0","pip","true",104978
"2026-03-22","1.26.0","poetry","false",16884
"2026-03-22","1.26.0","requests","false",625
"2026-03-22","1.26.0","setuptools","false",39
"2026-03-22","1.26.0","uv","false",1455328
"2026-03-22","1.26.0","uv","true",246687
"2026-03-22","other","","false",453
"2026-03-22","other","Bazel","false",108
"2026-03-22","other","Browser","false",130
"2026-03-22","other","Homebrew","false",4
"2026-03-22","other","Nexus","false",287
"2026-03-22","other","OS","false",1
"2026-03-22","other","devpi","false",20
"2026-03-22","other","pip","false",177565
"2026-03-22","other","pip","true",105087
"2026-03-22","other","poetry","false",9035
"2026-03-22","other","requests","false",368
"2026-03-22","other","uv","false",280069
"2026-03-22","other","uv","true",1162372
"2026-03-23","1.25.0","","false",291
"2026-03-23","1.25.0","Bazel","false",68
"2026-03-23","1.25.0","Browser","false",21
"2026-03-23","1.25.0","Nexus","false",134
"2026-03-23","1.25.0","bandersnatch","false",4
"2026-03-23","1.25.0","devpi","false",1
"2026-03-23","1.25.0","pip","false",21937
"2026-03-23","1.25.0","pip","true",14415
"2026-03-23","1.25.0","poetry","false",9857
"2026-03-23","1.25.0","requests","false",1681
"2026-03-23","1.25.0","uv","false",62039
"2026-03-23","1.25.0","uv","true",112764
"2026-03-23","1.26.0","","false",5008
"2026-03-23","1.26.0","Artifactory","false",4
"2026-03-23","1.26.0","Bazel","false",1632
"2026-03-23","1.26.0","Browser","false",575
"2026-03-23","1.26.0","Homebrew","false",45
"2026-03-23","1.26.0","Nexus","false",704
"2026-03-23","1.26.0","OS","false",3
"2026-03-23","1.26.0","bandersnatch","false",8
"2026-03-23","1.26.0","conda","false",12
"2026-03-23","1.26.0","devpi","false",3
"2026-03-23","1.26.0","pip","false",864210
"2026-03-23","1.26.0","pip","true",228100
"2026-03-23","1.26.0","poetry","false",44100
"2026-03-23","1.26.0","requests","false",4041
"2026-03-23","1.26.0","setuptools","false",4
"2026-03-23","1.26.0","uv","false",3992238
"2026-03-23","1.26.0","uv","true",552844
"2026-03-23","other","","false",1541
"2026-03-23","other","Bazel","false",1211
"2026-03-23","other","Browser","false",254
"2026-03-23","other","Homebrew","false",13
"2026-03-23","other","Nexus","false",1120
"2026-03-23","other","bandersnatch","false",104
"2026-03-23","other","devpi","false",3
"2026-03-23","other","pip","false",312490
"2026-03-23","other","pip","true",331908
"2026-03-23","other","poetry","false",28740
"2026-03-23","other","requests","false",965
"2026-03-23","other","uv","false",448535
"2026-03-23","other","uv","true",1428173
"2026-03-24","1.25.0","","false",445
"2026-03-24","1.25.0","Bazel","false",84
"2026-03-24","1.25.0","Browser","false",25
"2026-03-24","1.25.0","Nexus","false",174
"2026-03-24","1.25.0","devpi","false",1
"2026-03-24","1.25.0","pip","false",23134
"2026-03-24","1.25.0","pip","true",15920
"2026-03-24","1.25.0","poetry","false",10647
"2026-03-24","1.25.0","requests","false",1452
"2026-03-24","1.25.0","uv","false",66465
"2026-03-24","1.25.0","uv","true",121557
"2026-03-24","1.26.0","","false",5066
"2026-03-24","1.26.0","Artifactory","false",1
"2026-03-24","1.26.0","Bazel","false",2160
"2026-03-24","1.26.0","Browser","false",559
"2026-03-24","1.26.0","Homebrew","false",21
"2026-03-24","1.26.0","Nexus","false",759
"2026-03-24","1.26.0","bandersnatch","false",2
"2026-03-24","1.26.0","conda","false",4
"2026-03-24","1.26.0","devpi","false",7
"2026-03-24","1.26.0","pip","false",969014
"2026-03-24","1.26.0","pip","true",218689
"2026-03-24","1.26.0","poetry","false",45542
"2026-03-24","1.26.0","requests","false",3787
"2026-03-24","1.26.0","uv","false",1930382
"2026-03-24","1.26.0","uv","true",637619
"2026-03-24","other","","false",1808
"2026-03-24","other","Artifactory","false",2
"2026-03-24","other","Bazel","false",406
"2026-03-24","other","Browser","false",284
"2026-03-24","other","Homebrew","false",13
"2026-03-24","other","Nexus","false",1181
"2026-03-24","other","devpi","false",45
"2026-03-24","other","pip","false",358041
"2026-03-24","other","pip","true",324022
"2026-03-24","other","poetry","false",27741
"2026-03-24","other","requests","false",953
"2026-03-24","other","uv","false",447601
"2026-03-24","other","uv","true",1544560
"2026-03-25","1.25.0","","false",658
"2026-03-25","1.25.0","Artifactory","false",2
"2026-03-25","1.25.0","Bazel","false",84
"2026-03-25","1.25.0","Browser","false",14
"2026-03-25","1.25.0","Homebrew","false",19
"2026-03-25","1.25.0","Nexus","false",165
"2026-03-25","1.25.0","pip","false",25434
"2026-03-25","1.25.0","pip","true",11067
"2026-03-25","1.25.0","poetry","false",10264
"2026-03-25","1.25.0","requests","false",862
"2026-03-25","1.25.0","uv","false",60919
"2026-03-25","1.25.0","uv","true",125079
"2026-03-25","1.26.0","","false",4594
"2026-03-25","1.26.0","Bazel","false",1971
"2026-03-25","1.26.0","Browser","false",382
"2026-03-25","1.26.0","Nexus","false",801
"2026-03-25","1.26.0","OS","false",3
"2026-03-25","1.26.0","devpi","false",8
"2026-03-25","1.26.0","pip","false",933518
"2026-03-25","1.26.0","pip","true",200959
"2026-03-25","1.26.0","poetry","false",46570
"2026-03-25","1.26.0","requests","false",2581
"2026-03-25","1.26.0","uv","false",2271464
"2026-03-25","1.26.0","uv","true",639998
"2026-03-25","other","","false",1574
"2026-03-25","other","Artifactory","false",2
"2026-03-25","other","Bazel","false",202
"2026-03-25","other","Browser","false",286
"2026-03-25","other","Homebrew","false",5
"2026-03-25","other","Nexus","false",1273
"2026-03-25","other","devpi","false",33
"2026-03-25","other","pip","false",331159
"2026-03-25","other","pip","true",249216
"2026-03-25","other","poetry","false",28900
"2026-03-25","other","requests","false",783
"2026-03-25","other","uv","false",481296
"2026-03-25","other","uv","true",1581909
"2026-03-26","1.25.0","","false",334
"2026-03-26","1.25.0","Bazel","false",100
"2026-03-26","1.25.0","Browser","false",13
"2026-03-26","1.25.0","Nexus","false",186
"2026-03-26","1.25.0","bandersnatch","false",2
"2026-03-26","1.25.0","devpi","false",1
"2026-03-26","1.25.0","pip","false",28278
"2026-03-26","1.25.0","pip","true",11651
"2026-03-26","1.25.0","poetry","false",10632
"2026-03-26","1.25.0","requests","false",686
"2026-03-26","1.25.0","uv","false",67991
"2026-03-26","1.25.0","uv","true",130139
"2026-03-26","1.26.0","","false",4428
"2026-03-26","1.26.0","Artifactory","false",1
"2026-03-26","1.26.0","Bazel","false",1409
"2026-03-26","1.26.0","Browser","false",513
"2026-03-26","1.26.0","Nexus","false",795
"2026-03-26","1.26.0","OS","false",2
"2026-03-26","1.26.0","bandersnatch","false",2
"2026-03-26","1.26.0","devpi","false",4
"2026-03-26","1.26.0","pdm","false",1
"2026-03-26","1.26.0","pip","false",919602
"2026-03-26","1.26.0","pip","true",196529
"2026-03-26","1.26.0","poetry","false",48508
"2026-03-26","1.26.0","requests","false",2327
"2026-03-26","1.26.0","setuptools","false",2
"2026-03-26","1.26.0","uv","false",6976606
"2026-03-26","1.26.0","uv","true",680344
"2026-03-26","other","","false",1838
"2026-03-26","other","Bazel","false",126
"2026-03-26","other","Browser","false",123
"2026-03-26","other","Homebrew","false",13
"2026-03-26","other","Nexus","false",1159
"2026-03-26","other","bandersnatch","false",2
"2026-03-26","other","devpi","false",27
"2026-03-26","other","pip","false",394224
"2026-03-26","other","pip","true",330841
"2026-03-26","other","poetry","false",29665
"2026-03-26","other","requests","false",867
"2026-03-26","other","uv","false",469920
"2026-03-26","other","uv","true",1417508
"2026-03-27","1.25.0","","false",371
"2026-03-27","1.25.0","Bazel","false",78
"2026-03-27","1.25.0","Browser","false",11
"2026-03-27","1.25.0","Nexus","false",166
"2026-03-27","1.25.0","bandersnatch","false",2
"2026-03-27","1.25.0","devpi","false",1
"2026-03-27","1.25.0","pip","false",45581
"2026-03-27","1.25.0","pip","true",11588
"2026-03-27","1.25.0","poetry","false",7071
"2026-03-27","1.25.0","requests","false",387
"2026-03-27","1.25.0","uv","false",67680
"2026-03-27","1.25.0","uv","true",112762
"2026-03-27","1.26.0","","false",5117
"2026-03-27","1.26.0","Bazel","false",1685
"2026-03-27","1.26.0","Browser","false",396
"2026-03-27","1.26.0","Homebrew","false",103
"2026-03-27","1.26.0","Nexus","false",687
"2026-03-27","1.26.0","OS","false",1
"2026-03-27","1.26.0","devpi","false",3
"2026-03-27","1.26.0","pip","false",758168
"2026-03-27","1.26.0","pip","true",182733
"2026-03-27","1.26.0","poetry","false",38204
"2026-03-27","1.26.0","requests","false",1309
"2026-03-27","1.26.0","uv","false",4344882
"2026-03-27","1.26.0","uv","true",601578
"2026-03-27","other","","false",1166
"2026-03-27","other","Artifactory","false",40
"2026-03-27","other","Bazel","false",232
"2026-03-27","other","Browser","false",346
"2026-03-27","other","Homebrew","false",9
"2026-03-27","other","Nexus","false",1082
"2026-03-27","other","devpi","false",7
"2026-03-27","other","pip","false",329096
"2026-03-27","other","pip","true",282487
"2026-03-27","other","poetry","false",23001
"2026-03-27","other","requests","false",772
"2026-03-27","other","uv","false",415487
"2026-03-27","other","uv","true",1247007
"2026-03-28","1.25.0","","false",79
"2026-03-28","1.25.0","Bazel","false",31
"2026-03-28","1.25.0","Browser","false",26
"2026-03-28","1.25.0","Homebrew","false",2
"2026-03-28","1.25.0","Nexus","false",28
"2026-03-28","1.25.0","bandersnatch","false",4
"2026-03-28","1.25.0","pip","false",17340
"2026-03-28","1.25.0","pip","true",4318
"2026-03-28","1.25.0","poetry","false",3091
"2026-03-28","1.25.0","requests","false",348
"2026-03-28","1.25.0","uv","false",39123
"2026-03-28","1.25.0","uv","true",68302
"2026-03-28","1.26.0","","false",1889
"2026-03-28","1.26.0","Bazel","false",282
"2026-03-28","1.26.0","Browser","false",255
"2026-03-28","1.26.0","Homebrew","false",26
"2026-03-28","1.26.0","Nexus","false",242
"2026-03-28","1.26.0","OS","false",1
"2026-03-28","1.26.0","bandersnatch","false",4
"2026-03-28","1.26.0","devpi","false",1
"2026-03-28","1.26.0","pip","false",557601
"2026-03-28","1.26.0","pip","true",109923
"2026-03-28","1.26.0","poetry","false",12276
"2026-03-28","1.26.0","requests","false",631
"2026-03-28","1.26.0","uv","false",1291171
"2026-03-28","1.26.0","uv","true",277732
"2026-03-28","other","","false",442
"2026-03-28","other","Bazel","false",52
"2026-03-28","other","Browser","false",230
"2026-03-28","other","Nexus","false",262
"2026-03-28","other","bandersnatch","false",28
"2026-03-28","other","pip","false",164974
"2026-03-28","other","pip","true",103182
"2026-03-28","other","poetry","false",11367
"2026-03-28","other","requests","false",342
"2026-03-28","other","uv","false",211885
"2026-03-28","other","uv","true",1198028
"2026-03-29","1.25.0","","false",221
"2026-03-29","1.25.0","Bazel","false",36
"2026-03-29","1.25.0","Browser","false",16
"2026-03-29","1.25.0","Nexus","false",75
"2026-03-29","1.25.0","bandersnatch","false",2
"2026-03-29","1.25.0","pip","false",13075
"2026-03-29","1.25.0","pip","true",4134
"2026-03-29","1.25.0","poetry","false",3208
"2026-03-29","1.25.0","requests","false",779
"2026-03-29","1.25.0","uv","false",40811
"2026-03-29","1.25.0","uv","true",74352
"2026-03-29","1.26.0","","false",1759
"2026-03-29","1.26.0","Bazel","false",189
"2026-03-29","1.26.0","Browser","false",366
"2026-03-29","1.26.0","Homebrew","false",3
"2026-03-29","1.26.0","Nexus","false",249
"2026-03-29","1.26.0","bandersnatch","false",2
"2026-03-29","1.26.0","devpi","false",2
"2026-03-29","1.26.0","pip","false",642495
"2026-03-29","1.26.0","pip","true",109918
"2026-03-29","1.26.0","poetry","false",15041
"2026-03-29","1.26.0","requests","false",1098
"2026-03-29","1.26.0","uv","false",1188497
"2026-03-29","1.26.0","uv","true",278854
"2026-03-29","other","","false",683
"2026-03-29","other","Bazel","false",33
"2026-03-29","other","Browser","false",132
"2026-03-29","other","Homebrew","false",25
"2026-03-29","other","Nexus","false",209
"2026-03-29","other","OS","false",1
"2026-03-29","other","bandersnatch","false",2
"2026-03-29","other","pip","false",152865
"2026-03-29","other","pip","true",110828
"2026-03-29","other","poetry","false",9858
"2026-03-29","other","requests","false",380
"2026-03-29","other","uv","false",229378
"2026-03-29","other","uv","true",1213937
"2026-03-30","1.25.0","","false",467
"2026-03-30","1.25.0","Artifactory","false",2
"2026-03-30","1.25.0","Bazel","false",96
"2026-03-30","1.25.0","Browser","false",19
"2026-03-30","1.25.0","Homebrew","false",13
"2026-03-30","1.25.0","Nexus","false",182
"2026-03-30","1.25.0","OS","false",1
"2026-03-30","1.25.0","pip","false",27966
"2026-03-30","1.25.0","pip","true",14285
"2026-03-30","1.25.0","poetry","false",9895
"2026-03-30","1.25.0","requests","false",781
"2026-03-30","1.25.0","uv","false",63184
"2026-03-30","1.25.0","uv","true",138117
"2026-03-30","1.26.0","","false",14619
"2026-03-30","1.26.0","Artifactory","false",3
"2026-03-30","1.26.0","Bazel","false",2134
"2026-03-30","1.26.0","Browser","false",628
"2026-03-30","1.26.0","Homebrew","false",48
"2026-03-30","1.26.0","Nexus","false",729
"2026-03-30","1.26.0","OS","false",3
"2026-03-30","1.26.0","bandersnatch","false",2
"2026-03-30","1.26.0","devpi","false",6
"2026-03-30","1.26.0","pip","false",796510
"2026-03-30","1.26.0","pip","true",185808
"2026-03-30","1.26.0","poetry","false",46378
"2026-03-30","1.26.0","requests","false",2451
"2026-03-30","1.26.0","setuptools","false",1
"2026-03-30","1.26.0","uv","false",1429922
"2026-03-30","1.26.0","uv","true",629327
"2026-03-30","other","","false",1309
"2026-03-30","other","Artifactory","false",40
"2026-03-30","other","Bazel","false",608
"2026-03-30","other","Browser","false",317
"2026-03-30","other","Homebrew","false",8
"2026-03-30","other","Nexus","false",1146
"2026-03-30","other","devpi","false",5
"2026-03-30","other","pip","false",346623
"2026-03-30","other","pip","true",329109
"2026-03-30","other","poetry","false",22890
"2026-03-30","other","requests","false",1088
"2026-03-30","other","uv","false",413552
"2026-03-30","other","uv","true",1423843
"2026-03-31","1.25.0","","false",579
"2026-03-31","1.25.0","Bazel","false",101
"2026-03-31","1.25.0","Browser","false",22
"2026-03-31","1.25.0","Homebrew","false",1
"2026-03-31","1.25.0","Nexus","false",183
"2026-03-31","1.25.0","bandersnatch","false",4
"2026-03-31","1.25.0","devpi","false",1
"2026-03-31","1.25.0","pdm","false",1
"2026-03-31","1.25.0","pip","false",28112
"2026-03-31","1.25.0","pip","true",14837
"2026-03-31","1.25.0","poetry","false",9848
"2026-03-31","1.25.0","requests","false",702
"2026-03-31","1.25.0","uv","false",66148
"2026-03-31","1.25.0","uv","true",146731
"2026-03-31","1.26.0","","false",16040
"2026-03-31","1.26.0","Bazel","false",1724
"2026-03-31","1.26.0","Browser","false",743
"2026-03-31","1.26.0","Homebrew","false",70
"2026-03-31","1.26.0","Nexus","false",793
"2026-03-31","1.26.0","bandersnatch","false",4
"2026-03-31","1.26.0","devpi","false",1
"2026-03-31","1.26.0","pdm","false",1
"2026-03-31","1.26.0","pip","false",845207
"2026-03-31","1.26.0","pip","true",192691
"2026-03-31","1.26.0","poetry","false",45141
"2026-03-31","1.26.0","requests","false",3407
"2026-03-31","1.26.0","uv","false",1703880
"2026-03-31","1.26.0","uv","true",701837
"2026-03-31","other","","false",1818
"2026-03-31","other","Bazel","false",82
"2026-03-31","other","Browser","false",456
"2026-03-31","other","Homebrew","false",58
"2026-03-31","other","Nexus","false",1057
"2026-03-31","other","bandersnatch","false",120
"2026-03-31","other","pdm","false",21
"2026-03-31","other","pip","false",337043
"2026-03-31","other","pip","true",334047
"2026-03-31","other","poetry","false",26081
"2026-03-31","other","requests","false",1184
"2026-03-31","other","uv","false",423737
"2026-03-31","other","uv","true",1555356
"2026-04-01","1.25.0","","false",465
"2026-04-01","1.25.0","Bazel","false",87
"2026-04-01","1.25.0","Browser","false",26
"2026-04-01","1.25.0","Homebrew","false",14
"2026-04-01","1.25.0","Nexus","false",182
"2026-04-01","1.25.0","OS","false",1
"2026-04-01","1.25.0","pip","false",23819
"2026-04-01","1.25.0","pip","true",15602
"2026-04-01","1.25.0","poetry","false",9676
"2026-04-01","1.25.0","requests","false",150
"2026-04-01","1.25.0","uv","false",67301
"2026-04-01","1.25.0","uv","true",135145
"2026-04-01","1.26.0","","false",54581
"2026-04-01","1.26.0","Bazel","false",1179
"2026-04-01","1.26.0","Browser","false",538
"2026-04-01","1.26.0","Homebrew","false",17
"2026-04-01","1.26.0","Nexus","false",759
"2026-04-01","1.26.0","OS","false",2
"2026-04-01","1.26.0","devpi","false",5
"2026-04-01","1.26.0","pip","false",772084
"2026-04-01","1.26.0","pip","true",200525
"2026-04-01","1.26.0","poetry","false",47050
"2026-04-01","1.26.0","requests","false",1483
"2026-04-01","1.26.0","uv","false",3222296
"2026-04-01","1.26.0","uv","true",689236
"2026-04-01","other","","false",1316
"2026-04-01","other","Bazel","false",78
"2026-04-01","other","Browser","false",404
"2026-04-01","other","Homebrew","false",27
"2026-04-01","other","Nexus","false",1030
"2026-04-01","other","devpi","false",4
"2026-04-01","other","pip","false",328291
"2026-04-01","other","pip","true",270418
"2026-04-01","other","poetry","false",22630
"2026-04-01","other","requests","false",761
"2026-04-01","other","uv","false",425289
"2026-04-01","other","uv","true",1481815
"2026-04-02","1.25.0","","false",469
"2026-04-02","1.25.0","Artifactory","false",2
"2026-04-02","1.25.0","Bazel","false",75
"2026-04-02","1.25.0","Browser","false",10
"2026-04-02","1.25.0","Homebrew","false",2
"2026-04-02","1.25.0","Nexus","false",184
"2026-04-02","1.25.0","devpi","false",2
"2026-04-02","1.25.0","pip","false",23697
"2026-04-02","1.25.0","pip","true",13239
"2026-04-02","1.25.0","poetry","false",7652
"2026-04-02","1.25.0","requests","false",86
"2026-04-02","1.25.0","uv","false",84392
"2026-04-02","1.25.0","uv","true",127793
"2026-04-02","1.26.0","","false",17432
"2026-04-02","1.26.0","Artifactory","false",1
"2026-04-02","1.26.0","Bazel","false",2637
"2026-04-02","1.26.0","Browser","false",657
"2026-04-02","1.26.0","Homebrew","false",19
"2026-04-02","1.26.0","Nexus","false",657
"2026-04-02","1.26.0","OS","false",6
"2026-04-02","1.26.0","devpi","false",1
"2026-04-02","1.26.0","pip","false",572265
"2026-04-02","1.26.0","pip","true",130277
"2026-04-02","1.26.0","poetry","false",44345
"2026-04-02","1.26.0","requests","false",1226
"2026-04-02","1.26.0","uv","false",1409992
"2026-04-02","1.26.0","uv","true",630730
"2026-04-02","1.27.0","","false",1987
"2026-04-02","1.27.0","Artifactory","false",8
"2026-04-02","1.27.0","Bazel","false",2
"2026-04-02","1.27.0","Browser","false",518
"2026-04-02","1.27.0","Nexus","false",217
"2026-04-02","1.27.0","bandersnatch","false",38
"2026-04-02","1.27.0","conda","false",5
"2026-04-02","1.27.0","devpi","false",35
"2026-04-02","1.27.0","pip","false",255231
"2026-04-02","1.27.0","pip","true",102372
"2026-04-02","1.27.0","poetry","false",3233
"2026-04-02","1.27.0","requests","false",532
"2026-04-02","1.27.0","uv","false",1191859
"2026-04-02","1.27.0","uv","true",83502
"2026-04-02","other","","false",1590
"2026-04-02","other","Artifactory","false",40
"2026-04-02","other","Bazel","false",305
"2026-04-02","other","Browser","false",271
"2026-04-02","other","Homebrew","false",28
"2026-04-02","other","Nexus","false",1067
"2026-04-02","other","bandersnatch","false",4
"2026-04-02","other","devpi","false",61
"2026-04-02","other","pip","false",335023
"2026-04-02","other","pip","true",346160
"2026-04-02","other","poetry","false",20998
"2026-04-02","other","requests","false",629
"2026-04-02","other","uv","false",424962
"2026-04-02","other","uv","true",1512746
"2026-04-03","1.25.0","","false",144
"2026-04-03","1.25.0","Bazel","false",48
"2026-04-03","1.25.0","Browser","false",1
"2026-04-03","1.25.0","Nexus","false",71
"2026-04-03","1.25.0","bandersnatch","false",2
"2026-04-03","1.25.0","devpi","false",1
"2026-04-03","1.25.0","pip","false",20272
"2026-04-03","1.25.0","pip","true",10756
"2026-04-03","1.25.0","poetry","false",6629
"2026-04-03","1.25.0","requests","false",75
"2026-04-03","1.25.0","uv","false",82078
"2026-04-03","1.25.0","uv","true",113710
"2026-04-03","1.26.0","","false",2892
"2026-04-03","1.26.0","Bazel","false",1207
"2026-04-03","1.26.0","Browser","false",480
"2026-04-03","1.26.0","Nexus","false",401
"2026-04-03","1.26.0","OS","false",1
"2026-04-03","1.26.0","bandersnatch","false",2
"2026-04-03","1.26.0","devpi","false",3
"2026-04-03","1.26.0","pip","false",133080
"2026-04-03","1.26.0","pip","true",28313
"2026-04-03","1.26.0","poetry","false",26306
"2026-04-03","1.26.0","requests","false",792
"2026-04-03","1.26.0","uv","false",333843
"2026-04-03","1.26.0","uv","true",399623
"2026-04-03","1.27.0","","false",2641
"2026-04-03","1.27.0","Artifactory","false",3
"2026-04-03","1.27.0","Bazel","false",3
"2026-04-03","1.27.0","Browser","false",542
"2026-04-03","1.27.0","Homebrew","false",14
"2026-04-03","1.27.0","Nexus","false",445
"2026-04-03","1.27.0","OS","false",11
"2026-04-03","1.27.0","bandersnatch","false",30
"2026-04-03","1.27.0","devpi","false",23
"2026-04-03","1.27.0","pip","false",608151
"2026-04-03","1.27.0","pip","true",185321
"2026-04-03","1.27.0","poetry","false",7416
"2026-04-03","1.27.0","requests","false",637
"2026-04-03","1.27.0","uv","false",2241522
"2026-04-03","1.27.0","uv","true",154704
"2026-04-03","other","","false",910
"2026-04-03","other","Bazel","false",600
"2026-04-03","other","Browser","false",160
"2026-04-03","other","Homebrew","false",13
"2026-04-03","other","Nexus","false",528
"2026-04-03","other","bandersnatch","false",102
"2026-04-03","other","devpi","false",11
"2026-04-03","other","pip","false",261831
"2026-04-03","other","pip","true",250239
"2026-04-03","other","poetry","false",14978
"2026-04-03","other","requests","false",579
"2026-04-03","other","uv","false",300599
"2026-04-03","other","uv","true",1464437
"2026-04-04","1.25.0","","false",29
"2026-04-04","1.25.0","Bazel","false",12
"2026-04-04","1.25.0","Browser","false",9
"2026-04-04","1.25.0","Nexus","false",21
"2026-04-04","1.25.0","bandersnatch","false",2
"2026-04-04","1.25.0","pip","false",11888
"2026-04-04","1.25.0","pip","true",4573
"2026-04-04","1.25.0","poetry","false",1904
"2026-04-04","1.25.0","requests","false",42
"2026-04-04","1.25.0","uv","false",40380
"2026-04-04","1.25.0","uv","true",79481
"2026-04-04","1.26.0","","false",590
"2026-04-04","1.26.0","Bazel","false",263
"2026-04-04","1.26.0","Browser","false",418
"2026-04-04","1.26.0","Nexus","false",124
"2026-04-04","1.26.0","OS","false",4
"2026-04-04","1.26.0","bandersnatch","false",4
"2026-04-04","1.26.0","pip","false",110318
"2026-04-04","1.26.0","pip","true",16620
"2026-04-04","1.26.0","poetry","false",9380
"2026-04-04","1.26.0","requests","false",842
"2026-04-04","1.26.0","uv","false",192294
"2026-04-04","1.26.0","uv","true",217740
"2026-04-04","1.27.0","","false",883
"2026-04-04","1.27.0","Bazel","false",2
"2026-04-04","1.27.0","Browser","false",91
"2026-04-04","1.27.0","Homebrew","false",2
"2026-04-04","1.27.0","Nexus","false",203
"2026-04-04","1.27.0","OS","false",4
"2026-04-04","1.27.0","bandersnatch","false",14
"2026-04-04","1.27.0","devpi","false",7
"2026-04-04","1.27.0","pip","false",487408
"2026-04-04","1.27.0","pip","true",126485
"2026-04-04","1.27.0","poetry","false",2312
"2026-04-04","1.27.0","requests","false",203
"2026-04-04","1.27.0","uv","false",1949984
"2026-04-04","1.27.0","uv","true",105825
"2026-04-04","other","","false",329
"2026-04-04","other","Bazel","false",20
"2026-04-04","other","Browser","false",93
"2026-04-04","other","Homebrew","false",5
"2026-04-04","other","Nexus","false",169
"2026-04-04","other","devpi","false",1
"2026-04-04","other","pip","false",168740
"2026-04-04","other","pip","true",140281
"2026-04-04","other","poetry","false",8873
"2026-04-04","other","requests","false",409
"2026-04-04","other","uv","false",183882
"2026-04-04","other","uv","true",1380668
"2026-04-05","1.25.0","","false",44
"2026-04-05","1.25.0","Bazel","false",9
"2026-04-05","1.25.0","Browser","false",3
"2026-04-05","1.25.0","Nexus","false",23
"2026-04-05","1.25.0","pip","false",12611
"2026-04-05","1.25.0","pip","true",3766
"2026-04-05","1.25.0","poetry","false",2319
"2026-04-05","1.25.0","requests","false",191
"2026-04-05","1.25.0","uv","false",31597
"2026-04-05","1.25.0","uv","true",82463
"2026-04-05","1.26.0","","false",653
"2026-04-05","1.26.0","Bazel","false",181
"2026-04-05","1.26.0","Browser","false",486
"2026-04-05","1.26.0","Nexus","false",137
"2026-04-05","1.26.0","pip","false",106452
"2026-04-05","1.26.0","pip","true",14843
"2026-04-05","1.26.0","poetry","false",10053
"2026-04-05","1.26.0","requests","false",4018
"2026-04-05","1.26.0","uv","false",182013
"2026-04-05","1.26.0","uv","true",204291
"2026-04-05","1.27.0","","false",748
"2026-04-05","1.27.0","Browser","false",94
"2026-04-05","1.27.0","Nexus","false",209
"2026-04-05","1.27.0","OS","false",7
"2026-04-05","1.27.0","bandersnatch","false",8
"2026-04-05","1.27.0","devpi","false",6
"2026-04-05","1.27.0","pip","false",484156
"2026-04-05","1.27.0","pip","true",128217
"2026-04-05","1.27.0","poetry","false",2811
"2026-04-05","1.27.0","requests","false",151
"2026-04-05","1.27.0","uv","false",1645932
"2026-04-05","1.27.0","uv","true",101694
"2026-04-05","other","","false",372
"2026-04-05","other","Bazel","false",18
"2026-04-05","other","Browser","false",62
"2026-04-05","other","Homebrew","false",4
"2026-04-05","other","Nexus","false",298
"2026-04-05","other","OS","false",1
"2026-04-05","other","devpi","false",1
"2026-04-05","other","pip","false",179545
"2026-04-05","other","pip","true",166429
"2026-04-05","other","poetry","false",7427
"2026-04-05","other","requests","false",354
"2026-04-05","other","uv","false",172547
"2026-04-05","other","uv","true",1316074
"2026-04-06","1.25.0","","false",199
"2026-04-06","1.25.0","Bazel","false",83
"2026-04-06","1.25.0","Browser","false",15
"2026-04-06","1.25.0","Nexus","false",138
"2026-04-06","1.25.0","bandersnatch","false",2
"2026-04-06","1.25.0","pip","false",23292
"2026-04-06","1.25.0","pip","true",6720
"2026-04-06","1.25.0","poetry","false",8748
"2026-04-06","1.25.0","requests","false",273
"2026-04-06","1.25.0","uv","false",49563
"2026-04-06","1.25.0","uv","true",119547
"2026-04-06","1.26.0","","false",1503
"2026-04-06","1.26.0","Bazel","false",1076
"2026-04-06","1.26.0","Browser","false",898
"2026-04-06","1.26.0","Nexus","false",432
"2026-04-06","1.26.0","OS","false",1
"2026-04-06","1.26.0","bandersnatch","false",16
"2026-04-06","1.26.0","pip","false",127594
"2026-04-06","1.26.0","pip","true",27979
"2026-04-06","1.26.0","poetry","false",24687
"2026-04-06","1.26.0","requests","false",6406
"2026-04-06","1.26.0","uv","false",312940
"2026-04-06","1.26.0","uv","true",412952
"2026-04-06","1.27.0","","false",2084
"2026-04-06","1.27.0","Bazel","false",5
"2026-04-06","1.27.0","Browser","false",131
"2026-04-06","1.27.0","Nexus","false",479
"2026-04-06","1.27.0","OS","false",6
"2026-04-06","1.27.0","bandersnatch","false",8
"2026-04-06","1.27.0","devpi","false",11
"2026-04-06","1.27.0","pip","false",622072
"2026-04-06","1.27.0","pip","true",193459
"2026-04-06","1.27.0","poetry","false",8092
"2026-04-06","1.27.0","requests","false",331
"2026-04-06","1.27.0","uv","false",2127572
"2026-04-06","1.27.0","uv","true",189749
"2026-04-06","other","","false",1116
"2026-04-06","other","Bazel","false",54
"2026-04-06","other","Browser","false",56
"2026-04-06","other","Homebrew","false",9
"2026-04-06","other","Nexus","false",783
"2026-04-06","other","bandersnatch","false",48
"2026-04-06","other","pip","false",299592
"2026-04-06","other","pip","true",248779
"2026-04-06","other","poetry","false",17553
"2026-04-06","other","requests","false",685
"2026-04-06","other","uv","false",322587
"2026-04-06","other","uv","true",1419476
"2026-04-07","1.25.0","","false",482
"2026-04-07","1.25.0","Artifactory","false",2
"2026-04-07","1.25.0","Bazel","false",79
"2026-04-07","1.25.0","Browser","false",8
"2026-04-07","1.25.0","Nexus","false",108
"2026-04-07","1.25.0","devpi","false",3
"2026-04-07","1.25.0","pip","false",24637
"2026-04-07","1.25.0","pip","true",11527
"2026-04-07","1.25.0","poetry","false",8786
"2026-04-07","1.25.0","requests","false",223
"2026-04-07","1.25.0","uv","false",65011
"2026-04-07","1.25.0","uv","true",138086
"2026-04-07","1.26.0","","false",2442
"2026-04-07","1.26.0","Artifactory","false",2
"2026-04-07","1.26.0","Bazel","false",1363
"2026-04-07","1.26.0","Browser","false",869
"2026-04-07","1.26.0","Nexus","false",463
"2026-04-07","1.26.0","devpi","false",3
"2026-04-07","1.26.0","pip","false",164316
"2026-04-07","1.26.0","pip","true",35868
"2026-04-07","1.26.0","poetry","false",34405
"2026-04-07","1.26.0","requests","false",7428
"2026-04-07","1.26.0","uv","false",350632
"2026-04-07","1.26.0","uv","true",527939
"2026-04-07","1.27.0","","false",2905
"2026-04-07","1.27.0","Artifactory","false",3
"2026-04-07","1.27.0","Bazel","false",4
"2026-04-07","1.27.0","Browser","false",171
"2026-04-07","1.27.0","Nexus","false",630
"2026-04-07","1.27.0","OS","false",7
"2026-04-07","1.27.0","bandersnatch","false",8
"2026-04-07","1.27.0","devpi","false",19
"2026-04-07","1.27.0","pip","false",746906
"2026-04-07","1.27.0","pip","true",242025
"2026-04-07","1.27.0","poetry","false",11474
"2026-04-07","1.27.0","requests","false",463
"2026-04-07","1.27.0","uv","false",2058200
"2026-04-07","1.27.0","uv","true",245236
"2026-04-07","other","","false",1552
"2026-04-07","other","Artifactory","false",40
"2026-04-07","other","Bazel","false",56
"2026-04-07","other","Browser","false",182
"2026-04-07","other","Homebrew","false",17
"2026-04-07","other","Nexus","false",1236
"2026-04-07","other","devpi","false",29
"2026-04-07","other","pip","false",384330
"2026-04-07","other","pip","true",323756
"2026-04-07","other","poetry","false",23880
"2026-04-07","other","requests","false",347
"2026-04-07","other","uv","false",366539
"2026-04-07","other","uv","true",1503913
"2026-04-08","1.25.0","","false",348
"2026-04-08","1.25.0","Bazel","false",72
"2026-04-08","1.25.0","Browser","false",5
"2026-04-08","1.25.0","Homebrew","false",22
"2026-04-08","1.25.0","Nexus","false",110
"2026-04-08","1.25.0","bandersnatch","false",2
"2026-04-08","1.25.0","devpi","false",1
"2026-04-08","1.25.0","pip","false",28101
"2026-04-08","1.25.0","pip","true",12438
"2026-04-08","1.25.0","poetry","false",10056
"2026-04-08","1.25.0","requests","false",120
"2026-04-08","1.25.0","uv","false",66987
"2026-04-08","1.25.0","uv","true",148891
"2026-04-08","1.26.0","","false",2913
"2026-04-08","1.26.0","Bazel","false",1313
"2026-04-08","1.26.0","Browser","false",974
"2026-04-08","1.26.0","Nexus","false",418
"2026-04-08","1.26.0","OS","false",1
"2026-04-08","1.26.0","bandersnatch","false",2
"2026-04-08","1.26.0","devpi","false",4
"2026-04-08","1.26.0","pip","false",191584
"2026-04-08","1.26.0","pip","true",33950
"2026-04-08","1.26.0","poetry","false",34696
"2026-04-08","1.26.0","requests","false",5458
"2026-04-08","1.26.0","uv","false",356991
"2026-04-08","1.26.0","uv","true",525822
"2026-04-08","1.27.0","","false",2800
"2026-04-08","1.27.0","Artifactory","false",1
"2026-04-08","1.27.0","Bazel","false",3
"2026-04-08","1.27.0","Browser","false",179
"2026-04-08","1.27.0","Nexus","false",619
"2026-04-08","1.27.0","OS","false",1
"2026-04-08","1.27.0","bandersnatch","false",5
"2026-04-08","1.27.0","devpi","false",21
"2026-04-08","1.27.0","pip","false",799047
"2026-04-08","1.27.0","pip","true",275785
"2026-04-08","1.27.0","poetry","false",14241
"2026-04-08","1.27.0","requests","false",732
"2026-04-08","1.27.0","uv","false",3386454
"2026-04-08","1.27.0","uv","true",276182
"2026-04-08","other","","false",1519
"2026-04-08","other","Bazel","false",59
"2026-04-08","other","Browser","false",318
"2026-04-08","other","Homebrew","false",9
"2026-04-08","other","Nexus","false",1134
"2026-04-08","other","bandersnatch","false",4
"2026-04-08","other","devpi","false",49
"2026-04-08","other","pip","false",398793
"2026-04-08","other","pip","true",303687
"2026-04-08","other","poetry","false",25545
"2026-04-08","other","requests","false",436
"2026-04-08","other","uv","false",371589
"2026-04-08","other","uv","true",1529486
"2026-04-09","1.25.0","","false",432
"2026-04-09","1.25.0","Bazel","false",77
"2026-04-09","1.25.0","Browser","false",1
"2026-04-09","1.25.0","Nexus","false",93
"2026-04-09","1.25.0","bandersnatch","false",4
"2026-04-09","1.25.0","pip","false",38241
"2026-04-09","1.25.0","pip","true",12408
"2026-04-09","1.25.0","poetry","false",7574
"2026-04-09","1.25.0","requests","false",239
"2026-04-09","1.25.0","uv","false",68785
"2026-04-09","1.25.0","uv","true",150502
"2026-04-09","1.26.0","","false",2601
"2026-04-09","1.26.0","Bazel","false",1516
"2026-04-09","1.26.0","Browser","false",621
"2026-04-09","1.26.0","Homebrew","false",2
"2026-04-09","1.26.0","Nexus","false",422
"2026-04-09","1.26.0","bandersnatch","false",4
"2026-04-09","1.26.0","devpi","false",2
"2026-04-09","1.26.0","pip","false",155005
"2026-04-09","1.26.0","pip","true",34368
"2026-04-09","1.26.0","poetry","false",38596
"2026-04-09","1.26.0","requests","false",7675
"2026-04-09","1.26.0","uv","false",391718
"2026-04-09","1.26.0","uv","true",537435
"2026-04-09","1.27.0","","false",3221
"2026-04-09","1.27.0","Artifactory","false",1
"2026-04-09","1.27.0","Bazel","false",4
"2026-04-09","1.27.0","Browser","false",181
"2026-04-09","1.27.0","Homebrew","false",9
"2026-04-09","1.27.0","Nexus","false",640
"2026-04-09","1.27.0","OS","false",5
"2026-04-09","1.27.0","bandersnatch","false",8
"2026-04-09","1.27.0","devpi","false",16
"2026-04-09","1.27.0","pdm","false",2
"2026-04-09","1.27.0","pip","false",783792
"2026-04-09","1.27.0","pip","true",209140
"2026-04-09","1.27.0","poetry","false",14723
"2026-04-09","1.27.0","requests","false",658
"2026-04-09","1.27.0","uv","false",3176828
"2026-04-09","1.27.0","uv","true",300992
"2026-04-09","other","","false",1577
"2026-04-09","other","Bazel","false",146
"2026-04-09","other","Browser","false",194
"2026-04-09","other","Homebrew","false",8
"2026-04-09","other","Nexus","false",989
"2026-04-09","other","bandersnatch","false",204
"2026-04-09","other","devpi","false",4
"2026-04-09","other","pip","false",393780
"2026-04-09","other","pip","true",253096
"2026-04-09","other","poetry","false",26297
"2026-04-09","other","requests","false",308
"2026-04-09","other","uv","false",373400
"2026-04-09","other","uv","true",1584609
"2026-04-10","1.25.0","","false",251
"2026-04-10","1.25.0","Bazel","false",79
"2026-04-10","1.25.0","Browser","false",1
"2026-04-10","1.25.0","Homebrew","false",2
"2026-04-10","1.25.0","Nexus","false",117
"2026-04-10","1.25.0","bandersnatch","false",4
"2026-04-10","1.25.0","pip","false",27871
"2026-04-10","1.25.0","pip","true",11554
"2026-04-10","1.25.0","poetry","false",6795
"2026-04-10","1.25.0","requests","false",62
"2026-04-10","1.25.0","uv","false",69805
"2026-04-10","1.25.0","uv","true",130845
"2026-04-10","1.26.0","","false",2345
"2026-04-10","1.26.0","Bazel","false",1032
"2026-04-10","1.26.0","Browser","false",790
"2026-04-10","1.26.0","Homebrew","false",2
"2026-04-10","1.26.0","Nexus","false",499
"2026-04-10","1.26.0","OS","false",2
"2026-04-10","1.26.0","bandersnatch","false",4
"2026-04-10","1.26.0","pip","false",165374
"2026-04-10","1.26.0","pip","true",34379
"2026-04-10","1.26.0","poetry","false",30036
"2026-04-10","1.26.0","requests","false",2958
"2026-04-10","1.26.0","uv","false",337906
"2026-04-10","1.26.0","uv","true",479201
"2026-04-10","1.27.0","","false",3335
"2026-04-10","1.27.0","Bazel","false",2
"2026-04-10","1.27.0","Browser","false",144
"2026-04-10","1.27.0","Homebrew","false",102
"2026-04-10","1.27.0","Nexus","false",613
"2026-04-10","1.27.0","OS","false",2
"2026-04-10","1.27.0","bandersnatch","false",6
"2026-04-10","1.27.0","devpi","false",18
"2026-04-10","1.27.0","pip","false",718770
"2026-04-10","1.27.0","pip","true",192225
"2026-04-10","1.27.0","poetry","false",15756
"2026-04-10","1.27.0","requests","false",727
"2026-04-10","1.27.0","uv","false",2348191
"2026-04-10","1.27.0","uv","true",285014
"2026-04-10","other","","false",1931
"2026-04-10","other","Bazel","false",134
"2026-04-10","other","Browser","false",190
"2026-04-10","other","Homebrew","false",4
"2026-04-10","other","Nexus","false",1256
"2026-04-10","other","bandersnatch","false",150
"2026-04-10","other","devpi","false",2
"2026-04-10","other","pip","false",313725
"2026-04-10","other","pip","true",292961
"2026-04-10","other","poetry","false",21479
"2026-04-10","other","requests","false",303
"2026-04-10","other","uv","false",358792
"2026-04-10","other","uv","true",1530019
"2026-04-11","1.25.0","","false",71
"2026-04-11","1.25.0","Bazel","false",11
"2026-04-11","1.25.0","Browser","false",23
"2026-04-11","1.25.0","Homebrew","false",13
"2026-04-11","1.25.0","Nexus","false",11
"2026-04-11","1.25.0","pip","false",12397
"2026-04-11","1.25.0","pip","true",4196
"2026-04-11","1.25.0","poetry","false",2017
"2026-04-11","1.25.0","requests","false",69
"2026-04-11","1.25.0","uv","false",35692
"2026-04-11","1.25.0","uv","true",85257
"2026-04-11","1.26.0","","false",513
"2026-04-11","1.26.0","Bazel","false",258
"2026-04-11","1.26.0","Browser","false",1196
"2026-04-11","1.26.0","Nexus","false",103
"2026-04-11","1.26.0","devpi","false",4
"2026-04-11","1.26.0","pip","false",146173
"2026-04-11","1.26.0","pip","true",19816
"2026-04-11","1.26.0","poetry","false",10608
"2026-04-11","1.26.0","requests","false",806
"2026-04-11","1.26.0","uv","false",193878
"2026-04-11","1.26.0","uv","true",201803
"2026-04-11","1.27.0","","false",922
"2026-04-11","1.27.0","Bazel","false",3
"2026-04-11","1.27.0","Browser","false",83
"2026-04-11","1.27.0","Homebrew","false",19
"2026-04-11","1.27.0","Nexus","false",204
"2026-04-11","1.27.0","OS","false",2
"2026-04-11","1.27.0","bandersnatch","false",2
"2026-04-11","1.27.0","devpi","false",5
"2026-04-11","1.27.0","pip","false",517743
"2026-04-11","1.27.0","pip","true",121269
"2026-04-11","1.27.0","poetry","false",4737
"2026-04-11","1.27.0","requests","false",203
"2026-04-11","1.27.0","uv","false",2569103
"2026-04-11","1.27.0","uv","true",204630
"2026-04-11","other","","false",729
"2026-04-11","other","Bazel","false",60
"2026-04-11","other","Browser","false",115
"2026-04-11","other","Homebrew","false",6
"2026-04-11","other","Nexus","false",102
"2026-04-11","other","pip","false",172344
"2026-04-11","other","pip","true",177467
"2026-04-11","other","poetry","false",8783
"2026-04-11","other","requests","false",93
"2026-04-11","other","uv","false",193283
"2026-04-11","other","uv","true",1326072
"2026-04-12","1.25.0","","false",36
"2026-04-12","1.25.0","Bazel","false",5
"2026-04-12","1.25.0","Browser","false",28
"2026-04-12","1.25.0","Nexus","false",23
"2026-04-12","1.25.0","bandersnatch","false",2
"2026-04-12","1.25.0","pip","false",14206
"2026-04-12","1.25.0","pip","true",3202
"2026-04-12","1.25.0","poetry","false",3607
"2026-04-12","1.25.0","requests","false",233
"2026-04-12","1.25.0","uv","false",39793
"2026-04-12","1.25.0","uv","true",90698
"2026-04-12","1.26.0","","false",579
"2026-04-12","1.26.0","Bazel","false",228
"2026-04-12","1.26.0","Browser","false",813
"2026-04-12","1.26.0","Nexus","false",112
"2026-04-12","1.26.0","bandersnatch","false",2
"2026-04-12","1.26.0","devpi","false",2
"2026-04-12","1.26.0","pip","false",159596
"2026-04-12","1.26.0","pip","true",17744
"2026-04-12","1.26.0","poetry","false",11227
"2026-04-12","1.26.0","requests","false",6956
"2026-04-12","1.26.0","uv","false",210101
"2026-04-12","1.26.0","uv","true",201421
"2026-04-12","1.27.0","","false",1072
"2026-04-12","1.27.0","Browser","false",81
"2026-04-12","1.27.0","Homebrew","false",34
"2026-04-12","1.27.0","Nexus","false",196
"2026-04-12","1.27.0","OS","false",2
"2026-04-12","1.27.0","bandersnatch","false",4
"2026-04-12","1.27.0","devpi","false",2
"2026-04-12","1.27.0","pip","false",539588
"2026-04-12","1.27.0","pip","true",125110
"2026-04-12","1.27.0","poetry","false",4398
"2026-04-12","1.27.0","requests","false",118
"2026-04-12","1.27.0","uv","false",5262621
"2026-04-12","1.27.0","uv","true",228757
"2026-04-12","other","","false",579
"2026-04-12","other","Bazel","false",32
"2026-04-12","other","Browser","false",166
"2026-04-12","other","Homebrew","false",5
"2026-04-12","other","Nexus","false",179
"2026-04-12","other","OS","false",1
"2026-04-12","other","bandersnatch","false",6
"2026-04-12","other","devpi","false",1
"2026-04-12","other","pip","false",194661
"2026-04-12","other","pip","true",102711
"2026-04-12","other","poetry","false",8320
"2026-04-12","other","requests","false",63
"2026-04-12","other","uv","false",198747
"2026-04-12","other","uv","true",1305675
"2026-04-13","1.25.0","","false",280
"2026-04-13","1.25.0","Bazel","false",63
"2026-04-13","1.25.0","Browser","false",18
"2026-04-13","1.25.0","Nexus","false",103
"2026-04-13","1.25.0","bandersnatch","false",2
"2026-04-13","1.25.0","devpi","false",1
"2026-04-13","1.25.0","pip","false",28956
"2026-04-13","1.25.0","pip","true",12934
"2026-04-13","1.25.0","poetry","false",7478
"2026-04-13","1.25.0","requests","false",311
"2026-04-13","1.25.0","uv","false",74003
"2026-04-13","1.25.0","uv","true",136091
"2026-04-13","1.26.0","","false",2587
"2026-04-13","1.26.0","Artifactory","false",2
"2026-04-13","1.26.0","Bazel","false",1304
"2026-04-13","1.26.0","Browser","false",1415
"2026-04-13","1.26.0","Nexus","false",504
"2026-04-13","1.26.0","bandersnatch","false",2
"2026-04-13","1.26.0","devpi","false",1
"2026-04-13","1.26.0","pip","false",180745
"2026-04-13","1.26.0","pip","true",33561
"2026-04-13","1.26.0","poetry","false",34894
"2026-04-13","1.26.0","requests","false",8711
"2026-04-13","1.26.0","uv","false",289481
"2026-04-13","1.26.0","uv","true",484536
"2026-04-13","1.27.0","","false",3733
"2026-04-13","1.27.0","Artifactory","false",2
"2026-04-13","1.27.0","Bazel","false",3
"2026-04-13","1.27.0","Browser","false",151
"2026-04-13","1.27.0","Nexus","false",618
"2026-04-13","1.27.0","OS","false",3
"2026-04-13","1.27.0","bandersnatch","false",12
"2026-04-13","1.27.0","devpi","false",9
"2026-04-13","1.27.0","pip","false",788282
"2026-04-13","1.27.0","pip","true",215933
"2026-04-13","1.27.0","poetry","false",17618
"2026-04-13","1.27.0","requests","false",530
"2026-04-13","1.27.0","uv","false",4641502
"2026-04-13","1.27.0","uv","true",378689
"2026-04-13","other","","false",1638
"2026-04-13","other","Bazel","false",108
"2026-04-13","other","Browser","false",159
"2026-04-13","other","Homebrew","false",36
"2026-04-13","other","Nexus","false",1124
"2026-04-13","other","bandersnatch","false",74
"2026-04-13","other","devpi","false",3
"2026-04-13","other","pip","false",372676
"2026-04-13","other","pip","true",242926
"2026-04-13","other","poetry","false",20487
"2026-04-13","other","requests","false",327
"2026-04-13","other","uv","false",352481
"2026-04-13","other","uv","true",1391683
"2026-04-14","1.25.0","","false",363
"2026-04-14","1.25.0","Bazel","false",79
"2026-04-14","1.25.0","Browser","false",4
"2026-04-14","1.25.0","Nexus","false",119
"2026-04-14","1.25.0","bandersnatch","false",2
"2026-04-14","1.25.0","devpi","false",2
"2026-04-14","1.25.0","pip","false",26521
"2026-04-14","1.25.0","pip","true",13115
"2026-04-14","1.25.0","poetry","false",9947
"2026-04-14","1.25.0","requests","false",342
"2026-04-14","1.25.0","uv","false",78536
"2026-04-14","1.25.0","uv","true",156307
"2026-04-14","1.26.0","","false",2972
"2026-04-14","1.26.0","Bazel","false",1507
"2026-04-14","1.26.0","Browser","false",1378
"2026-04-14","1.26.0","Nexus","false",632
"2026-04-14","1.26.0","bandersnatch","false",2
"2026-04-14","1.26.0","devpi","false",4
"2026-04-14","1.26.0","pip","false",179457
"2026-04-14","1.26.0","pip","true",33379
"2026-04-14","1.26.0","poetry","false",35272
"2026-04-14","1.26.0","requests","false",5022
"2026-04-14","1.26.0","uv","false",315665
"2026-04-14","1.26.0","uv","true",541542
"2026-04-14","1.27.0","","false",3529
"2026-04-14","1.27.0","Artifactory","false",3
"2026-04-14","1.27.0","Bazel","false",16
"2026-04-14","1.27.0","Browser","false",121
"2026-04-14","1.27.0","Homebrew","false",40
"2026-04-14","1.27.0","Nexus","false",677
"2026-04-14","1.27.0","OS","false",3
"2026-04-14","1.27.0","bandersnatch","false",2
"2026-04-14","1.27.0","devpi","false",14
"2026-04-14","1.27.0","pip","false",766750
"2026-04-14","1.27.0","pip","true",215154
"2026-04-14","1.27.0","poetry","false",19281
"2026-04-14","1.27.0","requests","false",525
"2026-04-14","1.27.0","setuptools","false",1
"2026-04-14","1.27.0","uv","false",5286215
"2026-04-14","1.27.0","uv","true",406753
"2026-04-14","other","","false",2085
"2026-04-14","other","Artifactory","false",2
"2026-04-14","other","Bazel","false",94
"2026-04-14","other","Browser","false",171
"2026-04-14","other","Homebrew","false",49
"2026-04-14","other","Nexus","false",962
"2026-04-14","other","bandersnatch","false",102
"2026-04-14","other","devpi","false",47
"2026-04-14","other","pip","false",377524
"2026-04-14","other","pip","true",249401
"2026-04-14","other","poetry","false",21569
"2026-04-14","other","requests","false",440
"2026-04-14","other","uv","false",365168
"2026-04-14","other","uv","true",1515976
"2026-04-15","1.25.0","","false",426
"2026-04-15","1.25.0","Bazel","false",56
"2026-04-15","1.25.0","Browser","false",5
"2026-04-15","1.25.0","Homebrew","false",13
"2026-04-15","1.25.0","Nexus","false",137
"2026-04-15","1.25.0","bandersnatch","false",6
"2026-04-15","1.25.0","pip","false",28849
"2026-04-15","1.25.0","pip","true",12615
"2026-04-15","1.25.0","poetry","false",9535
"2026-04-15","1.25.0","requests","false",387
"2026-04-15","1.25.0","uv","false",76712
"2026-04-15","1.25.0","uv","true",154351
"2026-04-15","1.26.0","","false",2932
"2026-04-15","1.26.0","Bazel","false",1548
"2026-04-15","1.26.0","Browser","false",978
"2026-04-15","1.26.0","Nexus","false",419
"2026-04-15","1.26.0","bandersnatch","false",6
"2026-04-15","1.26.0","devpi","false",3
"2026-04-15","1.26.0","pip","false",136373
"2026-04-15","1.26.0","pip","true",33619
"2026-04-15","1.26.0","poetry","false",32716
"2026-04-15","1.26.0","requests","false",4186
"2026-04-15","1.26.0","uv","false",353125
"2026-04-15","1.26.0","uv","true",574038
"2026-04-15","1.27.0","","false",3116
"2026-04-15","1.27.0","Bazel","false",26
"2026-04-15","1.27.0","Browser","false",144
"2026-04-15","1.27.0","Homebrew","false",28
"2026-04-15","1.27.0","Nexus","false",622
"2026-04-15","1.27.0","OS","false",1
"2026-04-15","1.27.0","bandersnatch","false",12
"2026-04-15","1.27.0","devpi","false",10
"2026-04-15","1.27.0","pip","false",750638
"2026-04-15","1.27.0","pip","true",209585
"2026-04-15","1.27.0","poetry","false",18524
"2026-04-15","1.27.0","requests","false",622
"2026-04-15","1.27.0","setuptools","false",2
"2026-04-15","1.27.0","uv","false",3786402
"2026-04-15","1.27.0","uv","true",394971
"2026-04-15","other","","false",1930
"2026-04-15","other","Bazel","false",89
"2026-04-15","other","Browser","false",193
"2026-04-15","other","Homebrew","false",17
"2026-04-15","other","Nexus","false",807
"2026-04-15","other","bandersnatch","false",102
"2026-04-15","other","devpi","false",34
"2026-04-15","other","pip","false",385375
"2026-04-15","other","pip","true",300639
"2026-04-15","other","poetry","false",24771
"2026-04-15","other","requests","false",446
"2026-04-15","other","uv","false",351869
"2026-04-15","other","uv","true",1550975
"2026-04-16","1.25.0","","false",349
"2026-04-16","1.25.0","Bazel","false",77
"2026-04-16","1.25.0","Browser","false",18
"2026-04-16","1.25.0","Nexus","false",261
"2026-04-16","1.25.0","bandersnatch","false",6
"2026-04-16","1.25.0","devpi","false",1
"2026-04-16","1.25.0","pip","false",27122
"2026-04-16","1.25.0","pip","true",11668
"2026-04-16","1.25.0","poetry","false",9527
"2026-04-16","1.25.0","requests","false",293
"2026-04-16","1.25.0","uv","false",69971
"2026-04-16","1.25.0","uv","true",151498
"2026-04-16","1.26.0","","false",3545
"2026-04-16","1.26.0","Bazel","false",1553
"2026-04-16","1.26.0","Browser","false",1034
"2026-04-16","1.26.0","Nexus","false",460
"2026-04-16","1.26.0","bandersnatch","false",10
"2026-04-16","1.26.0","devpi","false",3
"2026-04-16","1.26.0","pip","false",140906
"2026-04-16","1.26.0","pip","true",31932
"2026-04-16","1.26.0","poetry","false",32550
"2026-04-16","1.26.0","requests","false",4235
"2026-04-16","1.26.0","uv","false",357843
"2026-04-16","1.26.0","uv","true",556556
"2026-04-16","1.27.0","","false",3517
"2026-04-16","1.27.0","Bazel","false",16
"2026-04-16","1.27.0","Browser","false",213
"2026-04-16","1.27.0","Homebrew","false",71
"2026-04-16","1.27.0","Nexus","false",652
"2026-04-16","1.27.0","OS","false",1
"2026-04-16","1.27.0","bandersnatch","false",9
"2026-04-16","1.27.0","devpi","false",8
"2026-04-16","1.27.0","pip","false",786653
"2026-04-16","1.27.0","pip","true",219015
"2026-04-16","1.27.0","poetry","false",20311
"2026-04-16","1.27.0","requests","false",504
"2026-04-16","1.27.0","uv","false",2985482
"2026-04-16","1.27.0","uv","true",403417
"2026-04-16","other","","false",1542
"2026-04-16","other","Bazel","false",88
"2026-04-16","other","Browser","false",279
"2026-04-16","other","Homebrew","false",23
"2026-04-16","other","Nexus","false",909
"2026-04-16","other","bandersnatch","false",330
"2026-04-16","other","devpi","false",21
"2026-04-16","other","pip","false",375342
"2026-04-16","other","pip","true",243652
"2026-04-16","other","poetry","false",24204
"2026-04-16","other","requests","false",392
"2026-04-16","other","uv","false",321802
"2026-04-16","other","uv","true",1558190
"2026-04-17","1.25.0","","false",240
"2026-04-17","1.25.0","Bazel","false",80
"2026-04-17","1.25.0","Browser","false",10
"2026-04-17","1.25.0","Nexus","false",178
"2026-04-17","1.25.0","bandersnatch","false",2
"2026-04-17","1.25.0","pip","false",23446
"2026-04-17","1.25.0","pip","true",12014
"2026-04-17","1.25.0","poetry","false",9046
"2026-04-17","1.25.0","requests","false",87
"2026-04-17","1.25.0","uv","false",81474
"2026-04-17","1.25.0","uv","true",143062
"2026-04-17","1.26.0","","false",2032
"2026-04-17","1.26.0","Bazel","false",1491
"2026-04-17","1.26.0","Browser","false",885
"2026-04-17","1.26.0","Nexus","false",418
"2026-04-17","1.26.0","bandersnatch","false",2
"2026-04-17","1.26.0","devpi","false",2
"2026-04-17","1.26.0","pip","false",146389
"2026-04-17","1.26.0","pip","true",29490
"2026-04-17","1.26.0","poetry","false",28101
"2026-04-17","1.26.0","requests","false",1146
"2026-04-17","1.26.0","uv","false",341609
"2026-04-17","1.26.0","uv","true",495793
"2026-04-17","1.27.0","","false",3894
"2026-04-17","1.27.0","Bazel","false",19
"2026-04-17","1.27.0","Browser","false",122
"2026-04-17","1.27.0","Homebrew","false",81
"2026-04-17","1.27.0","Nexus","false",622
"2026-04-17","1.27.0","OS","false",2
"2026-04-17","1.27.0","bandersnatch","false",6
"2026-04-17","1.27.0","devpi","false",7
"2026-04-17","1.27.0","pip","false",712086
"2026-04-17","1.27.0","pip","true",233636
"2026-04-17","1.27.0","poetry","false",21938
"2026-04-17","1.27.0","requests","false",514
"2026-04-17","1.27.0","uv","false",4277548
"2026-04-17","1.27.0","uv","true",407220
"2026-04-17","other","","false",1677
"2026-04-17","other","Bazel","false",97
"2026-04-17","other","Browser","false",299
"2026-04-17","other","Homebrew","false",32
"2026-04-17","other","Nexus","false",1138
"2026-04-17","other","bandersnatch","false",102
"2026-04-17","other","devpi","false",2
"2026-04-17","other","pip","false",322653
"2026-04-17","other","pip","true",299188
"2026-04-17","other","poetry","false",17349
"2026-04-17","other","requests","false",286
"2026-04-17","other","setuptools","false",1
"2026-04-17","other","uv","false",301752
"2026-04-17","other","uv","true",1536664
"2026-04-18","1.25.0","","false",39
"2026-04-18","1.25.0","Bazel","false",7
"2026-04-18","1.25.0","Browser","false",1
"2026-04-18","1.25.0","Nexus","false",23
"2026-04-18","1.25.0","bandersnatch","false",2
"2026-04-18","1.25.0","devpi","false",1
"2026-04-18","1.25.0","pip","false",16993
"2026-04-18","1.25.0","pip","true",4388
"2026-04-18","1.25.0","poetry","false",2251
"2026-04-18","1.25.0","requests","false",32
"2026-04-18","1.25.0","uv","false",49154
"2026-04-18","1.25.0","uv","true",88704
"2026-04-18","1.26.0","","false",522
"2026-04-18","1.26.0","Bazel","false",291
"2026-04-18","1.26.0","Browser","false",695
"2026-04-18","1.26.0","Nexus","false",84
"2026-04-18","1.26.0","bandersnatch","false",2
"2026-04-18","1.26.0","devpi","false",3
"2026-04-18","1.26.0","pip","false",110384
"2026-04-18","1.26.0","pip","true",14576
"2026-04-18","1.26.0","poetry","false",7167
"2026-04-18","1.26.0","requests","false",763
"2026-04-18","1.26.0","uv","false",189444
"2026-04-18","1.26.0","uv","true",202831
"2026-04-18","1.27.0","","false",1307
"2026-04-18","1.27.0","Bazel","false",2
"2026-04-18","1.27.0","Browser","false",58
"2026-04-18","1.27.0","Homebrew","false",2
"2026-04-18","1.27.0","Nexus","false",194
"2026-04-18","1.27.0","OS","false",1
"2026-04-18","1.27.0","bandersnatch","false",2
"2026-04-18","1.27.0","devpi","false",6
"2026-04-18","1.27.0","pip","false",501639
"2026-04-18","1.27.0","pip","true",126038
"2026-04-18","1.27.0","pip​","false",27
"2026-04-18","1.27.0","poetry","false",5926
"2026-04-18","1.27.0","requests","false",92
"2026-04-18","1.27.0","uv","false",4161691
"2026-04-18","1.27.0","uv","true",277865
"2026-04-18","other","","false",359
"2026-04-18","other","Bazel","false",26
"2026-04-18","other","Browser","false",91
"2026-04-18","other","Homebrew","false",20
"2026-04-18","other","Nexus","false",114
"2026-04-18","other","devpi","false",20
"2026-04-18","other","pip","false",208141
"2026-04-18","other","pip","true",174985
"2026-04-18","other","pip​","false",3
"2026-04-18","other","poetry","false",8434
"2026-04-18","other","requests","false",33
"2026-04-18","other","uv","false",167342
"2026-04-18","other","uv","true",1305744
"2026-04-19","1.25.0","","false",51
"2026-04-19","1.25.0","Bazel","false",13
"2026-04-19","1.25.0","Browser","false",4
"2026-04-19","1.25.0","Nexus","false",27
"2026-04-19","1.25.0","bandersnatch","false",2
"2026-04-19","1.25.0","pip","false",15017
"2026-04-19","1.25.0","pip","true",4331
"2026-04-19","1.25.0","poetry","false",1938
"2026-04-19","1.25.0","requests","false",211
"2026-04-19","1.25.0","uv","false",30860
"2026-04-19","1.25.0","uv","true",89699
"2026-04-19","1.26.0","","false",626
"2026-04-19","1.26.0","Bazel","false",256
"2026-04-19","1.26.0","Browser","false",685
"2026-04-19","1.26.0","Nexus","false",97
"2026-04-19","1.26.0","bandersnatch","false",2
"2026-04-19","1.26.0","pip","false",117189
"2026-04-19","1.26.0","pip","true",15029
"2026-04-19","1.26.0","poetry","false",9729
"2026-04-19","1.26.0","requests","false",2066
"2026-04-19","1.26.0","uv","false",189221
"2026-04-19","1.26.0","uv","true",193956
"2026-04-19","1.27.0","","false",1098
"2026-04-19","1.27.0","Bazel","false",3
"2026-04-19","1.27.0","Browser","false",65
"2026-04-19","1.27.0","Homebrew","false",1
"2026-04-19","1.27.0","Nexus","false",262
"2026-04-19","1.27.0","OS","false",4
"2026-04-19","1.27.0","bandersnatch","false",4
"2026-04-19","1.27.0","devpi","false",2
"2026-04-19","1.27.0","pip","false",513161
"2026-04-19","1.27.0","pip","true",141239
"2026-04-19","1.27.0","poetry","false",5236
"2026-04-19","1.27.0","requests","false",137
"2026-04-19","1.27.0","uv","false",4149182
"2026-04-19","1.27.0","uv","true",289430
"2026-04-19","other","","false",612
"2026-04-19","other","Bazel","false",17
"2026-04-19","other","Browser","false",121
"2026-04-19","other","Homebrew","false",9
"2026-04-19","other","Nexus","false",215
"2026-04-19","other","OS","false",1
"2026-04-19","other","bandersnatch","false",10
"2026-04-19","other","devpi","false",2
"2026-04-19","other","pip","false",214925
"2026-04-19","other","pip","true",117898
"2026-04-19","other","poetry","false",9048
"2026-04-19","other","requests","false",37
"2026-04-19","other","uv","false",166904
"2026-04-19","other","uv","true",1376516
"2026-04-20","1.25.0","","false",413
"2026-04-20","1.25.0","Bazel","false",71
"2026-04-20","1.25.0","Browser","false",15
"2026-04-20","1.25.0","Homebrew","false",2
"2026-04-20","1.25.0","Nexus","false",251
"2026-04-20","1.25.0","bandersnatch","false",2
"2026-04-20","1.25.0","pip","false",29868
"2026-04-20","1.25.0","pip","true",16327
"2026-04-20","1.25.0","poetry","false",6787
"2026-04-20","1.25.0","requests","false",237
"2026-04-20","1.25.0","uv","false",61398
"2026-04-20","1.25.0","uv","true",145653
"2026-04-20","1.26.0","","false",1793
"2026-04-20","1.26.0","Bazel","false",1496
"2026-04-20","1.26.0","Browser","false",822
"2026-04-20","1.26.0","Nexus","false",468
"2026-04-20","1.26.0","bandersnatch","false",2
"2026-04-20","1.26.0","devpi","false",1
"2026-04-20","1.26.0","pip","false",166941
"2026-04-20","1.26.0","pip","true",31545
"2026-04-20","1.26.0","poetry","false",28691
"2026-04-20","1.26.0","requests","false",2684
"2026-04-20","1.26.0","uv","false",288710
"2026-04-20","1.26.0","uv","true",508813
"2026-04-20","1.27.0","","false",4240
"2026-04-20","1.27.0","Artifactory","false",1
"2026-04-20","1.27.0","Bazel","false",22
"2026-04-20","1.27.0","Browser","false",140
"2026-04-20","1.27.0","Homebrew","false",2
"2026-04-20","1.27.0","Nexus","false",715
"2026-04-20","1.27.0","OS","false",1
"2026-04-20","1.27.0","bandersnatch","false",4
"2026-04-20","1.27.0","devpi","false",13
"2026-04-20","1.27.0","pip","false",739346
"2026-04-20","1.27.0","pip","true",235801
"2026-04-20","1.27.0","poetry","false",23365
"2026-04-20","1.27.0","requests","false",585
"2026-04-20","1.27.0","uv","false",4699724
"2026-04-20","1.27.0","uv","true",459357
"2026-04-20","other","","false",1299
"2026-04-20","other","Bazel","false",70
"2026-04-20","other","Browser","false",243
"2026-04-20","other","Homebrew","false",10
"2026-04-20","other","Nexus","false",1134
"2026-04-20","other","bandersnatch","false",42
"2026-04-20","other","devpi","false",3
"2026-04-20","other","pip","false",388127
"2026-04-20","other","pip","true",268356
"2026-04-20","other","poetry","false",21070
"2026-04-20","other","requests","false",334
"2026-04-20","other","uv","false",312523
"2026-04-20","other","uv","true",1576567
"2026-04-21","1.25.0","","false",290
"2026-04-21","1.25.0","Bazel","false",106
"2026-04-21","1.25.0","Browser","false",14
"2026-04-21","1.25.0","Nexus","false",140
"2026-04-21","1.25.0","bandersnatch","false",4
"2026-04-21","1.25.0","devpi","false",1
"2026-04-21","1.25.0","pip","false",37102
"2026-04-21","1.25.0","pip","true",14670
"2026-04-21","1.25.0","poetry","false",8065
"2026-04-21","1.25.0","requests","false",149
"2026-04-21","1.25.0","uv","false",68367
"2026-04-21","1.25.0","uv","true",156773
"2026-04-21","1.26.0","","false",2252
"2026-04-21","1.26.0","Bazel","false",1708
"2026-04-21","1.26.0","Browser","false",1205
"2026-04-21","1.26.0","Nexus","false",484
"2026-04-21","1.26.0","bandersnatch","false",4
"2026-04-21","1.26.0","pip","false",152943
"2026-04-21","1.26.0","pip","true",33473
"2026-04-21","1.26.0","poetry","false",32543
"2026-04-21","1.26.0","requests","false",2104
"2026-04-21","1.26.0","uv","false",315834
"2026-04-21","1.26.0","uv","true",568351
"2026-04-21","1.27.0","","false",5930
"2026-04-21","1.27.0","Bazel","false",52
"2026-04-21","1.27.0","Browser","false",168
"2026-04-21","1.27.0","Homebrew","false",2
"2026-04-21","1.27.0","Nexus","false",719
"2026-04-21","1.27.0","bandersnatch","false",4
"2026-04-21","1.27.0","devpi","false",8
"2026-04-21","1.27.0","pip","false",754806
"2026-04-21","1.27.0","pip","true",228200
"2026-04-21","1.27.0","poetry","false",26129
"2026-04-21","1.27.0","requests","false",783
"2026-04-21","1.27.0","uv","false",4877136
"2026-04-21","1.27.0","uv","true",479435
"2026-04-21","other","","false",1248
"2026-04-21","other","Bazel","false",84
"2026-04-21","other","Browser","false",246
"2026-04-21","other","Homebrew","false",21
"2026-04-21","other","Nexus","false",1005
"2026-04-21","other","bandersnatch","false",192
"2026-04-21","other","devpi","false",28
"2026-04-21","other","pip","false",457720
"2026-04-21","other","pip","true",308597
"2026-04-21","other","poetry","false",23157
"2026-04-21","other","requests","false",225
"2026-04-21","other","uv","false",383614
"2026-04-21","other","uv","true",1674082
"2026-04-22","1.25.0","","false",490
"2026-04-22","1.25.0","Bazel","false",105
"2026-04-22","1.25.0","Browser","false",5
"2026-04-22","1.25.0","Nexus","false",169
"2026-04-22","1.25.0","bandersnatch","false",4
"2026-04-22","1.25.0","pip","false",32556
"2026-04-22","1.25.0","pip","true",14746
"2026-04-22","1.25.0","poetry","false",9261
"2026-04-22","1.25.0","requests","false",82
"2026-04-22","1.25.0","uv","false",73178
"2026-04-22","1.25.0","uv","true",153004
"2026-04-22","1.26.0","","false",1620
"2026-04-22","1.26.0","Artifactory","false",1
"2026-04-22","1.26.0","Bazel","false",1722
"2026-04-22","1.26.0","Browser","false",1135
"2026-04-22","1.26.0","Nexus","false",541
"2026-04-22","1.26.0","bandersnatch","false",4
"2026-04-22","1.26.0","devpi","false",3
"2026-04-22","1.26.0","pip","false",152070
"2026-04-22","1.26.0","pip","true",30464
"2026-04-22","1.26.0","poetry","false",30105
"2026-04-22","1.26.0","requests","false",1159
"2026-04-22","1.26.0","uv","false",330686
"2026-04-22","1.26.0","uv","true",535253
"2026-04-22","1.27.0","","false",5797
"2026-04-22","1.27.0","Bazel","false",49
"2026-04-22","1.27.0","Browser","false",192
"2026-04-22","1.27.0","Homebrew","false",46
"2026-04-22","1.27.0","Nexus","false",791
"2026-04-22","1.27.0","bandersnatch","false",8
"2026-04-22","1.27.0","devpi","false",2
"2026-04-22","1.27.0","pip","false",774808
"2026-04-22","1.27.0","pip","true",237865
"2026-04-22","1.27.0","poetry","false",22867
"2026-04-22","1.27.0","requests","false",648
"2026-04-22","1.27.0","setuptools","false",59
"2026-04-22","1.27.0","uv","false",4645714
"2026-04-22","1.27.0","uv","true",489337
"2026-04-22","other","","false",1346
"2026-04-22","other","Artifactory","false",1
"2026-04-22","other","Bazel","false",88
"2026-04-22","other","Browser","false",267
"2026-04-22","other","Homebrew","false",9
"2026-04-22","other","Nexus","false",925
"2026-04-22","other","bandersnatch","false",106
"2026-04-22","other","pip","false",488964
"2026-04-22","other","pip","true",247653
"2026-04-22","other","poetry","false",24210
"2026-04-22","other","requests","false",348
"2026-04-22","other","uv","false",388572
"2026-04-22","other","uv","true",1673921
"2026-04-23","1.25.0","","false",402
"2026-04-23","1.25.0","Bazel","false",87
"2026-04-23","1.25.0","Browser","false",5
"2026-04-23","1.25.0","Homebrew","false",15
"2026-04-23","1.25.0","Nexus","false",165
"2026-04-23","1.25.0","bandersnatch","false",2
"2026-04-23","1.25.0","pip","false",21866
"2026-04-23","1.25.0","pip","true",13507
"2026-04-23","1.25.0","poetry","false",7923
"2026-04-23","1.25.0","requests","false",277
"2026-04-23","1.25.0","uv","false",62966
"2026-04-23","1.25.0","uv","true",148062
"2026-04-23","1.26.0","","false",1913
"2026-04-23","1.26.0","Bazel","false",1422
"2026-04-23","1.26.0","Browser","false",1007
"2026-04-23","1.26.0","Nexus","false",514
"2026-04-23","1.26.0","bandersnatch","false",2
"2026-04-23","1.26.0","pip","false",168686
"2026-04-23","1.26.0","pip","true",30157
"2026-04-23","1.26.0","poetry","false",27046
"2026-04-23","1.26.0","requests","false",2189
"2026-04-23","1.26.0","uv","false",316212
"2026-04-23","1.26.0","uv","true",552836
"2026-04-23","1.27.0","","false",5018
"2026-04-23","1.27.0","Bazel","false",148
"2026-04-23","1.27.0","Browser","false",185
"2026-04-23","1.27.0","Homebrew","false",5
"2026-04-23","1.27.0","Nexus","false",790
"2026-04-23","1.27.0","OS","false",1
"2026-04-23","1.27.0","bandersnatch","false",2
"2026-04-23","1.27.0","devpi","false",7
"2026-04-23","1.27.0","pip","false",762312
"2026-04-23","1.27.0","pip","true",233121
"2026-04-23","1.27.0","poetry","false",25713
"2026-04-23","1.27.0","requests","false",545
"2026-04-23","1.27.0","setuptools","false",1
"2026-04-23","1.27.0","uv","false",4258194
"2026-04-23","1.27.0","uv","true",484370
"2026-04-23","other","","false",1526
"2026-04-23","other","Bazel","false",141
"2026-04-23","other","Browser","false",393
"2026-04-23","other","Homebrew","false",8
"2026-04-23","other","Nexus","false",716
"2026-04-23","other","devpi","false",4
"2026-04-23","other","pip","false",351732
"2026-04-23","other","pip","true",248568
"2026-04-23","other","poetry","false",20691
"2026-04-23","other","requests","false",312
"2026-04-23","other","uv","false",359400
"2026-04-23","other","uv","true",1660068
"2026-04-24","1.25.0","","false",388
"2026-04-24","1.25.0","Bazel","false",106
"2026-04-24","1.25.0","Browser","false",7
"2026-04-24","1.25.0","Homebrew","false",14
"2026-04-24","1.25.0","Nexus","false",130
"2026-04-24","1.25.0","bandersnatch","false",6
"2026-04-24","1.25.0","devpi","false",1
"2026-04-24","1.25.0","pip","false",22534
"2026-04-24","1.25.0","pip","true",13370
"2026-04-24","1.25.0","poetry","false",6459
"2026-04-24","1.25.0","requests","false",79
"2026-04-24","1.25.0","uv","false",60126
"2026-04-24","1.25.0","uv","true",141378
"2026-04-24","1.26.0","","false",1612
"2026-04-24","1.26.0","Bazel","false",1203
"2026-04-24","1.26.0","Browser","false",954
"2026-04-24","1.26.0","Nexus","false",358
"2026-04-24","1.26.0","bandersnatch","false",6
"2026-04-24","1.26.0","devpi","false",2
"2026-04-24","1.26.0","pip","false",168109
"2026-04-24","1.26.0","pip","true",27994
"2026-04-24","1.26.0","poetry","false",24877
"2026-04-24","1.26.0","requests","false",1018
"2026-04-24","1.26.0","uv","false",295273
"2026-04-24","1.26.0","uv","true",488995
"2026-04-24","1.27.0","","false",4930
"2026-04-24","1.27.0","Bazel","false",100
"2026-04-24","1.27.0","Browser","false",191
"2026-04-24","1.27.0","Homebrew","false",16
"2026-04-24","1.27.0","Nexus","false",588
"2026-04-24","1.27.0","OS","false",1
"2026-04-24","1.27.0","bandersnatch","false",10
"2026-04-24","1.27.0","devpi","false",7
"2026-04-24","1.27.0","pip","false",741274
"2026-04-24","1.27.0","pip","true",231779
"2026-04-24","1.27.0","poetry","false",24576
"2026-04-24","1.27.0","requests","false",609
"2026-04-24","1.27.0","setuptools","false",3
"2026-04-24","1.27.0","uv","false",4113333
"2026-04-24","1.27.0","uv","true",472052
"2026-04-24","other","","false",1546
"2026-04-24","other","Bazel","false",89
"2026-04-24","other","Browser","false",308
"2026-04-24","other","Homebrew","false",31
"2026-04-24","other","Nexus","false",860
"2026-04-24","other","bandersnatch","false",310
"2026-04-24","other","devpi","false",13
"2026-04-24","other","pip","false",346465
"2026-04-24","other","pip","true",319208
"2026-04-24","other","poetry","false",16812
"2026-04-24","other","requests","false",196
"2026-04-24","other","uv","false",313462
"2026-04-24","other","uv","true",1634068
"2026-04-25","1.25.0","","false",98
"2026-04-25","1.25.0","Bazel","false",50
"2026-04-25","1.25.0","Browser","false",13
"2026-04-25","1.25.0","Homebrew","false",1
"2026-04-25","1.25.0","Nexus","false",9
"2026-04-25","1.25.0","bandersnatch","false",2
"2026-04-25","1.25.0","pip","false",16682
"2026-04-25","1.25.0","pip","true",3605
"2026-04-25","1.25.0","poetry","false",4986
"2026-04-25","1.25.0","requests","false",44
"2026-04-25","1.25.0","uv","false",37687
"2026-04-25","1.25.0","uv","true",97441
"2026-04-25","1.26.0","","false",536
"2026-04-25","1.26.0","Bazel","false",247
"2026-04-25","1.26.0","Browser","false",839
"2026-04-25","1.26.0","Nexus","false",64
"2026-04-25","1.26.0","OS","false",1
"2026-04-25","1.26.0","bandersnatch","false",2
"2026-04-25","1.26.0","devpi","false",2
"2026-04-25","1.26.0","pip","false",106254
"2026-04-25","1.26.0","pip","true",13692
"2026-04-25","1.26.0","poetry","false",7703
"2026-04-25","1.26.0","requests","false",831
"2026-04-25","1.26.0","uv","false",210176
"2026-04-25","1.26.0","uv","true",215921
"2026-04-25","1.27.0","","false",1524
"2026-04-25","1.27.0","Bazel","false",34
"2026-04-25","1.27.0","Browser","false",129
"2026-04-25","1.27.0","Nexus","false",235
"2026-04-25","1.27.0","bandersnatch","false",6
"2026-04-25","1.27.0","devpi","false",2
"2026-04-25","1.27.0","pdm","false",2
"2026-04-25","1.27.0","pip","false",576346
"2026-04-25","1.27.0","pip","true",155029
"2026-04-25","1.27.0","poetry","false",5728
"2026-04-25","1.27.0","requests","false",130
"2026-04-25","1.27.0","setuptools","false",4
"2026-04-25","1.27.0","uv","false",3094819
"2026-04-25","1.27.0","uv","true",284368
"2026-04-25","other","","false",1167
"2026-04-25","other","Bazel","false",32
"2026-04-25","other","Browser","false",60
"2026-04-25","other","Homebrew","false",6
"2026-04-25","other","Nexus","false",112
"2026-04-25","other","bandersnatch","false",14
"2026-04-25","other","devpi","false",1
"2026-04-25","other","pip","false",210579
"2026-04-25","other","pip","true",131018
"2026-04-25","other","poetry","false",6000
"2026-04-25","other","requests","false",6
"2026-04-25","other","uv","false",156454
"2026-04-25","other","uv","true",1468470
"2026-04-26","1.25.0","","false",83
"2026-04-26","1.25.0","Bazel","false",16
"2026-04-26","1.25.0","Browser","false",13
"2026-04-26","1.25.0","Nexus","false",19
"2026-04-26","1.25.0","bandersnatch","false",2
"2026-04-26","1.25.0","devpi","false",1
"2026-04-26","1.25.0","pip","false",19581
"2026-04-26","1.25.0","pip","true",3072
"2026-04-26","1.25.0","poetry","false",6356
"2026-04-26","1.25.0","requests","false",220
"2026-04-26","1.25.0","uv","false",33411
"2026-04-26","1.25.0","uv","true",96377
"2026-04-26","1.26.0","","false",563
"2026-04-26","1.26.0","Bazel","false",139
"2026-04-26","1.26.0","Browser","false",763
"2026-04-26","1.26.0","Nexus","false",90
"2026-04-26","1.26.0","bandersnatch","false",2
"2026-04-26","1.26.0","pip","false",116460
"2026-04-26","1.26.0","pip","true",13106
"2026-04-26","1.26.0","poetry","false",10435
"2026-04-26","1.26.0","requests","false",2343
"2026-04-26","1.26.0","uv","false",214083
"2026-04-26","1.26.0","uv","true",208211
"2026-04-26","1.27.0","","false",1394
"2026-04-26","1.27.0","Bazel","false",3
"2026-04-26","1.27.0","Browser","false",133
"2026-04-26","1.27.0","Nexus","false",241
"2026-04-26","1.27.0","OS","false",4
"2026-04-26","1.27.0","bandersnatch","false",2
"2026-04-26","1.27.0","devpi","false",1
"2026-04-26","1.27.0","pip","false",572443
"2026-04-26","1.27.0","pip","true",157802
"2026-04-26","1.27.0","poetry","false",7857
"2026-04-26","1.27.0","requests","false",143
"2026-04-26","1.27.0","setuptools","false",2
"2026-04-26","1.27.0","uv","false",2306905
"2026-04-26","1.27.0","uv","true",274309
"2026-04-26","other","","false",613
"2026-04-26","other","Bazel","false",27
"2026-04-26","other","Browser","false",263
"2026-04-26","other","Homebrew","false",13
"2026-04-26","other","Nexus","false",256
"2026-04-26","other","OS","false",1
"2026-04-26","other","bandersnatch","false",98
"2026-04-26","other","pip","false",248000
"2026-04-26","other","pip","true",126838
"2026-04-26","other","poetry","false",9213
"2026-04-26","other","requests","false",19
"2026-04-26","other","uv","false",178617
"2026-04-26","other","uv","true",1470424
"2026-04-27","1.25.0","","false",183
"2026-04-27","1.25.0","Artifactory","false",1
"2026-04-27","1.25.0","Bazel","false",81
"2026-04-27","1.25.0","Browser","false",17
"2026-04-27","1.25.0","Nexus","false",163
"2026-04-27","1.25.0","bandersnatch","false",2
"2026-04-27","1.25.0","devpi","false",1
"2026-04-27","1.25.0","pip","false",36743
"2026-04-27","1.25.0","pip","true",11341
"2026-04-27","1.25.0","poetry","false",9860
"2026-04-27","1.25.0","requests","false",234
"2026-04-27","1.25.0","uv","false",57660
"2026-04-27","1.25.0","uv","true",143235
"2026-04-27","1.26.0","","false",1403
"2026-04-27","1.26.0","Bazel","false",1591
"2026-04-27","1.26.0","Browser","false",939
"2026-04-27","1.26.0","Nexus","false",478
"2026-04-27","1.26.0","OS","false",1
"2026-04-27","1.26.0","bandersnatch","false",2
"2026-04-27","1.26.0","devpi","false",11
"2026-04-27","1.26.0","pip","false",160667
"2026-04-27","1.26.0","pip","true",30262
"2026-04-27","1.26.0","poetry","false",31075
"2026-04-27","1.26.0","requests","false",3329
"2026-04-27","1.26.0","uv","false",288536
"2026-04-27","1.26.0","uv","true",464707
"2026-04-27","1.27.0","","false",4432
"2026-04-27","1.27.0","Bazel","false",154
"2026-04-27","1.27.0","Browser","false",191
"2026-04-27","1.27.0","Nexus","false",786
"2026-04-27","1.27.0","OS","false",2
"2026-04-27","1.27.0","bandersnatch","false",3
"2026-04-27","1.27.0","devpi","false",7
"2026-04-27","1.27.0","pip","false",752121
"2026-04-27","1.27.0","pip","true",258608
"2026-04-27","1.27.0","poetry","false",27604
"2026-04-27","1.27.0","requests","false",513
"2026-04-27","1.27.0","uv","false",2049799
"2026-04-27","1.27.0","uv","true",481705
"2026-04-27","other","","false",1289
"2026-04-27","other","Bazel","false",118
"2026-04-27","other","Browser","false",346
"2026-04-27","other","Homebrew","false",2
"2026-04-27","other","Nexus","false",904
"2026-04-27","other","bandersnatch","false",102
"2026-04-27","other","devpi","false",31
"2026-04-27","other","pip","false",353222
"2026-04-27","other","pip","true",263118
"2026-04-27","other","poetry","false",20312
"2026-04-27","other","requests","false",338
"2026-04-27","other","uv","false",312461
"2026-04-27","other","uv","true",1688592
"2026-04-28","1.25.0","","false",210
"2026-04-28","1.25.0","Bazel","false",85
"2026-04-28","1.25.0","Browser","false",12
"2026-04-28","1.25.0","Nexus","false",192
"2026-04-28","1.25.0","devpi","false",4
"2026-04-28","1.25.0","pip","false",27178
"2026-04-28","1.25.0","pip","true",14579
"2026-04-28","1.25.0","poetry","false",8253
"2026-04-28","1.25.0","requests","false",302
"2026-04-28","1.25.0","uv","false",79872
"2026-04-28","1.25.0","uv","true",150046
"2026-04-28","1.26.0","","false",1473
"2026-04-28","1.26.0","Bazel","false",2173
"2026-04-28","1.26.0","Browser","false",771
"2026-04-28","1.26.0","Nexus","false",426
"2026-04-28","1.26.0","devpi","false",5
"2026-04-28","1.26.0","pip","false",144585
"2026-04-28","1.26.0","pip","true",32280
"2026-04-28","1.26.0","poetry","false",33183
"2026-04-28","1.26.0","requests","false",2081
"2026-04-28","1.26.0","uv","false",299655
"2026-04-28","1.26.0","uv","true",530021
"2026-04-28","1.27.0","","false",5956
"2026-04-28","1.27.0","Bazel","false",231
"2026-04-28","1.27.0","Browser","false",226
"2026-04-28","1.27.0","Homebrew","false",19
"2026-04-28","1.27.0","Nexus","false",853
"2026-04-28","1.27.0","OS","false",2
"2026-04-28","1.27.0","devpi","false",14
"2026-04-28","1.27.0","pip","false",808931
"2026-04-28","1.27.0","pip","true",255390
"2026-04-28","1.27.0","poetry","false",31571
"2026-04-28","1.27.0","requests","false",703
"2026-04-28","1.27.0","setuptools","false",2
"2026-04-28","1.27.0","uv","false",1988678
"2026-04-28","1.27.0","uv","true",519618
"2026-04-28","other","","false",1411
"2026-04-28","other","Artifactory","false",2
"2026-04-28","other","Bazel","false",260
"2026-04-28","other","Browser","false",272
"2026-04-28","other","Homebrew","false",3
"2026-04-28","other","Nexus","false",982
"2026-04-28","other","devpi","false",63
"2026-04-28","other","pip","false",377279
"2026-04-28","other","pip","true",338591
"2026-04-28","other","poetry","false",21022
"2026-04-28","other","requests","false",212
"2026-04-28","other","uv","false",327041
"2026-04-28","other","uv","true",1648254
"2026-04-29","1.25.0","","false",159
"2026-04-29","1.25.0","Bazel","false",109
"2026-04-29","1.25.0","Browser","false",3
"2026-04-29","1.25.0","Nexus","false",246
"2026-04-29","1.25.0","pdm","false",1
"2026-04-29","1.25.0","pip","false",27993
"2026-04-29","1.25.0","pip","true",15580
"2026-04-29","1.25.0","poetry","false",9599
"2026-04-29","1.25.0","requests","false",304
"2026-04-29","1.25.0","uv","false",80927
"2026-04-29","1.25.0","uv","true",157337
"2026-04-29","1.26.0","","false",1594
"2026-04-29","1.26.0","Bazel","false",1668
"2026-04-29","1.26.0","Browser","false",757
"2026-04-29","1.26.0","Nexus","false",691
"2026-04-29","1.26.0","devpi","false",1
"2026-04-29","1.26.0","pdm","false",1
"2026-04-29","1.26.0","pip","false",146450
"2026-04-29","1.26.0","pip","true",36300
"2026-04-29","1.26.0","poetry","false",31543
"2026-04-29","1.26.0","requests","false",2562
"2026-04-29","1.26.0","uv","false",309088
"2026-04-29","1.26.0","uv","true",502615
"2026-04-29","1.27.0","","false",5470
"2026-04-29","1.27.0","Bazel","false",156
"2026-04-29","1.27.0","Browser","false",319
"2026-04-29","1.27.0","Homebrew","false",16
"2026-04-29","1.27.0","Nexus","false",1695
"2026-04-29","1.27.0","OS","false",2
"2026-04-29","1.27.0","bandersnatch","false",2
"2026-04-29","1.27.0","devpi","false",4
"2026-04-29","1.27.0","pdm","false",3
"2026-04-29","1.27.0","pip","false",820030
"2026-04-29","1.27.0","pip","true",265683
"2026-04-29","1.27.0","poetry","false",30612
"2026-04-29","1.27.0","requests","false",680
"2026-04-29","1.27.0","uv","false",2004812
"2026-04-29","1.27.0","uv","true",528365
"2026-04-29","other","","false",1351
"2026-04-29","other","Bazel","false",155
"2026-04-29","other","Browser","false",167
"2026-04-29","other","Homebrew","false",6
"2026-04-29","other","Nexus","false",1896
"2026-04-29","other","devpi","false",1
"2026-04-29","other","pdm","false",2
"2026-04-29","other","pip","false",383870
"2026-04-29","other","pip","true",319951
"2026-04-29","other","poetry","false",19198
"2026-04-29","other","requests","false",401
"2026-04-29","other","uv","false",323829
"2026-04-29","other","uv","true",1668015
