"name","engine","total_rows","create_table_query"
"countries","SharedMergeTree",249,"CREATE TABLE pypi.countries (`name` String, `code` String) ENGINE = SharedMergeTree('/clickhouse/tables/{uuid}/{shard}', '{replica}') ORDER BY code SETTINGS index_granularity = 8192"
"countries_code_dict","Dictionary",\N,"CREATE DICTIONARY pypi.countries_code_dict (`name` String, `code` String) PRIMARY KEY name SOURCE(CLICKHOUSE(DATABASE 'pypi' TABLE 'countries')) LIFETIME(MIN 0 MAX 300) LAYOUT(COMPLEX_KEY_HASHED())"
"countries_dict","Dictionary",\N,"CREATE DICTIONARY pypi.countries_dict (`name` String, `code` String) PRIMARY KEY code SOURCE(CLICKHOUSE(DATABASE 'pypi' TABLE 'countries')) LIFETIME(MIN 0 MAX 300) LAYOUT(COMPLEX_KEY_HASHED())"
"last_updated_dict","Dictionary",\N,"CREATE DICTIONARY pypi.last_updated_dict (`name` String, `last_update` DateTime64(3)) PRIMARY KEY name SOURCE(CLICKHOUSE(QUERY 'SELECT name, max(upload_time) AS last_update FROM pypi.projects GROUP BY name')) LIFETIME(MIN 0 MAX 300) LAYOUT(COMPLEX_KEY_HASHED())"
"posts","SharedMergeTree",10640260,"CREATE TABLE pypi.posts (`Id` Nullable(Int64), `PostTypeId` Nullable(Int64), `AcceptedAnswerId` Nullable(Int64), `CreationDate` Nullable(DateTime64(3, 'UTC')), `Score` Nullable(Int64), `ViewCount` Nullable(Int64), `Body` Nullable(String), `OwnerUserId` Nullable(Int64), `OwnerDisplayName` Nullable(String), `LastEditorUserId` Nullable(Int64), `LastEditorDisplayName` Nullable(String), `LastEditDate` Nullable(DateTime64(3, 'UTC')), `LastActivityDate` Nullable(DateTime64(3, 'UTC')), `Title` Nullable(String), `Tags` Nullable(String), `AnswerCount` Nullable(Int64), `CommentCount` Nullable(Int64), `FavoriteCount` Nullable(Int64), `ContentLicense` Nullable(String), `ParentId` Nullable(String), `CommunityOwnedDate` Nullable(DateTime64(3, 'UTC')), `ClosedDate` Nullable(DateTime64(3, 'UTC'))) ENGINE = SharedMergeTree('/clickhouse/tables/{uuid}/{shard}', '{replica}') ORDER BY tuple() SETTINGS index_granularity = 8192"
"project_to_repo_name","SharedReplacingMergeTree",415362,"CREATE TABLE pypi.project_to_repo_name (`project` String, `repo_name` String) ENGINE = SharedReplacingMergeTree('/clickhouse/tables/{uuid}/{shard}', '{replica}') ORDER BY project SETTINGS index_granularity = 8192"
"project_to_repo_name_dict","Dictionary",\N,"CREATE DICTIONARY pypi.project_to_repo_name_dict (`project` String, `repo_name` String) PRIMARY KEY project SOURCE(CLICKHOUSE(TABLE 'project_to_repo_name')) LIFETIME(MIN 300 MAX 600) LAYOUT(COMPLEX_KEY_HASHED())"
"project_to_repo_name_mv","MaterializedView",\N,"CREATE MATERIALIZED VIEW pypi.project_to_repo_name_mv TO pypi.project_to_repo_name (`project` String, `repo_name` String) AS SELECT name AS project, regexpExtract(arrayFilter(l -> (l LIKE '%https://github.com/%'), arrayConcat(project_urls, [home_page]))[1], '.*https://github\\.com/([^/]+/[^/]+)') AS repo_name FROM pypi.projects WHERE length(arrayFilter(l -> (l LIKE '%https://github.com/%'), arrayConcat(project_urls, [home_page]))) >= 1"
"projects","SharedMergeTree",18470267,"CREATE TABLE pypi.projects (`metadata_version` String, `name` String, `version` String, `summary` String, `description` String, `description_content_type` String, `author` String, `author_email` String, `maintainer` String, `maintainer_email` String, `license` String, `keywords` String, `classifiers` Array(String), `platform` Array(String), `home_page` String, `download_url` String, `requires_python` String, `requires` Array(String), `provides` Array(String), `obsoletes` Array(String), `requires_dist` Array(String), `provides_dist` Array(String), `obsoletes_dist` Array(String), `requires_external` Array(String), `project_urls` Array(String), `uploaded_via` String, `upload_time` DateTime64(3), `filename` String, `size` Int64, `path` String, `python_version` String, `packagetype` String, `comment_text` String, `has_signature` Bool, `md5_digest` String, `sha256_digest` String, `blake2_256_digest` String) ENGINE = SharedMergeTree('/clickhouse/tables/{uuid}/{shard}', '{replica}') ORDER BY name SETTINGS index_granularity = 8192"
"pypi","SharedMergeTree",3474546575542,"CREATE TABLE pypi.pypi (`date` Date, `country_code` LowCardinality(String), `project` String, `type` LowCardinality(String), `installer` LowCardinality(String), `python_minor` LowCardinality(String), `system` LowCardinality(String), `version` String, `libc` Tuple(lib LowCardinality(String), version LowCardinality(String)) DEFAULT ('', ''), `ci` Enum8('false' = 0, 'true' = 1, 'unknown' = 2) DEFAULT 'unknown', `filename` String DEFAULT '') ENGINE = SharedMergeTree('/clickhouse/tables/{uuid}/{shard}', '{replica}') ORDER BY (project, date, version, country_code, python_minor, system) SETTINGS index_granularity = 8192"
"pypi_downloads","SharedSummingMergeTree",2863821,"CREATE TABLE pypi.pypi_downloads (`project` String, `count` Int64) ENGINE = SharedSummingMergeTree('/clickhouse/tables/{uuid}/{shard}', '{replica}') ORDER BY project SETTINGS index_granularity = 8192"
"pypi_downloads_by_version","SharedSummingMergeTree",27508874,"CREATE TABLE pypi.pypi_downloads_by_version (`project` String, `version` String, `count` Int64) ENGINE = SharedSummingMergeTree('/clickhouse/tables/{uuid}/{shard}', '{replica}') ORDER BY (project, version) SETTINGS index_granularity = 8192"
"pypi_downloads_by_version_mv","MaterializedView",\N,"CREATE MATERIALIZED VIEW pypi.pypi_downloads_by_version_mv TO pypi.pypi_downloads_by_version (`project` String, `version` String, `count` Int64) AS SELECT project, version, count() AS count FROM pypi.pypi GROUP BY project, version"
"pypi_downloads_max_min","SharedAggregatingMergeTree",2575151,"CREATE TABLE pypi.pypi_downloads_max_min (`project` String, `max_date` SimpleAggregateFunction(max, Date), `min_date` SimpleAggregateFunction(min, Date)) ENGINE = SharedAggregatingMergeTree('/clickhouse/tables/{uuid}/{shard}', '{replica}') ORDER BY project SETTINGS index_granularity = 8192"
"pypi_downloads_max_min_mv","MaterializedView",\N,"CREATE MATERIALIZED VIEW pypi.pypi_downloads_max_min_mv TO pypi.pypi_downloads_max_min (`project` String, `max_date` SimpleAggregateFunction(max, Date), `min_date` SimpleAggregateFunction(min, Date)) AS SELECT project, maxSimpleState(date) AS max_date, minSimpleState(date) AS min_date FROM pypi.pypi GROUP BY project"
"pypi_downloads_mv","MaterializedView",\N,"CREATE MATERIALIZED VIEW pypi.pypi_downloads_mv TO pypi.pypi_downloads (`project` String, `count` Int64) AS SELECT project, count() AS count FROM pypi.pypi GROUP BY project"
"pypi_downloads_per_day","SharedSummingMergeTree",1078202223,"CREATE TABLE pypi.pypi_downloads_per_day (`date` Date, `project` String, `count` Int64) ENGINE = SharedSummingMergeTree('/clickhouse/tables/{uuid}/{shard}', '{replica}') ORDER BY (project, date) SETTINGS index_granularity = 8192"
"pypi_downloads_per_day_by_installer","SharedSummingMergeTree",0,"CREATE TABLE pypi.pypi_downloads_per_day_by_installer (`date` Date, `installer` String, `count` Int64) ENGINE = SharedSummingMergeTree('/clickhouse/tables/{uuid}/{shard}', '{replica}') ORDER BY (date, installer) SETTINGS index_granularity = 8192"
"pypi_downloads_per_day_by_version","SharedSummingMergeTree",7855549746,"CREATE TABLE pypi.pypi_downloads_per_day_by_version (`date` Date, `project` String, `version` String, `count` Int64) ENGINE = SharedSummingMergeTree('/clickhouse/tables/{uuid}/{shard}', '{replica}') ORDER BY (project, version, date) SETTINGS index_granularity = 8192"
"pypi_downloads_per_day_by_version_by_country","SharedSummingMergeTree",17803936574,"CREATE TABLE pypi.pypi_downloads_per_day_by_version_by_country (`date` Date, `project` String, `version` String, `country_code` String, `count` Int64) ENGINE = SharedSummingMergeTree('/clickhouse/tables/{uuid}/{shard}', '{replica}') ORDER BY (project, version, date, country_code) SETTINGS index_granularity = 8192"
"pypi_downloads_per_day_by_version_by_country_mv","MaterializedView",\N,"CREATE MATERIALIZED VIEW pypi.pypi_downloads_per_day_by_version_by_country_mv TO pypi.pypi_downloads_per_day_by_version_by_country (`date` Date, `project` String, `version` String, `country_code` String, `count` Int64) AS SELECT date, project, version, country_code, count() AS count FROM pypi.pypi GROUP BY date, project, version, country_code"
"pypi_downloads_per_day_by_version_by_file_type","SharedSummingMergeTree",11724952220,"CREATE TABLE pypi.pypi_downloads_per_day_by_version_by_file_type (`date` Date, `project` String, `version` String, `type` LowCardinality(String), `count` Int64) ENGINE = SharedSummingMergeTree('/clickhouse/tables/{uuid}/{shard}', '{replica}') ORDER BY (project, version, date, type) SETTINGS index_granularity = 8192"
"pypi_downloads_per_day_by_version_by_file_type_mv","MaterializedView",\N,"CREATE MATERIALIZED VIEW pypi.pypi_downloads_per_day_by_version_by_file_type_mv TO pypi.pypi_downloads_per_day_by_version_by_file_type (`date` Date, `project` String, `version` String, `type` LowCardinality(String), `count` Int64) AS SELECT date, project, version, type, count() AS count FROM pypi.pypi GROUP BY date, project, version, type"
"pypi_downloads_per_day_by_version_by_installer_by_type","SharedSummingMergeTree",11075104063,"CREATE TABLE pypi.pypi_downloads_per_day_by_version_by_installer_by_type (`project` String, `version` String, `date` Date, `installer` String, `type` LowCardinality(String), `count` Int64) ENGINE = SharedSummingMergeTree('/clickhouse/tables/{uuid}/{shard}', '{replica}') ORDER BY (project, version, date, installer) SETTINGS index_granularity = 8192"
"pypi_downloads_per_day_by_version_by_installer_by_type_by_country","SharedSummingMergeTree",27622302738,"CREATE TABLE pypi.pypi_downloads_per_day_by_version_by_installer_by_type_by_country (`project` String, `version` String, `date` Date, `installer` String, `type` LowCardinality(String), `country_code` LowCardinality(String), `count` Int64) ENGINE = SharedSummingMergeTree('/clickhouse/tables/{uuid}/{shard}', '{replica}') ORDER BY (project, version, date, country_code, installer, type) SETTINGS index_granularity = 8192"
"pypi_downloads_per_day_by_version_by_installer_by_type_by_country_mv","MaterializedView",\N,"CREATE MATERIALIZED VIEW pypi.pypi_downloads_per_day_by_version_by_installer_by_type_by_country_mv TO pypi.pypi_downloads_per_day_by_version_by_installer_by_type_by_country (`project` String, `version` String, `date` Date, `installer` String, `type` LowCardinality(String), `country_code` LowCardinality(String), `count` Int64) AS SELECT project, version, date, installer, type, country_code, count() AS count FROM pypi.pypi GROUP BY project, version, date, installer, type, country_code"
"pypi_downloads_per_day_by_version_by_installer_by_type_mv","MaterializedView",\N,"CREATE MATERIALIZED VIEW pypi.pypi_downloads_per_day_by_version_by_installer_by_type_mv TO pypi.pypi_downloads_per_day_by_version_by_installer_by_type (`project` String, `version` String, `date` Date, `installer` String, `type` LowCardinality(String), `count` Int64) AS SELECT project, version, date, installer, type, count() AS count FROM pypi.pypi GROUP BY project, version, date, installer, type"
"pypi_downloads_per_day_by_version_by_python","SharedSummingMergeTree",10364019166,"CREATE TABLE pypi.pypi_downloads_per_day_by_version_by_python (`date` Date, `project` String, `version` String, `python_minor` String, `count` Int64) ENGINE = SharedSummingMergeTree('/clickhouse/tables/{uuid}/{shard}', '{replica}') ORDER BY (project, version, date, python_minor) SETTINGS index_granularity = 8192"
"pypi_downloads_per_day_by_version_by_python_by_country","SharedSummingMergeTree",24796870381,"CREATE TABLE pypi.pypi_downloads_per_day_by_version_by_python_by_country (`date` Date, `project` String, `version` String, `python_minor` String, `country_code` LowCardinality(String), `count` Int64) ENGINE = SharedSummingMergeTree('/clickhouse/tables/{uuid}/{shard}', '{replica}') ORDER BY (project, version, date, country_code, python_minor) SETTINGS index_granularity = 8192"
"pypi_downloads_per_day_by_version_by_python_by_country_mv","MaterializedView",\N,"CREATE MATERIALIZED VIEW pypi.pypi_downloads_per_day_by_version_by_python_by_country_mv TO pypi.pypi_downloads_per_day_by_version_by_python_by_country (`date` Date, `project` String, `version` String, `python_minor` String, `country_code` LowCardinality(String), `count` Int64) AS SELECT date, project, version, python_minor, country_code, count() AS count FROM pypi.pypi GROUP BY date, project, version, python_minor, country_code"
"pypi_downloads_per_day_by_version_by_python_mv","MaterializedView",\N,"CREATE MATERIALIZED VIEW pypi.pypi_downloads_per_day_by_version_by_python_mv TO pypi.pypi_downloads_per_day_by_version_by_python (`date` Date, `project` String, `version` String, `python_minor` String, `count` Int64) AS SELECT date, project, version, python_minor, count() AS count FROM pypi.pypi GROUP BY date, project, version, python_minor"
"pypi_downloads_per_day_by_version_by_system","SharedSummingMergeTree",9216994076,"CREATE TABLE pypi.pypi_downloads_per_day_by_version_by_system (`date` Date, `project` String, `version` String, `system` String, `count` Int64) ENGINE = SharedSummingMergeTree('/clickhouse/tables/{uuid}/{shard}', '{replica}') ORDER BY (project, version, date, system) SETTINGS index_granularity = 8192"
"pypi_downloads_per_day_by_version_by_system_by_country","SharedSummingMergeTree",21144831185,"CREATE TABLE pypi.pypi_downloads_per_day_by_version_by_system_by_country (`date` Date, `project` String, `version` String, `system` String, `country_code` String, `count` Int64) ENGINE = SharedSummingMergeTree('/clickhouse/tables/{uuid}/{shard}', '{replica}') ORDER BY (project, version, date, country_code, system) SETTINGS index_granularity = 8192"
"pypi_downloads_per_day_by_version_by_system_by_country_mv","MaterializedView",\N,"CREATE MATERIALIZED VIEW pypi.pypi_downloads_per_day_by_version_by_system_by_country_mv TO pypi.pypi_downloads_per_day_by_version_by_system_by_country (`date` Date, `project` String, `version` String, `system` String, `country_code` String, `count` Int64) AS SELECT date, project, version, system, country_code, count() AS count FROM pypi.pypi GROUP BY date, project, version, system, country_code"
"pypi_downloads_per_day_by_version_by_system_mv","MaterializedView",\N,"CREATE MATERIALIZED VIEW pypi.pypi_downloads_per_day_by_version_by_system_mv TO pypi.pypi_downloads_per_day_by_version_by_system (`date` Date, `project` String, `version` String, `system` String, `count` Int64) AS SELECT date, project, version, system, count() AS count FROM pypi.pypi GROUP BY date, project, version, system"
"pypi_downloads_per_day_by_version_mv","MaterializedView",\N,"CREATE MATERIALIZED VIEW pypi.pypi_downloads_per_day_by_version_mv TO pypi.pypi_downloads_per_day_by_version (`date` Date, `project` String, `version` String, `count` Int64) AS SELECT date, project, version, count() AS count FROM pypi.pypi GROUP BY date, project, version"
"pypi_downloads_per_day_mv","MaterializedView",\N,"CREATE MATERIALIZED VIEW pypi.pypi_downloads_per_day_mv TO pypi.pypi_downloads_per_day (`date` Date, `project` String, `count` Int64) AS SELECT date, project, count() AS count FROM pypi.pypi GROUP BY date, project"
"pypi_downloads_per_month","SharedSummingMergeTree",50089708,"CREATE TABLE pypi.pypi_downloads_per_month (`month` Date, `project` String, `count` Int64) ENGINE = SharedSummingMergeTree('/clickhouse/tables/{uuid}/{shard}', '{replica}') ORDER BY (month, project) SETTINGS index_granularity = 8192"
"pypi_downloads_per_month_mv","MaterializedView",\N,"CREATE MATERIALIZED VIEW pypi.pypi_downloads_per_month_mv TO pypi.pypi_downloads_per_month (`month` Date, `project` String, `count` Int64) AS SELECT toStartOfMonth(date) AS month, project, count() AS count FROM pypi.pypi WHERE date > (toStartOfMonth(now()) - toIntervalMonth(6)) GROUP BY month, project"
"pypi_raw","Null",0,"CREATE TABLE pypi.pypi_raw (`timestamp` Nullable(DateTime64(6)), `country_code` Nullable(String), `url` Nullable(String), `project` Nullable(String), `file` Tuple(filename Nullable(String), project Nullable(String), version Nullable(String), type Nullable(String)), `installer` Tuple(name Nullable(String), version Nullable(String)), `python` Nullable(String), `implementation` Tuple(name Nullable(String), version Nullable(String)), `distro` Tuple(name Nullable(String), version Nullable(String), id Nullable(String), libc Tuple(lib Nullable(String), version Nullable(String))), `system` Tuple(name Nullable(String), release Nullable(String)), `cpu` Nullable(String), `openssl_version` Nullable(String), `setuptools_version` Nullable(String), `rustc_version` Nullable(String), `tls_protocol` Nullable(String), `tls_cipher` Nullable(String), `ci` Nullable(Bool)) ENGINE = `Null`"
