date,version,downloads
2026-06-27,0.1.1,1
2026-06-27,0.10.0,2
2026-06-27,0.10.1,2
2026-06-27,0.10.2,2
2026-06-27,0.10.3,2
2026-06-27,0.11.0,2
2026-06-27,0.11.1,2
2026-06-27,0.11.2,2
2026-06-27,0.11.3,2
2026-06-27,0.12.0,2
2026-06-27,0.12.1,2
2026-06-27,0.13.0,2
2026-06-27,0.13.1,2
2026-06-27,0.13.2,2
2026-06-27,0.14.0,2
2026-06-27,0.14.1,2
2026-06-27,0.15.0,2
2026-06-27,0.16.0,2
2026-06-27,0.16.1,2
2026-06-27,0.16.2,2
2026-06-27,0.17.0,2
2026-06-27,0.17.1,2
2026-06-27,0.17.2,2
2026-06-27,0.18.0,2
2026-06-27,0.19.0,2
2026-06-27,0.19.1,2
2026-06-27,0.19.2,2
2026-06-27,0.20.0,2
2026-06-27,0.21.0,2
2026-06-27,0.21.1,2
2026-06-27,0.21.2,2
2026-06-27,0.22.0,2
2026-06-27,0.22.1,2
2026-06-27,0.22.2,2
2026-06-27,0.22.3,2
2026-06-27,0.22.4,2
2026-06-27,0.23.0,2
2026-06-27,0.23.1,2
2026-06-27,0.23.2,2
2026-06-27,0.24.0,2
2026-06-27,0.25.0,2
2026-06-27,0.25.1,4
2026-06-27,0.26.0,2
2026-06-27,0.26.1,2
2026-06-27,0.26.2,4
2026-06-27,0.27.0,35272
2026-06-27,0.4.0,2
2026-06-27,0.6.3,1
2026-06-27,0.6.4,2
2026-06-27,0.7.0,2
2026-06-27,0.7.1,3
2026-06-27,0.7.2,2
2026-06-27,0.8.0,2
2026-06-27,0.8.1,2
2026-06-27,0.8.2,2
2026-06-27,0.9.0,2
2026-06-27,0.9.1,2
2026-06-28,0.24.0,2
2026-06-28,0.25.1,4
2026-06-28,0.26.2,1
2026-06-28,0.27.0,25819
2026-06-28,0.7.2,1
2026-06-28,0.9.0,1
2026-06-29,0.0.1,1
2026-06-29,0.1.1,1
2026-06-29,0.1.4,1
2026-06-29,0.2.0,1
2026-06-29,0.22.2,2
2026-06-29,0.26.1,3
2026-06-29,0.26.2,6
2026-06-29,0.27.0,34698
2026-06-29,0.8.2,1
2026-06-29,0.9.0,1
2026-06-29,0.9.1,1
2026-06-30,0.0.1,3
2026-06-30,0.1.1,2
2026-06-30,0.1.10,2
2026-06-30,0.1.11,2
2026-06-30,0.1.2,1
2026-06-30,0.1.5,2
2026-06-30,0.1.8,1
2026-06-30,0.1.9,2
2026-06-30,0.10.0,2
2026-06-30,0.10.1,2
2026-06-30,0.10.2,2
2026-06-30,0.10.3,2
2026-06-30,0.11.0,2
2026-06-30,0.11.1,2
2026-06-30,0.11.2,2
2026-06-30,0.11.3,2
2026-06-30,0.12.0,2
2026-06-30,0.12.1,3
2026-06-30,0.13.0,2
2026-06-30,0.13.1,2
2026-06-30,0.13.2,2
2026-06-30,0.14.0,2
2026-06-30,0.14.1,2
2026-06-30,0.15.0,2
2026-06-30,0.16.0,2
2026-06-30,0.16.1,2
2026-06-30,0.16.2,2
2026-06-30,0.17.0,2
2026-06-30,0.17.1,2
2026-06-30,0.17.2,2
2026-06-30,0.18.0,2
2026-06-30,0.19.0,2
2026-06-30,0.19.1,3
2026-06-30,0.19.2,2
2026-06-30,0.2.0,2
2026-06-30,0.20.0,4
2026-06-30,0.21.0,2
2026-06-30,0.21.1,2
2026-06-30,0.21.2,2
2026-06-30,0.22.0,2
2026-06-30,0.22.1,2
2026-06-30,0.22.2,2
2026-06-30,0.22.3,2
2026-06-30,0.22.4,2
2026-06-30,0.23.0,2
2026-06-30,0.23.1,2
2026-06-30,0.23.2,2
2026-06-30,0.24.0,2
2026-06-30,0.25.0,2
2026-06-30,0.25.1,6
2026-06-30,0.26.0,2
2026-06-30,0.26.1,103
2026-06-30,0.26.2,7
2026-06-30,0.27.0,27992
2026-06-30,0.3.0,4
2026-06-30,0.3.1,2
2026-06-30,0.4.0,2
2026-06-30,0.4.1,2
2026-06-30,0.5.0,2
2026-06-30,0.5.1,2
2026-06-30,0.6.0,3
2026-06-30,0.6.1,2
2026-06-30,0.6.2,3
2026-06-30,0.6.3,2
2026-06-30,0.6.4,2
2026-06-30,0.7.0,2
2026-06-30,0.7.1,2
2026-06-30,0.7.2,2
2026-06-30,0.8.0,2
2026-06-30,0.8.1,2
2026-06-30,0.8.2,2
2026-06-30,0.9.0,2
2026-06-30,0.9.1,2
2026-07-01,0.1.3,1
2026-07-01,0.20.0,2
2026-07-01,0.22.3,2
2026-07-01,0.26.1,100
2026-07-01,0.26.2,5
2026-07-01,0.27.0,66443
2026-07-01,0.6.3,2
2026-07-02,0.0.1,2
2026-07-02,0.1.1,2
2026-07-02,0.1.10,2
2026-07-02,0.1.11,4
2026-07-02,0.1.2,2
2026-07-02,0.1.3,3
2026-07-02,0.1.4,2
2026-07-02,0.1.5,3
2026-07-02,0.1.6,2
2026-07-02,0.1.7,2
2026-07-02,0.1.8,2
2026-07-02,0.1.9,2
2026-07-02,0.10.0,2
2026-07-02,0.10.1,2
2026-07-02,0.10.2,2
2026-07-02,0.10.3,4
2026-07-02,0.11.0,2
2026-07-02,0.11.1,2
2026-07-02,0.11.2,2
2026-07-02,0.11.3,2
2026-07-02,0.12.0,2
2026-07-02,0.12.1,2
2026-07-02,0.13.0,2
2026-07-02,0.13.1,2
2026-07-02,0.13.2,2
2026-07-02,0.14.0,2
2026-07-02,0.14.1,2
2026-07-02,0.15.0,2
2026-07-02,0.16.0,2
2026-07-02,0.16.1,2
2026-07-02,0.16.2,2
2026-07-02,0.17.0,2
2026-07-02,0.17.1,2
2026-07-02,0.17.2,2
2026-07-02,0.18.0,2
2026-07-02,0.19.0,2
2026-07-02,0.19.1,2
2026-07-02,0.19.2,2
2026-07-02,0.2.0,2
2026-07-02,0.20.0,4
2026-07-02,0.21.0,2
2026-07-02,0.21.1,2
2026-07-02,0.21.2,2
2026-07-02,0.22.0,2
2026-07-02,0.22.1,2
2026-07-02,0.22.2,2
2026-07-02,0.22.3,4
2026-07-02,0.22.4,6
2026-07-02,0.23.0,4
2026-07-02,0.23.1,4
2026-07-02,0.23.2,4
2026-07-02,0.24.0,4
2026-07-02,0.25.0,6
2026-07-02,0.25.1,6
2026-07-02,0.26.0,4
2026-07-02,0.26.1,5
2026-07-02,0.26.2,6
2026-07-02,0.27.0,32768
2026-07-02,0.3.0,2
2026-07-02,0.3.1,3
2026-07-02,0.4.0,2
2026-07-02,0.4.1,2
2026-07-02,0.5.0,2
2026-07-02,0.5.1,2
2026-07-02,0.6.0,2
2026-07-02,0.6.1,2
2026-07-02,0.6.2,2
2026-07-02,0.6.3,2
2026-07-02,0.6.4,2
2026-07-02,0.7.0,3
2026-07-02,0.7.1,2
2026-07-02,0.7.2,2
2026-07-02,0.8.0,2
2026-07-02,0.8.1,2
2026-07-02,0.8.2,2
2026-07-02,0.9.0,2
2026-07-02,0.9.1,2
2026-07-03,0.1.6,1
2026-07-03,0.1.8,1
2026-07-03,0.11.2,2
2026-07-03,0.11.3,2
2026-07-03,0.12.0,2
2026-07-03,0.12.1,2
2026-07-03,0.13.0,2
2026-07-03,0.13.1,2
2026-07-03,0.13.2,2
2026-07-03,0.14.0,2
2026-07-03,0.14.1,2
2026-07-03,0.15.0,2
2026-07-03,0.16.0,2
2026-07-03,0.16.1,2
2026-07-03,0.16.2,2
2026-07-03,0.17.0,2
2026-07-03,0.17.1,2
2026-07-03,0.17.2,2
2026-07-03,0.18.0,2
2026-07-03,0.19.0,2
2026-07-03,0.19.1,2
2026-07-03,0.19.2,2
2026-07-03,0.20.0,2
2026-07-03,0.21.0,2
2026-07-03,0.21.1,2
2026-07-03,0.21.2,2
2026-07-03,0.22.0,3
2026-07-03,0.22.1,2
2026-07-03,0.22.2,2
2026-07-03,0.26.1,1
2026-07-03,0.26.2,3
2026-07-03,0.27.0,24692
2026-07-03,0.6.2,1
2026-07-03,0.6.3,1
2026-07-03,0.6.4,1
2026-07-04,0.0.1,1
2026-07-04,0.1.1,1
2026-07-04,0.1.10,1
2026-07-04,0.1.11,1
2026-07-04,0.1.2,1
2026-07-04,0.1.3,1
2026-07-04,0.1.4,2
2026-07-04,0.1.5,1
2026-07-04,0.1.6,1
2026-07-04,0.1.7,1
2026-07-04,0.1.8,1
2026-07-04,0.1.9,1
2026-07-04,0.10.0,4
2026-07-04,0.10.1,3
2026-07-04,0.10.2,3
2026-07-04,0.10.3,3
2026-07-04,0.11.0,3
2026-07-04,0.11.1,3
2026-07-04,0.11.2,1
2026-07-04,0.11.3,2
2026-07-04,0.12.0,1
2026-07-04,0.12.1,1
2026-07-04,0.13.0,1
2026-07-04,0.13.1,1
2026-07-04,0.13.2,1
2026-07-04,0.14.0,1
2026-07-04,0.14.1,1
2026-07-04,0.15.0,1
2026-07-04,0.16.0,1
2026-07-04,0.16.1,1
2026-07-04,0.16.2,1
2026-07-04,0.17.0,1
2026-07-04,0.17.1,1
2026-07-04,0.17.2,1
2026-07-04,0.18.0,1
2026-07-04,0.19.0,1
2026-07-04,0.19.1,1
2026-07-04,0.19.2,1
2026-07-04,0.2.0,1
2026-07-04,0.20.0,1
2026-07-04,0.21.0,1
2026-07-04,0.21.1,1
2026-07-04,0.21.2,1
2026-07-04,0.22.0,1
2026-07-04,0.22.1,1
2026-07-04,0.22.2,1
2026-07-04,0.22.3,1
2026-07-04,0.22.4,1
2026-07-04,0.23.0,1
2026-07-04,0.23.1,1
2026-07-04,0.23.2,1
2026-07-04,0.24.0,1
2026-07-04,0.25.0,1
2026-07-04,0.25.1,1
2026-07-04,0.26.0,1
2026-07-04,0.26.1,1
2026-07-04,0.26.2,6
2026-07-04,0.27.0,22181
2026-07-04,0.3.0,1
2026-07-04,0.3.1,2
2026-07-04,0.4.0,1
2026-07-04,0.4.1,1
2026-07-04,0.5.0,4
2026-07-04,0.5.1,3
2026-07-04,0.6.0,3
2026-07-04,0.6.1,4
2026-07-04,0.6.2,3
2026-07-04,0.6.3,3
2026-07-04,0.6.4,3
2026-07-04,0.7.0,3
2026-07-04,0.7.1,3
2026-07-04,0.7.2,3
2026-07-04,0.8.0,3
2026-07-04,0.8.1,3
2026-07-04,0.8.2,4
2026-07-04,0.9.0,4
2026-07-04,0.9.1,4
2026-07-05,0.0.1,3
2026-07-05,0.1.1,2
2026-07-05,0.1.10,2
2026-07-05,0.1.11,2
2026-07-05,0.1.2,2
2026-07-05,0.1.3,2
2026-07-05,0.1.4,4
2026-07-05,0.1.5,2
2026-07-05,0.1.6,2
2026-07-05,0.1.7,2
2026-07-05,0.1.8,2
2026-07-05,0.1.9,2
2026-07-05,0.11.0,2
2026-07-05,0.11.1,2
2026-07-05,0.11.2,2
2026-07-05,0.11.3,2
2026-07-05,0.12.0,2
2026-07-05,0.2.0,2
2026-07-05,0.22.1,1
2026-07-05,0.26.2,1
2026-07-05,0.27.0,51094
2026-07-05,0.3.0,2
2026-07-05,0.3.1,2
2026-07-05,0.4.0,2
2026-07-05,0.4.1,2
2026-07-05,0.6.3,1
2026-07-05,0.7.1,1
2026-07-06,0.0.1,4
2026-07-06,0.1.1,4
2026-07-06,0.1.10,4
2026-07-06,0.1.11,4
2026-07-06,0.1.2,4
2026-07-06,0.1.3,4
2026-07-06,0.1.4,4
2026-07-06,0.1.5,4
2026-07-06,0.1.6,4
2026-07-06,0.1.7,6
2026-07-06,0.1.8,4
2026-07-06,0.1.9,5
2026-07-06,0.10.0,4
2026-07-06,0.10.1,4
2026-07-06,0.10.2,4
2026-07-06,0.10.3,4
2026-07-06,0.11.0,4
2026-07-06,0.11.1,4
2026-07-06,0.11.2,4
2026-07-06,0.11.3,4
2026-07-06,0.12.0,4
2026-07-06,0.12.1,4
2026-07-06,0.13.0,4
2026-07-06,0.13.1,4
2026-07-06,0.13.2,4
2026-07-06,0.14.0,4
2026-07-06,0.14.1,4
2026-07-06,0.15.0,4
2026-07-06,0.16.0,4
2026-07-06,0.16.1,4
2026-07-06,0.16.2,4
2026-07-06,0.17.0,4
2026-07-06,0.17.1,4
2026-07-06,0.17.2,4
2026-07-06,0.18.0,4
2026-07-06,0.19.0,4
2026-07-06,0.19.1,4
2026-07-06,0.19.2,4
2026-07-06,0.2.0,5
2026-07-06,0.20.0,4
2026-07-06,0.21.0,4
2026-07-06,0.21.1,4
2026-07-06,0.21.2,4
2026-07-06,0.22.0,4
2026-07-06,0.22.1,4
2026-07-06,0.22.2,4
2026-07-06,0.22.3,4
2026-07-06,0.22.4,4
2026-07-06,0.23.0,4
2026-07-06,0.23.1,4
2026-07-06,0.23.2,4
2026-07-06,0.24.0,4
2026-07-06,0.25.0,4
2026-07-06,0.25.1,4
2026-07-06,0.26.0,42
2026-07-06,0.26.1,42
2026-07-06,0.26.2,52
2026-07-06,0.27.0,73206
2026-07-06,0.28.0,66128
2026-07-06,0.3.0,5
2026-07-06,0.3.1,4
2026-07-06,0.4.0,4
2026-07-06,0.4.1,4
2026-07-06,0.5.0,4
2026-07-06,0.5.1,4
2026-07-06,0.6.0,4
2026-07-06,0.6.1,4
2026-07-06,0.6.2,4
2026-07-06,0.6.3,4
2026-07-06,0.6.4,4
2026-07-06,0.7.0,4
2026-07-06,0.7.1,4
2026-07-06,0.7.2,4
2026-07-06,0.8.0,4
2026-07-06,0.8.1,4
2026-07-06,0.8.2,4
2026-07-06,0.9.0,4
2026-07-06,0.9.1,4
2026-07-07,0.1.10,1
2026-07-07,0.1.7,2
2026-07-07,0.10.0,1
2026-07-07,0.11.0,3
2026-07-07,0.12.0,1
2026-07-07,0.14.0,3
2026-07-07,0.14.1,5
2026-07-07,0.15.0,3
2026-07-07,0.16.0,2
2026-07-07,0.16.2,3
2026-07-07,0.17.0,2
2026-07-07,0.18.0,1
2026-07-07,0.19.1,1
2026-07-07,0.20.0,2
2026-07-07,0.21.0,1
2026-07-07,0.21.1,1
2026-07-07,0.22.0,2
2026-07-07,0.23.2,1
2026-07-07,0.24.0,2
2026-07-07,0.25.1,2
2026-07-07,0.26.0,2
2026-07-07,0.26.1,11
2026-07-07,0.26.2,2
2026-07-07,0.27.0,5
2026-07-07,0.28.0,8704
2026-07-07,0.5.1,2
2026-07-07,0.6.0,1
2026-07-07,0.8.0,2
2026-07-07,0.9.0,1
2026-07-07,0.9.1,1
2026-07-08,0.0.1,1
2026-07-08,0.10.0,1
2026-07-08,0.10.1,1
2026-07-08,0.10.2,1
2026-07-08,0.10.3,1
2026-07-08,0.11.0,1
2026-07-08,0.11.1,1
2026-07-08,0.11.2,1
2026-07-08,0.11.3,1
2026-07-08,0.12.0,1
2026-07-08,0.12.1,1
2026-07-08,0.13.0,1
2026-07-08,0.13.1,1
2026-07-08,0.13.2,1
2026-07-08,0.14.0,1
2026-07-08,0.14.1,1
2026-07-08,0.15.0,1
2026-07-08,0.16.0,1
2026-07-08,0.16.1,1
2026-07-08,0.16.2,1
2026-07-08,0.17.0,1
2026-07-08,0.17.1,1
2026-07-08,0.17.2,1
2026-07-08,0.18.0,1
2026-07-08,0.19.0,1
2026-07-08,0.19.1,1
2026-07-08,0.19.2,1
2026-07-08,0.20.0,1
2026-07-08,0.21.0,3
2026-07-08,0.21.1,1
2026-07-08,0.21.2,1
2026-07-08,0.22.0,1
2026-07-08,0.22.1,1
2026-07-08,0.22.2,1
2026-07-08,0.22.3,1
2026-07-08,0.22.4,1
2026-07-08,0.23.0,1
2026-07-08,0.23.1,1
2026-07-08,0.23.2,1
2026-07-08,0.24.0,1
2026-07-08,0.25.0,1
2026-07-08,0.25.1,1
2026-07-08,0.26.0,3
2026-07-08,0.26.1,1201
2026-07-08,0.26.2,4
2026-07-08,0.27.0,15
2026-07-08,0.28.0,13629
2026-07-08,0.4.1,2
2026-07-08,0.5.0,2
2026-07-08,0.5.1,1
2026-07-08,0.6.0,1
2026-07-08,0.6.1,1
2026-07-08,0.6.2,1
2026-07-08,0.6.3,1
2026-07-08,0.6.4,1
2026-07-08,0.7.0,1
2026-07-08,0.7.1,2
2026-07-08,0.7.2,1
2026-07-08,0.8.0,1
2026-07-08,0.8.1,1
2026-07-08,0.8.2,1
2026-07-08,0.9.0,1
2026-07-08,0.9.1,1
2026-07-09,0.23.1,1
2026-07-09,0.23.2,3
2026-07-09,0.24.0,1
2026-07-09,0.25.0,1
2026-07-09,0.25.1,1
2026-07-09,0.26.0,1
2026-07-09,0.26.1,227
2026-07-09,0.26.2,3
2026-07-09,0.27.0,20
2026-07-09,0.28.0,12657
2026-07-09,0.6.1,1
2026-07-10,0.0.1,1
2026-07-10,0.1.1,1
2026-07-10,0.1.10,1
2026-07-10,0.1.11,3
2026-07-10,0.1.2,1
2026-07-10,0.1.3,1
2026-07-10,0.1.4,1
2026-07-10,0.1.5,1
2026-07-10,0.1.6,1
2026-07-10,0.1.7,1
2026-07-10,0.1.8,1
2026-07-10,0.1.9,1
2026-07-10,0.10.0,1
2026-07-10,0.10.1,1
2026-07-10,0.10.2,1
2026-07-10,0.10.3,1
2026-07-10,0.11.0,1
2026-07-10,0.11.1,1
2026-07-10,0.11.2,1
2026-07-10,0.11.3,1
2026-07-10,0.12.0,1
2026-07-10,0.12.1,1
2026-07-10,0.13.0,1
2026-07-10,0.13.1,1
2026-07-10,0.13.2,1
2026-07-10,0.14.0,1
2026-07-10,0.14.1,1
2026-07-10,0.15.0,1
2026-07-10,0.16.0,1
2026-07-10,0.16.1,1
2026-07-10,0.16.2,1
2026-07-10,0.17.0,1
2026-07-10,0.17.1,1
2026-07-10,0.17.2,1
2026-07-10,0.18.0,1
2026-07-10,0.19.0,1
2026-07-10,0.19.1,1
2026-07-10,0.19.2,1
2026-07-10,0.2.0,1
2026-07-10,0.20.0,1
2026-07-10,0.21.0,1
2026-07-10,0.21.1,1
2026-07-10,0.21.2,1
2026-07-10,0.22.0,1
2026-07-10,0.22.1,1
2026-07-10,0.22.2,1
2026-07-10,0.22.3,1
2026-07-10,0.22.4,1
2026-07-10,0.23.0,1
2026-07-10,0.23.1,1
2026-07-10,0.23.2,1
2026-07-10,0.24.0,1
2026-07-10,0.25.0,1
2026-07-10,0.25.1,1
2026-07-10,0.26.0,1
2026-07-10,0.26.1,1
2026-07-10,0.26.2,3
2026-07-10,0.27.0,9
2026-07-10,0.28.0,18114
2026-07-10,0.3.0,1
2026-07-10,0.3.1,1
2026-07-10,0.4.0,1
2026-07-10,0.4.1,1
2026-07-10,0.5.0,1
2026-07-10,0.5.1,1
2026-07-10,0.6.0,1
2026-07-10,0.6.1,1
2026-07-10,0.6.2,1
2026-07-10,0.6.3,1
2026-07-10,0.6.4,2
2026-07-10,0.7.0,1
2026-07-10,0.7.1,1
2026-07-10,0.7.2,1
2026-07-10,0.8.0,1
2026-07-10,0.8.1,1
2026-07-10,0.8.2,1
2026-07-10,0.9.0,1
2026-07-10,0.9.1,1
2026-07-11,0.26.0,2
2026-07-11,0.26.1,4
2026-07-11,0.26.2,4
2026-07-11,0.27.0,12
2026-07-11,0.28.0,7145
2026-07-11,0.7.1,1
2026-07-12,0.0.1,3
2026-07-12,0.1.1,4
2026-07-12,0.1.10,4
2026-07-12,0.1.11,4
2026-07-12,0.1.2,4
2026-07-12,0.1.3,4
2026-07-12,0.1.4,4
2026-07-12,0.1.5,4
2026-07-12,0.1.6,4
2026-07-12,0.1.7,4
2026-07-12,0.1.8,4
2026-07-12,0.1.9,4
2026-07-12,0.10.0,4
2026-07-12,0.10.1,4
2026-07-12,0.10.2,4
2026-07-12,0.10.3,4
2026-07-12,0.11.0,4
2026-07-12,0.11.1,4
2026-07-12,0.11.2,4
2026-07-12,0.11.3,4
2026-07-12,0.12.0,4
2026-07-12,0.12.1,4
2026-07-12,0.13.0,4
2026-07-12,0.13.1,4
2026-07-12,0.13.2,4
2026-07-12,0.14.0,4
2026-07-12,0.14.1,4
2026-07-12,0.15.0,4
2026-07-12,0.16.0,4
2026-07-12,0.16.1,4
2026-07-12,0.16.2,4
2026-07-12,0.17.0,4
2026-07-12,0.17.1,4
2026-07-12,0.17.2,4
2026-07-12,0.18.0,4
2026-07-12,0.19.0,4
2026-07-12,0.19.1,4
2026-07-12,0.19.2,4
2026-07-12,0.2.0,3
2026-07-12,0.20.0,2
2026-07-12,0.21.0,2
2026-07-12,0.21.1,2
2026-07-12,0.21.2,2
2026-07-12,0.22.0,2
2026-07-12,0.22.1,2
2026-07-12,0.22.2,2
2026-07-12,0.22.3,2
2026-07-12,0.22.4,2
2026-07-12,0.23.0,2
2026-07-12,0.23.1,2
2026-07-12,0.23.2,2
2026-07-12,0.24.0,2
2026-07-12,0.25.0,2
2026-07-12,0.25.1,2
2026-07-12,0.26.0,6
2026-07-12,0.26.1,4
2026-07-12,0.26.2,4
2026-07-12,0.27.0,12
2026-07-12,0.28.0,132553
2026-07-12,0.3.0,2
2026-07-12,0.3.1,2
2026-07-12,0.4.0,2
2026-07-12,0.4.1,2
2026-07-12,0.5.0,2
2026-07-12,0.5.1,2
2026-07-12,0.6.0,2
2026-07-12,0.6.1,2
2026-07-12,0.6.2,2
2026-07-12,0.6.3,2
2026-07-12,0.6.4,2
2026-07-12,0.7.0,3
2026-07-12,0.7.1,2
2026-07-12,0.7.2,2
2026-07-12,0.8.0,2
2026-07-12,0.8.1,2
2026-07-12,0.8.2,2
2026-07-12,0.9.0,2
2026-07-12,0.9.1,2
2026-07-13,0.21.0,1
2026-07-13,0.24.0,2
2026-07-13,0.25.0,2
2026-07-13,0.25.1,2
2026-07-13,0.26.0,2
2026-07-13,0.26.1,184
2026-07-13,0.27.0,13
2026-07-13,0.28.0,49815
2026-07-13,0.7.0,1
2026-07-13,0.7.1,2
2026-07-14,0.0.1,4
2026-07-14,0.1.1,4
2026-07-14,0.1.10,4
2026-07-14,0.1.11,4
2026-07-14,0.1.2,4
2026-07-14,0.1.3,4
2026-07-14,0.1.4,4
2026-07-14,0.1.5,4
2026-07-14,0.1.6,4
2026-07-14,0.1.7,4
2026-07-14,0.1.8,4
2026-07-14,0.1.9,4
2026-07-14,0.10.0,4
2026-07-14,0.10.1,4
2026-07-14,0.10.2,4
2026-07-14,0.10.3,4
2026-07-14,0.11.0,4
2026-07-14,0.11.1,4
2026-07-14,0.11.2,4
2026-07-14,0.11.3,4
2026-07-14,0.12.0,4
2026-07-14,0.12.1,4
2026-07-14,0.13.0,4
2026-07-14,0.13.1,4
2026-07-14,0.13.2,4
2026-07-14,0.14.0,4
2026-07-14,0.14.1,4
2026-07-14,0.15.0,4
2026-07-14,0.16.0,4
2026-07-14,0.16.1,4
2026-07-14,0.16.2,4
2026-07-14,0.17.0,6
2026-07-14,0.17.1,4
2026-07-14,0.17.2,4
2026-07-14,0.18.0,5
2026-07-14,0.19.0,4
2026-07-14,0.19.1,4
2026-07-14,0.19.2,4
2026-07-14,0.2.0,4
2026-07-14,0.20.0,4
2026-07-14,0.21.0,4
2026-07-14,0.21.1,4
2026-07-14,0.21.2,4
2026-07-14,0.22.0,4
2026-07-14,0.22.1,4
2026-07-14,0.22.2,4
2026-07-14,0.22.3,4
2026-07-14,0.22.4,4
2026-07-14,0.23.0,4
2026-07-14,0.23.1,4
2026-07-14,0.23.2,4
2026-07-14,0.24.0,6
2026-07-14,0.25.0,6
2026-07-14,0.25.1,7
2026-07-14,0.26.0,6
2026-07-14,0.26.1,10
2026-07-14,0.26.2,8
2026-07-14,0.27.0,13
2026-07-14,0.28.0,23482
2026-07-14,0.3.0,4
2026-07-14,0.3.1,4
2026-07-14,0.4.0,4
2026-07-14,0.4.1,4
2026-07-14,0.5.0,4
2026-07-14,0.5.1,4
2026-07-14,0.6.0,4
2026-07-14,0.6.1,4
2026-07-14,0.6.2,4
2026-07-14,0.6.3,4
2026-07-14,0.6.4,4
2026-07-14,0.7.0,4
2026-07-14,0.7.1,4
2026-07-14,0.7.2,4
2026-07-14,0.8.0,4
2026-07-14,0.8.1,4
2026-07-14,0.8.2,4
2026-07-14,0.9.0,4
2026-07-14,0.9.1,4
2026-07-15,0.16.2,2
2026-07-15,0.19.0,2
2026-07-15,0.19.1,2
2026-07-15,0.20.0,3
2026-07-15,0.22.0,4
2026-07-15,0.22.4,2
2026-07-15,0.23.0,1
2026-07-15,0.23.1,2
2026-07-15,0.23.2,4
2026-07-15,0.24.0,11
2026-07-15,0.25.0,6
2026-07-15,0.25.1,6
2026-07-15,0.26.0,5
2026-07-15,0.26.1,9
2026-07-15,0.26.2,9
2026-07-15,0.27.0,19
2026-07-15,0.28.0,216844
2026-07-16,0.0.1,3
2026-07-16,0.1.1,3
2026-07-16,0.1.10,3
2026-07-16,0.1.11,3
2026-07-16,0.1.2,3
2026-07-16,0.1.3,3
2026-07-16,0.1.4,3
2026-07-16,0.1.5,3
2026-07-16,0.1.6,3
2026-07-16,0.1.7,3
2026-07-16,0.1.8,3
2026-07-16,0.1.9,3
2026-07-16,0.10.0,3
2026-07-16,0.10.1,3
2026-07-16,0.10.2,3
2026-07-16,0.10.3,3
2026-07-16,0.11.0,3
2026-07-16,0.11.1,3
2026-07-16,0.11.2,3
2026-07-16,0.11.3,3
2026-07-16,0.12.0,3
2026-07-16,0.12.1,3
2026-07-16,0.13.0,3
2026-07-16,0.13.1,3
2026-07-16,0.13.2,3
2026-07-16,0.14.0,3
2026-07-16,0.14.1,3
2026-07-16,0.15.0,3
2026-07-16,0.16.0,3
2026-07-16,0.16.1,3
2026-07-16,0.16.2,3
2026-07-16,0.17.0,3
2026-07-16,0.17.1,3
2026-07-16,0.17.2,3
2026-07-16,0.18.0,4
2026-07-16,0.19.0,3
2026-07-16,0.19.1,3
2026-07-16,0.19.2,3
2026-07-16,0.2.0,3
2026-07-16,0.20.0,3
2026-07-16,0.21.0,7
2026-07-16,0.21.1,3
2026-07-16,0.21.2,3
2026-07-16,0.22.0,3
2026-07-16,0.22.1,3
2026-07-16,0.22.2,3
2026-07-16,0.22.3,3
2026-07-16,0.22.4,3
2026-07-16,0.23.0,3
2026-07-16,0.23.1,3
2026-07-16,0.23.2,3
2026-07-16,0.24.0,5
2026-07-16,0.25.0,3
2026-07-16,0.25.1,3
2026-07-16,0.26.0,6
2026-07-16,0.26.1,217
2026-07-16,0.26.2,8
2026-07-16,0.27.0,11
2026-07-16,0.28.0,171525
2026-07-16,0.3.0,3
2026-07-16,0.3.1,3
2026-07-16,0.4.0,3
2026-07-16,0.4.1,3
2026-07-16,0.5.0,3
2026-07-16,0.5.1,3
2026-07-16,0.6.0,3
2026-07-16,0.6.1,3
2026-07-16,0.6.2,3
2026-07-16,0.6.3,3
2026-07-16,0.6.4,3
2026-07-16,0.7.0,3
2026-07-16,0.7.1,3
2026-07-16,0.7.2,3
2026-07-16,0.8.0,3
2026-07-16,0.8.1,3
2026-07-16,0.8.2,3
2026-07-16,0.9.0,3
2026-07-16,0.9.1,3
2026-07-17,0.0.1,2
2026-07-17,0.1.1,2
2026-07-17,0.1.10,2
2026-07-17,0.1.11,2
2026-07-17,0.1.2,2
2026-07-17,0.1.3,2
2026-07-17,0.1.4,2
2026-07-17,0.1.5,2
2026-07-17,0.1.6,2
2026-07-17,0.1.7,2
2026-07-17,0.1.8,2
2026-07-17,0.1.9,2
2026-07-17,0.10.0,2
2026-07-17,0.10.1,2
2026-07-17,0.10.2,2
2026-07-17,0.10.3,2
2026-07-17,0.11.0,2
2026-07-17,0.11.1,2
2026-07-17,0.11.2,2
2026-07-17,0.11.3,2
2026-07-17,0.12.0,2
2026-07-17,0.12.1,2
2026-07-17,0.13.0,2
2026-07-17,0.13.1,2
2026-07-17,0.13.2,2
2026-07-17,0.14.0,2
2026-07-17,0.14.1,2
2026-07-17,0.15.0,2
2026-07-17,0.16.0,2
2026-07-17,0.16.1,2
2026-07-17,0.16.2,2
2026-07-17,0.17.0,2
2026-07-17,0.17.1,2
2026-07-17,0.17.2,2
2026-07-17,0.18.0,2
2026-07-17,0.19.0,2
2026-07-17,0.19.1,2
2026-07-17,0.19.2,2
2026-07-17,0.2.0,2
2026-07-17,0.20.0,2
2026-07-17,0.21.0,2
2026-07-17,0.21.1,2
2026-07-17,0.21.2,2
2026-07-17,0.22.0,2
2026-07-17,0.22.1,2
2026-07-17,0.22.2,2
2026-07-17,0.22.3,2
2026-07-17,0.22.4,2
2026-07-17,0.23.0,2
2026-07-17,0.23.1,2
2026-07-17,0.23.2,2
2026-07-17,0.24.0,5
2026-07-17,0.25.0,2
2026-07-17,0.25.1,2
2026-07-17,0.26.0,2
2026-07-17,0.26.1,296
2026-07-17,0.26.2,2
2026-07-17,0.27.0,14
2026-07-17,0.28.0,67784
2026-07-17,0.28.1,36329
2026-07-17,0.3.0,2
2026-07-17,0.3.1,2
2026-07-17,0.4.0,2
2026-07-17,0.4.1,2
2026-07-17,0.5.0,2
2026-07-17,0.5.1,2
2026-07-17,0.6.0,2
2026-07-17,0.6.1,2
2026-07-17,0.6.2,2
2026-07-17,0.6.3,2
2026-07-17,0.6.4,2
2026-07-17,0.7.0,2
2026-07-17,0.7.1,2
2026-07-17,0.7.2,2
2026-07-17,0.8.0,2
2026-07-17,0.8.1,2
2026-07-17,0.8.2,2
2026-07-17,0.9.0,2
2026-07-17,0.9.1,2
2026-07-18,0.1.3,1
2026-07-18,0.25.0,2
2026-07-18,0.25.1,3
2026-07-18,0.26.0,3
2026-07-18,0.26.1,1
2026-07-18,0.27.0,6
2026-07-18,0.28.0,146
2026-07-18,0.28.1,145364
2026-07-19,0.1.6,1
2026-07-19,0.21.0,1
2026-07-19,0.26.0,3
2026-07-19,0.26.1,1
2026-07-19,0.26.2,4
2026-07-19,0.27.0,7
2026-07-19,0.28.0,32
2026-07-19,0.28.1,83224
2026-07-19,0.3.0,2
2026-07-19,0.4.0,2
2026-07-19,0.7.0,1
2026-07-20,0.11.0,2
2026-07-20,0.26.0,2
2026-07-20,0.26.1,89
2026-07-20,0.26.2,3
2026-07-20,0.27.0,4
2026-07-20,0.28.0,5
2026-07-20,0.28.1,70401
2026-07-20,0.6.1,1
2026-07-21,0.0.1,1
2026-07-21,0.1.1,1
2026-07-21,0.1.10,1
2026-07-21,0.1.11,1
2026-07-21,0.1.2,1
2026-07-21,0.1.3,1
2026-07-21,0.1.4,1
2026-07-21,0.1.5,1
2026-07-21,0.1.6,1
2026-07-21,0.1.7,1
2026-07-21,0.1.8,1
2026-07-21,0.1.9,1
2026-07-21,0.10.0,1
2026-07-21,0.10.1,1
2026-07-21,0.10.2,1
2026-07-21,0.10.3,1
2026-07-21,0.11.0,1
2026-07-21,0.11.1,1
2026-07-21,0.11.2,1
2026-07-21,0.11.3,1
2026-07-21,0.12.0,1
2026-07-21,0.12.1,1
2026-07-21,0.13.0,1
2026-07-21,0.13.1,1
2026-07-21,0.13.2,1
2026-07-21,0.14.0,1
2026-07-21,0.14.1,1
2026-07-21,0.15.0,2
2026-07-21,0.16.0,1
2026-07-21,0.16.1,1
2026-07-21,0.16.2,1
2026-07-21,0.17.0,1
2026-07-21,0.17.1,1
2026-07-21,0.17.2,1
2026-07-21,0.18.0,1
2026-07-21,0.19.0,1
2026-07-21,0.19.1,1
2026-07-21,0.19.2,1
2026-07-21,0.2.0,1
2026-07-21,0.20.0,1
2026-07-21,0.21.0,1
2026-07-21,0.21.1,1
2026-07-21,0.21.2,1
2026-07-21,0.22.0,1
2026-07-21,0.22.1,1
2026-07-21,0.22.2,1
2026-07-21,0.22.3,1
2026-07-21,0.22.4,1
2026-07-21,0.23.0,1
2026-07-21,0.23.1,1
2026-07-21,0.23.2,1
2026-07-21,0.24.0,1
2026-07-21,0.25.0,1
2026-07-21,0.25.1,1
2026-07-21,0.26.0,7
2026-07-21,0.26.1,446
2026-07-21,0.27.0,4
2026-07-21,0.28.0,1
2026-07-21,0.28.1,67287
2026-07-21,0.3.0,1
2026-07-21,0.3.1,1
2026-07-21,0.4.0,1
2026-07-21,0.4.1,1
2026-07-21,0.5.0,1
2026-07-21,0.5.1,1
2026-07-21,0.6.0,1
2026-07-21,0.6.1,1
2026-07-21,0.6.2,1
2026-07-21,0.6.3,1
2026-07-21,0.6.4,1
2026-07-21,0.7.0,1
2026-07-21,0.7.1,1
2026-07-21,0.7.2,1
2026-07-21,0.8.0,1
2026-07-21,0.8.1,1
2026-07-22,0.1.10,2
2026-07-22,0.1.11,2
2026-07-22,0.1.2,2
2026-07-22,0.1.6,1
2026-07-22,0.1.9,2
2026-07-22,0.10.0,4
2026-07-22,0.10.1,4
2026-07-22,0.10.2,4
2026-07-22,0.10.3,4
2026-07-22,0.11.0,4
2026-07-22,0.11.1,4
2026-07-22,0.11.2,4
2026-07-22,0.11.3,4
2026-07-22,0.12.0,4
2026-07-22,0.12.1,4
2026-07-22,0.13.0,4
2026-07-22,0.13.1,4
2026-07-22,0.13.2,4
2026-07-22,0.14.0,4
2026-07-22,0.14.1,4
2026-07-22,0.15.0,5
2026-07-22,0.16.0,5
2026-07-22,0.16.1,5
2026-07-22,0.16.2,5
2026-07-22,0.17.0,13
2026-07-22,0.17.1,5
2026-07-22,0.17.2,5
2026-07-22,0.18.0,4
2026-07-22,0.19.0,4
2026-07-22,0.19.1,4
2026-07-22,0.19.2,4
2026-07-22,0.2.0,2
2026-07-22,0.20.0,4
2026-07-22,0.21.0,5
2026-07-22,0.21.1,4
2026-07-22,0.21.2,4
2026-07-22,0.22.0,6
2026-07-22,0.22.1,4
2026-07-22,0.22.2,4
2026-07-22,0.22.3,4
2026-07-22,0.22.4,6
2026-07-22,0.23.0,4
2026-07-22,0.23.1,4
2026-07-22,0.23.2,4
2026-07-22,0.24.0,4
2026-07-22,0.25.0,6
2026-07-22,0.25.1,4
2026-07-22,0.26.0,6
2026-07-22,0.26.1,80
2026-07-22,0.26.2,4
2026-07-22,0.27.0,8
2026-07-22,0.28.0,13
2026-07-22,0.28.1,88198
2026-07-22,0.3.0,2
2026-07-22,0.3.1,2
2026-07-22,0.4.0,2
2026-07-22,0.4.1,2
2026-07-22,0.5.0,2
2026-07-22,0.5.1,2
2026-07-22,0.6.0,2
2026-07-22,0.6.1,2
2026-07-22,0.6.2,2
2026-07-22,0.6.3,2
2026-07-22,0.6.4,2
2026-07-22,0.7.0,2
2026-07-22,0.7.1,2
2026-07-22,0.7.2,2
2026-07-22,0.8.0,2
2026-07-22,0.8.1,2
2026-07-22,0.8.2,2
2026-07-22,0.9.0,2
2026-07-22,0.9.1,2
2026-07-23,0.0.1,2
2026-07-23,0.1.11,1
2026-07-23,0.1.2,2
2026-07-23,0.1.4,1
2026-07-23,0.10.3,1
2026-07-23,0.15.0,1
2026-07-23,0.16.1,1
2026-07-23,0.20.0,1
2026-07-23,0.22.4,4
2026-07-23,0.25.0,1
2026-07-23,0.26.0,3
2026-07-23,0.26.1,209
2026-07-23,0.26.2,2
2026-07-23,0.27.0,12
2026-07-23,0.28.0,12
2026-07-23,0.28.1,94788
2026-07-23,0.3.0,1
2026-07-23,0.9.1,2
2026-07-24,0.26.1,211
2026-07-24,0.26.2,4
2026-07-24,0.27.0,4
2026-07-24,0.28.0,9
2026-07-24,0.28.1,84287
2026-07-25,0.1.3,1
2026-07-25,0.22.0,2
2026-07-25,0.27.0,3
2026-07-25,0.28.0,15
2026-07-25,0.28.1,89454
2026-07-26,0.0.1,2
2026-07-26,0.12.0,2
2026-07-26,0.17.0,8
2026-07-26,0.19.1,1
2026-07-26,0.19.2,2
2026-07-26,0.21.2,2
2026-07-26,0.22.0,4
2026-07-26,0.24.0,2
2026-07-26,0.25.0,2
2026-07-26,0.26.0,4
2026-07-26,0.26.1,1
2026-07-26,0.27.0,4
2026-07-26,0.28.0,3
2026-07-26,0.28.1,120388
2026-07-26,0.6.0,1
2026-07-27,0.0.1,4
2026-07-27,0.1.1,1
2026-07-27,0.1.10,1
2026-07-27,0.1.11,1
2026-07-27,0.1.2,1
2026-07-27,0.1.3,1
2026-07-27,0.1.4,1
2026-07-27,0.1.5,1
2026-07-27,0.1.6,1
2026-07-27,0.1.7,1
2026-07-27,0.1.8,1
2026-07-27,0.1.9,1
2026-07-27,0.10.0,1
2026-07-27,0.10.1,1
2026-07-27,0.10.2,1
2026-07-27,0.10.3,1
2026-07-27,0.11.0,1
2026-07-27,0.11.1,1
2026-07-27,0.11.2,1
2026-07-27,0.11.3,1
2026-07-27,0.12.0,1
2026-07-27,0.12.1,1
2026-07-27,0.13.0,1
2026-07-27,0.13.1,1
2026-07-27,0.13.2,1
2026-07-27,0.14.0,1
2026-07-27,0.14.1,1
2026-07-27,0.15.0,1
2026-07-27,0.16.0,1
2026-07-27,0.16.1,1
2026-07-27,0.16.2,1
2026-07-27,0.17.0,17
2026-07-27,0.17.1,1
2026-07-27,0.17.2,1
2026-07-27,0.18.0,1
2026-07-27,0.19.0,1
2026-07-27,0.19.1,1
2026-07-27,0.19.2,1
2026-07-27,0.2.0,1
2026-07-27,0.20.0,1
2026-07-27,0.21.0,1
2026-07-27,0.21.1,1
2026-07-27,0.21.2,1
2026-07-27,0.22.0,1
2026-07-27,0.22.1,1
2026-07-27,0.22.2,1
2026-07-27,0.22.3,1
2026-07-27,0.22.4,1
2026-07-27,0.23.0,1
2026-07-27,0.23.1,1
2026-07-27,0.23.2,1
2026-07-27,0.24.0,1
2026-07-27,0.25.0,1
2026-07-27,0.25.1,1
2026-07-27,0.26.0,5
2026-07-27,0.26.1,3
2026-07-27,0.26.2,13
2026-07-27,0.27.0,14
2026-07-27,0.28.0,9
2026-07-27,0.28.1,129020
2026-07-27,0.3.0,1
2026-07-27,0.3.1,1
2026-07-27,0.4.0,1
2026-07-27,0.4.1,1
2026-07-27,0.5.0,1
2026-07-27,0.5.1,1
2026-07-27,0.6.0,1
2026-07-27,0.6.1,1
2026-07-27,0.6.2,1
2026-07-27,0.6.3,1
2026-07-27,0.6.4,1
2026-07-27,0.7.0,1
2026-07-27,0.7.1,1
2026-07-27,0.7.2,1
2026-07-27,0.8.0,1
2026-07-27,0.8.1,1
2026-07-27,0.8.2,1
2026-07-27,0.9.0,1
2026-07-27,0.9.1,1
2026-07-28,0.0.1,3
2026-07-28,0.1.1,1
2026-07-28,0.1.10,2
2026-07-28,0.1.11,1
2026-07-28,0.1.2,1
2026-07-28,0.1.3,1
2026-07-28,0.1.4,1
2026-07-28,0.1.5,1
2026-07-28,0.1.6,1
2026-07-28,0.1.7,1
2026-07-28,0.1.8,1
2026-07-28,0.1.9,1
2026-07-28,0.10.0,1
2026-07-28,0.10.1,1
2026-07-28,0.10.2,1
2026-07-28,0.10.3,1
2026-07-28,0.11.0,1
2026-07-28,0.11.1,1
2026-07-28,0.11.2,1
2026-07-28,0.11.3,1
2026-07-28,0.12.0,1
2026-07-28,0.12.1,1
2026-07-28,0.13.0,1
2026-07-28,0.13.1,1
2026-07-28,0.13.2,1
2026-07-28,0.14.0,1
2026-07-28,0.14.1,1
2026-07-28,0.15.0,1
2026-07-28,0.16.0,1
2026-07-28,0.16.1,1
2026-07-28,0.16.2,1
2026-07-28,0.17.0,3
2026-07-28,0.17.1,1
2026-07-28,0.17.2,1
2026-07-28,0.18.0,1
2026-07-28,0.19.0,1
2026-07-28,0.19.1,1
2026-07-28,0.19.2,1
2026-07-28,0.2.0,1
2026-07-28,0.20.0,1
2026-07-28,0.21.0,1
2026-07-28,0.21.1,1
2026-07-28,0.21.2,1
2026-07-28,0.22.0,1
2026-07-28,0.22.1,1
2026-07-28,0.22.2,1
2026-07-28,0.22.3,1
2026-07-28,0.22.4,1
2026-07-28,0.23.0,1
2026-07-28,0.23.1,1
2026-07-28,0.23.2,1
2026-07-28,0.24.0,4
2026-07-28,0.25.0,3
2026-07-28,0.25.1,1
2026-07-28,0.26.0,3
2026-07-28,0.26.1,11
2026-07-28,0.26.2,4
2026-07-28,0.27.0,9
2026-07-28,0.28.0,4
2026-07-28,0.28.1,45517
2026-07-28,0.29.0,51895
2026-07-28,0.3.0,1
2026-07-28,0.3.1,1
2026-07-28,0.4.0,1
2026-07-28,0.4.1,1
2026-07-28,0.5.0,1
2026-07-28,0.5.1,1
2026-07-28,0.6.0,1
2026-07-28,0.6.1,1
2026-07-28,0.6.2,1
2026-07-28,0.6.3,1
2026-07-28,0.6.4,1
2026-07-28,0.7.0,1
2026-07-28,0.7.1,1
2026-07-28,0.7.2,1
2026-07-28,0.8.0,1
2026-07-28,0.8.1,1
2026-07-28,0.8.2,1
2026-07-28,0.9.0,1
2026-07-28,0.9.1,1
2026-07-29,0.0.1,2
2026-07-29,0.1.11,1
2026-07-29,0.12.1,1
2026-07-29,0.13.0,1
2026-07-29,0.13.1,1
2026-07-29,0.13.2,1
2026-07-29,0.14.0,1
2026-07-29,0.14.1,1
2026-07-29,0.15.0,1
2026-07-29,0.16.0,1
2026-07-29,0.16.1,1
2026-07-29,0.16.2,1
2026-07-29,0.17.0,15
2026-07-29,0.17.1,1
2026-07-29,0.17.2,2
2026-07-29,0.18.0,1
2026-07-29,0.19.0,1
2026-07-29,0.19.1,1
2026-07-29,0.19.2,3
2026-07-29,0.20.0,1
2026-07-29,0.21.0,1
2026-07-29,0.21.1,1
2026-07-29,0.21.2,2
2026-07-29,0.22.0,1
2026-07-29,0.22.1,1
2026-07-29,0.22.2,1
2026-07-29,0.22.3,1
2026-07-29,0.22.4,1
2026-07-29,0.23.0,1
2026-07-29,0.23.1,4
2026-07-29,0.23.2,1
2026-07-29,0.24.0,4
2026-07-29,0.25.0,1
2026-07-29,0.25.1,1
2026-07-29,0.26.0,1
2026-07-29,0.26.1,11
2026-07-29,0.26.2,3
2026-07-29,0.27.0,22
2026-07-29,0.28.0,5
2026-07-29,0.28.1,36
2026-07-29,0.29.0,64891
2026-07-30,0.0.1,1
2026-07-30,0.1.11,1
2026-07-30,0.1.2,1
2026-07-30,0.1.3,1
2026-07-30,0.1.5,1
2026-07-30,0.1.8,1
2026-07-30,0.11.3,1
2026-07-30,0.13.0,1
2026-07-30,0.16.0,1
2026-07-30,0.17.2,1
2026-07-30,0.19.1,1
2026-07-30,0.21.0,1
2026-07-30,0.22.1,1
2026-07-30,0.22.4,1
2026-07-30,0.26.1,209
2026-07-30,0.28.0,8
2026-07-30,0.4.0,1
2026-07-30,0.4.1,1
2026-07-30,0.5.1,1
2026-07-30,0.6.2,1
2026-07-30,0.7.0,1
2026-07-30,0.7.1,1
2026-07-30,0.8.2,1
2026-07-30,0.9.0,1
2026-07-31,0.0.1,1
2026-07-31,0.1.1,1
2026-07-31,0.1.10,1
2026-07-31,0.1.11,1
2026-07-31,0.1.2,1
2026-07-31,0.1.3,1
2026-07-31,0.1.4,1
2026-07-31,0.1.5,1
2026-07-31,0.1.6,1
2026-07-31,0.1.7,1
2026-07-31,0.1.8,1
2026-07-31,0.1.9,1
2026-07-31,0.10.0,1
2026-07-31,0.10.1,1
2026-07-31,0.10.2,1
2026-07-31,0.10.3,1
2026-07-31,0.11.0,1
2026-07-31,0.11.1,1
2026-07-31,0.11.2,1
2026-07-31,0.11.3,1
2026-07-31,0.12.0,1
2026-07-31,0.12.1,1
2026-07-31,0.13.0,1
2026-07-31,0.13.1,1
2026-07-31,0.13.2,1
2026-07-31,0.14.0,1
2026-07-31,0.14.1,1
2026-07-31,0.15.0,1
2026-07-31,0.16.0,1
2026-07-31,0.16.1,1
2026-07-31,0.16.2,1
2026-07-31,0.17.0,3
2026-07-31,0.17.1,1
2026-07-31,0.17.2,1
2026-07-31,0.18.0,3
2026-07-31,0.19.0,1
2026-07-31,0.19.1,1
2026-07-31,0.19.2,1
2026-07-31,0.2.0,1
2026-07-31,0.20.0,1
2026-07-31,0.21.0,1
2026-07-31,0.21.1,1
2026-07-31,0.21.2,1
2026-07-31,0.22.0,3
2026-07-31,0.22.1,1
2026-07-31,0.22.2,1
2026-07-31,0.22.3,1
2026-07-31,0.22.4,3
2026-07-31,0.23.0,1
2026-07-31,0.23.1,1
2026-07-31,0.23.2,1
2026-07-31,0.24.0,1
2026-07-31,0.25.0,1
2026-07-31,0.25.1,1
2026-07-31,0.26.0,1
2026-07-31,0.26.1,209
2026-07-31,0.26.2,1
2026-07-31,0.27.0,2167
2026-07-31,0.28.0,5
2026-07-31,0.28.1,12
2026-07-31,0.29.0,104703
2026-07-31,0.3.0,1
2026-07-31,0.3.1,1
2026-07-31,0.4.0,1
2026-07-31,0.4.1,1
2026-07-31,0.5.0,1
2026-07-31,0.5.1,1
2026-07-31,0.6.0,1
2026-07-31,0.6.1,1
2026-07-31,0.6.2,1
2026-07-31,0.6.3,1
2026-07-31,0.6.4,1
2026-07-31,0.7.0,1
2026-07-31,0.7.1,1
2026-07-31,0.7.2,1
2026-07-31,0.8.0,1
2026-07-31,0.8.1,1
2026-07-31,0.8.2,1
2026-07-31,0.9.0,1
2026-07-31,0.9.1,1
2026-08-01,0.0.1,6
2026-08-01,0.1.1,6
2026-08-01,0.1.10,6
2026-08-01,0.1.11,6
2026-08-01,0.1.2,6
2026-08-01,0.1.3,6
2026-08-01,0.1.4,6
2026-08-01,0.1.5,6
2026-08-01,0.1.6,6
2026-08-01,0.1.7,6
2026-08-01,0.1.8,6
2026-08-01,0.1.9,6
2026-08-01,0.10.0,6
2026-08-01,0.10.1,6
2026-08-01,0.10.2,6
2026-08-01,0.10.3,6
2026-08-01,0.11.0,6
2026-08-01,0.11.1,8
2026-08-01,0.11.2,8
2026-08-01,0.11.3,8
2026-08-01,0.12.0,10
2026-08-01,0.12.1,8
2026-08-01,0.13.0,8
2026-08-01,0.13.1,8
2026-08-01,0.13.2,8
2026-08-01,0.14.0,8
2026-08-01,0.14.1,8
2026-08-01,0.15.0,8
2026-08-01,0.16.0,8
2026-08-01,0.16.1,8
2026-08-01,0.16.2,8
2026-08-01,0.17.0,8
2026-08-01,0.17.1,8
2026-08-01,0.17.2,8
2026-08-01,0.18.0,8
2026-08-01,0.19.0,9
2026-08-01,0.19.1,8
2026-08-01,0.19.2,8
2026-08-01,0.2.0,6
2026-08-01,0.20.0,9
2026-08-01,0.21.0,9
2026-08-01,0.21.1,8
2026-08-01,0.21.2,8
2026-08-01,0.22.0,10
2026-08-01,0.22.1,8
2026-08-01,0.22.2,8
2026-08-01,0.22.3,8
2026-08-01,0.22.4,8
2026-08-01,0.23.0,8
2026-08-01,0.23.1,8
2026-08-01,0.23.2,8
2026-08-01,0.24.0,8
2026-08-01,0.25.0,8
2026-08-01,0.25.1,8
2026-08-01,0.26.0,8
2026-08-01,0.26.1,20
2026-08-01,0.26.2,12
2026-08-01,0.27.0,518
2026-08-01,0.28.0,18
2026-08-01,0.28.1,43
2026-08-01,0.29.0,97172
2026-08-01,0.3.0,6
2026-08-01,0.3.1,6
2026-08-01,0.4.0,6
2026-08-01,0.4.1,6
2026-08-01,0.5.0,6
2026-08-01,0.5.1,6
2026-08-01,0.6.0,6
2026-08-01,0.6.1,6
2026-08-01,0.6.2,6
2026-08-01,0.6.3,6
2026-08-01,0.6.4,6
2026-08-01,0.7.0,6
2026-08-01,0.7.1,6
2026-08-01,0.7.2,6
2026-08-01,0.8.0,6
2026-08-01,0.8.1,6
2026-08-01,0.8.2,6
2026-08-01,0.9.0,6
2026-08-01,0.9.1,6
2026-08-02,0.0.1,2
2026-08-02,0.1.1,2
2026-08-02,0.1.10,2
2026-08-02,0.1.11,2
2026-08-02,0.1.2,2
2026-08-02,0.1.3,2
2026-08-02,0.1.4,2
2026-08-02,0.1.5,2
2026-08-02,0.1.6,2
2026-08-02,0.1.7,2
2026-08-02,0.1.8,2
2026-08-02,0.1.9,2
2026-08-02,0.10.0,2
2026-08-02,0.10.1,2
2026-08-02,0.10.2,2
2026-08-02,0.10.3,2
2026-08-02,0.11.0,2
2026-08-02,0.11.1,2
2026-08-02,0.11.2,2
2026-08-02,0.11.3,2
2026-08-02,0.12.0,2
2026-08-02,0.12.1,2
2026-08-02,0.13.0,2
2026-08-02,0.13.1,2
2026-08-02,0.13.2,2
2026-08-02,0.14.0,2
2026-08-02,0.14.1,2
2026-08-02,0.15.0,2
2026-08-02,0.16.0,2
2026-08-02,0.16.1,2
2026-08-02,0.16.2,2
2026-08-02,0.17.0,2
2026-08-02,0.17.1,2
2026-08-02,0.17.2,2
2026-08-02,0.18.0,2
2026-08-02,0.19.0,2
2026-08-02,0.19.1,2
2026-08-02,0.19.2,2
2026-08-02,0.2.0,2
2026-08-02,0.20.0,2
2026-08-02,0.21.0,2
2026-08-02,0.21.1,2
2026-08-02,0.21.2,2
2026-08-02,0.22.0,2
2026-08-02,0.22.1,2
2026-08-02,0.22.2,2
2026-08-02,0.22.3,2
2026-08-02,0.22.4,2
2026-08-02,0.23.0,2
2026-08-02,0.23.1,2
2026-08-02,0.23.2,2
2026-08-02,0.24.0,2
2026-08-02,0.25.0,4
2026-08-02,0.25.1,5
2026-08-02,0.26.0,4
2026-08-02,0.26.1,6
2026-08-02,0.26.2,6
2026-08-02,0.27.0,10
2026-08-02,0.28.0,4
2026-08-02,0.28.1,23
2026-08-02,0.29.0,122882
2026-08-02,0.3.0,2
2026-08-02,0.3.1,2
2026-08-02,0.4.0,2
2026-08-02,0.4.1,2
2026-08-02,0.5.0,2
2026-08-02,0.5.1,2
2026-08-02,0.6.0,2
2026-08-02,0.6.1,2
2026-08-02,0.6.2,2
2026-08-02,0.6.3,2
2026-08-02,0.6.4,2
2026-08-02,0.7.0,2
2026-08-02,0.7.1,2
2026-08-02,0.7.2,2
2026-08-02,0.8.0,2
2026-08-02,0.8.1,2
2026-08-02,0.8.2,2
2026-08-02,0.9.0,2
2026-08-02,0.9.1,2
2026-08-03,0.0.1,1
2026-08-03,0.1.1,1
2026-08-03,0.1.10,1
2026-08-03,0.1.11,1
2026-08-03,0.1.2,1
2026-08-03,0.1.3,1
2026-08-03,0.1.4,1
2026-08-03,0.1.5,1
2026-08-03,0.1.6,1
2026-08-03,0.1.7,1
2026-08-03,0.1.8,1
2026-08-03,0.1.9,1
2026-08-03,0.10.0,1
2026-08-03,0.10.1,1
2026-08-03,0.10.2,1
2026-08-03,0.10.3,1
2026-08-03,0.11.0,1
2026-08-03,0.11.1,1
2026-08-03,0.11.2,1
2026-08-03,0.11.3,1
2026-08-03,0.12.0,1
2026-08-03,0.12.1,1
2026-08-03,0.13.0,1
2026-08-03,0.13.1,1
2026-08-03,0.13.2,1
2026-08-03,0.14.0,1
2026-08-03,0.14.1,1
2026-08-03,0.15.0,1
2026-08-03,0.16.0,1
2026-08-03,0.16.1,1
2026-08-03,0.16.2,1
2026-08-03,0.17.0,1
2026-08-03,0.17.1,1
2026-08-03,0.17.2,1
2026-08-03,0.18.0,1
2026-08-03,0.19.0,1
2026-08-03,0.19.1,1
2026-08-03,0.19.2,1
2026-08-03,0.2.0,1
2026-08-03,0.20.0,1
2026-08-03,0.21.0,4
2026-08-03,0.21.1,1
2026-08-03,0.21.2,1
2026-08-03,0.22.0,3
2026-08-03,0.22.1,1
2026-08-03,0.22.2,1
2026-08-03,0.22.3,1
2026-08-03,0.22.4,1
2026-08-03,0.23.0,1
2026-08-03,0.23.1,1
2026-08-03,0.23.2,2
2026-08-03,0.24.0,1
2026-08-03,0.25.0,3
2026-08-03,0.25.1,1
2026-08-03,0.26.0,3
2026-08-03,0.26.1,1932
2026-08-03,0.26.2,4
2026-08-03,0.27.0,20296
2026-08-03,0.28.0,10
2026-08-03,0.28.1,33
2026-08-03,0.29.0,144518
2026-08-03,0.3.0,1
2026-08-03,0.3.1,1
2026-08-03,0.4.0,1
2026-08-03,0.4.1,1
2026-08-03,0.5.0,1
2026-08-03,0.5.1,1
2026-08-03,0.6.0,2
2026-08-03,0.6.1,1
2026-08-03,0.6.2,1
2026-08-03,0.6.3,2
2026-08-03,0.6.4,1
2026-08-03,0.7.0,1
2026-08-03,0.7.1,1
2026-08-03,0.7.2,1
2026-08-03,0.8.0,1
2026-08-03,0.8.1,1
2026-08-03,0.8.2,1
2026-08-03,0.9.0,1
2026-08-03,0.9.1,1
2026-08-04,0.23.0,1
2026-08-04,0.26.0,2
2026-08-04,0.26.1,330
2026-08-04,0.26.2,5
2026-08-04,0.27.0,1598
2026-08-04,0.28.0,9
2026-08-04,0.28.1,11
2026-08-04,0.29.0,69582
2026-08-04,0.5.1,1
2026-08-05,0.0.1,7
2026-08-05,0.1.1,7
2026-08-05,0.1.10,7
2026-08-05,0.1.11,7
2026-08-05,0.1.2,7
2026-08-05,0.1.3,7
2026-08-05,0.1.4,7
2026-08-05,0.1.5,7
2026-08-05,0.1.6,7
2026-08-05,0.1.7,7
2026-08-05,0.1.8,7
2026-08-05,0.1.9,7
2026-08-05,0.10.0,7
2026-08-05,0.10.1,7
2026-08-05,0.10.2,7
2026-08-05,0.10.3,7
2026-08-05,0.11.0,7
2026-08-05,0.11.1,7
2026-08-05,0.11.2,7
2026-08-05,0.11.3,7
2026-08-05,0.12.0,7
2026-08-05,0.12.1,7
2026-08-05,0.13.0,7
2026-08-05,0.13.1,7
2026-08-05,0.13.2,7
2026-08-05,0.14.0,7
2026-08-05,0.14.1,7
2026-08-05,0.15.0,7
2026-08-05,0.16.0,7
2026-08-05,0.16.1,7
2026-08-05,0.16.2,7
2026-08-05,0.17.0,7
2026-08-05,0.17.1,7
2026-08-05,0.17.2,7
2026-08-05,0.18.0,7
2026-08-05,0.19.0,7
2026-08-05,0.19.1,7
2026-08-05,0.19.2,7
2026-08-05,0.2.0,7
2026-08-05,0.20.0,7
2026-08-05,0.21.0,7
2026-08-05,0.21.1,7
2026-08-05,0.21.2,7
2026-08-05,0.22.0,7
2026-08-05,0.22.1,7
2026-08-05,0.22.2,7
2026-08-05,0.22.3,7
2026-08-05,0.22.4,8
2026-08-05,0.23.0,8
2026-08-05,0.23.1,7
2026-08-05,0.23.2,7
2026-08-05,0.24.0,7
2026-08-05,0.25.0,7
2026-08-05,0.25.1,7
2026-08-05,0.26.0,9
2026-08-05,0.26.1,58
2026-08-05,0.26.2,11
2026-08-05,0.27.0,17
2026-08-05,0.28.0,22
2026-08-05,0.28.1,28
2026-08-05,0.29.0,67018
2026-08-05,0.3.0,7
2026-08-05,0.3.1,7
2026-08-05,0.4.0,7
2026-08-05,0.4.1,7
2026-08-05,0.5.0,7
2026-08-05,0.5.1,7
2026-08-05,0.6.0,7
2026-08-05,0.6.1,7
2026-08-05,0.6.2,7
2026-08-05,0.6.3,7
2026-08-05,0.6.4,7
2026-08-05,0.7.0,7
2026-08-05,0.7.1,7
2026-08-05,0.7.2,7
2026-08-05,0.8.0,7
2026-08-05,0.8.1,7
2026-08-05,0.8.2,7
2026-08-05,0.9.0,7
2026-08-05,0.9.1,7
2026-08-06,0.0.1,1
2026-08-06,0.1.1,1
2026-08-06,0.1.7,1
2026-08-06,0.10.2,1
2026-08-06,0.11.0,1
2026-08-06,0.13.1,1
2026-08-06,0.16.0,1
2026-08-06,0.17.0,1
2026-08-06,0.22.1,1
2026-08-06,0.22.2,1
2026-08-06,0.24.0,3
2026-08-06,0.25.0,3
2026-08-06,0.25.1,3
2026-08-06,0.26.0,3
2026-08-06,0.26.1,355
2026-08-06,0.26.2,3
2026-08-06,0.27.0,14
2026-08-06,0.28.0,10
2026-08-06,0.28.1,6
2026-08-06,0.29.0,59283
2026-08-06,0.9.0,1
2026-08-07,0.0.1,2
2026-08-07,0.1.1,1
2026-08-07,0.1.10,2
2026-08-07,0.1.11,2
2026-08-07,0.1.2,2
2026-08-07,0.1.3,2
2026-08-07,0.1.4,2
2026-08-07,0.1.5,2
2026-08-07,0.1.6,2
2026-08-07,0.1.7,2
2026-08-07,0.1.8,2
2026-08-07,0.1.9,1
2026-08-07,0.10.0,1
2026-08-07,0.10.1,2
2026-08-07,0.10.2,1
2026-08-07,0.10.3,2
2026-08-07,0.11.0,1
2026-08-07,0.11.1,2
2026-08-07,0.11.2,1
2026-08-07,0.11.3,2
2026-08-07,0.12.0,2
2026-08-07,0.12.1,2
2026-08-07,0.13.0,2
2026-08-07,0.13.2,2
2026-08-07,0.14.0,2
2026-08-07,0.14.1,2
2026-08-07,0.15.0,4
2026-08-07,0.16.0,3
2026-08-07,0.16.1,2
2026-08-07,0.16.2,2
2026-08-07,0.17.0,4
2026-08-07,0.17.1,2
2026-08-07,0.17.2,2
2026-08-07,0.18.0,6
2026-08-07,0.19.0,12
2026-08-07,0.19.1,2
2026-08-07,0.19.2,2
2026-08-07,0.2.0,2
2026-08-07,0.20.0,5
2026-08-07,0.21.0,10
2026-08-07,0.21.1,2
2026-08-07,0.21.2,2
2026-08-07,0.22.0,3
2026-08-07,0.22.1,1
2026-08-07,0.22.2,1
2026-08-07,0.22.3,2
2026-08-07,0.22.4,1
2026-08-07,0.23.0,7
2026-08-07,0.23.1,2
2026-08-07,0.23.2,2
2026-08-07,0.24.0,6
2026-08-07,0.25.0,11
2026-08-07,0.25.1,1
2026-08-07,0.26.0,6
2026-08-07,0.26.1,351
2026-08-07,0.26.2,2
2026-08-07,0.27.0,41
2026-08-07,0.28.0,10
2026-08-07,0.28.1,11
2026-08-07,0.29.0,41560
2026-08-07,0.3.0,1
2026-08-07,0.3.1,3
2026-08-07,0.4.0,2
2026-08-07,0.4.1,2
2026-08-07,0.5.0,2
2026-08-07,0.5.1,2
2026-08-07,0.6.0,2
2026-08-07,0.6.1,2
2026-08-07,0.6.2,2
2026-08-07,0.6.3,2
2026-08-07,0.6.4,2
2026-08-07,0.7.0,2
2026-08-07,0.7.1,2
2026-08-07,0.7.2,2
2026-08-07,0.8.0,1
2026-08-07,0.8.1,2
2026-08-07,0.8.2,2
2026-08-07,0.9.0,2
2026-08-07,0.9.1,2
2026-08-08,0.1.9,1
2026-08-08,0.10.0,1
2026-08-08,0.11.2,1
2026-08-08,0.13.1,1
2026-08-08,0.15.0,1
2026-08-08,0.18.0,3
2026-08-08,0.19.0,2
2026-08-08,0.22.0,1
2026-08-08,0.22.4,1
2026-08-08,0.23.0,1
2026-08-08,0.24.0,1
2026-08-08,0.25.1,1
2026-08-08,0.26.1,4
2026-08-08,0.26.2,2
2026-08-08,0.27.0,793
2026-08-08,0.28.0,4
2026-08-08,0.28.1,12
2026-08-08,0.29.0,116230
2026-08-08,0.3.0,3
2026-08-08,0.3.1,2
2026-08-08,0.4.0,2
2026-08-08,0.4.1,2
2026-08-08,0.5.0,2
2026-08-08,0.5.1,2
2026-08-08,0.6.0,2
2026-08-08,0.6.1,2
2026-08-08,0.8.0,1
2026-08-09,0.0.1,3
2026-08-09,0.1.1,1
2026-08-09,0.1.10,1
2026-08-09,0.1.11,1
2026-08-09,0.1.2,1
2026-08-09,0.1.3,1
2026-08-09,0.1.4,1
2026-08-09,0.1.5,1
2026-08-09,0.18.0,11
2026-08-09,0.19.0,6
2026-08-09,0.19.1,4
2026-08-09,0.19.2,4
2026-08-09,0.20.0,4
2026-08-09,0.21.0,4
2026-08-09,0.21.2,2
2026-08-09,0.22.0,4
2026-08-09,0.23.0,4
2026-08-09,0.25.0,4
2026-08-09,0.26.1,1
2026-08-09,0.27.0,113
2026-08-09,0.28.1,19
2026-08-09,0.29.0,100339
2026-08-10,0.0.1,2
2026-08-10,0.1.1,1
2026-08-10,0.1.11,2
2026-08-10,0.10.0,2
2026-08-10,0.15.0,2
2026-08-10,0.20.0,2
2026-08-10,0.25.0,2
2026-08-10,0.26.1,3129
2026-08-10,0.27.0,2877
2026-08-10,0.28.0,2
2026-08-10,0.28.1,7
2026-08-10,0.29.0,75872
2026-08-10,0.5.0,2
2026-08-10,0.7.1,1
2026-08-10,0.8.2,1
2026-08-10,0.9.0,1
2026-08-11,0.15.0,1
2026-08-11,0.26.1,715
2026-08-11,0.27.0,34
2026-08-11,0.28.0,1
2026-08-11,0.28.1,7
2026-08-11,0.29.0,89956
2026-08-12,0.0.1,6
2026-08-12,0.1.1,6
2026-08-12,0.1.11,6
2026-08-12,0.1.2,6
2026-08-12,0.1.3,6
2026-08-12,0.1.4,6
2026-08-12,0.1.5,6
2026-08-12,0.1.6,6
2026-08-12,0.1.7,6
2026-08-12,0.1.8,6
2026-08-12,0.1.9,6
2026-08-12,0.10.0,6
2026-08-12,0.10.1,6
2026-08-12,0.10.2,6
2026-08-12,0.11.1,6
2026-08-12,0.11.2,6
2026-08-12,0.11.3,6
2026-08-12,0.12.0,6
2026-08-12,0.12.1,4
2026-08-12,0.13.0,4
2026-08-12,0.13.1,4
2026-08-12,0.13.2,4
2026-08-12,0.14.0,4
2026-08-12,0.14.1,4
2026-08-12,0.15.0,4
2026-08-12,0.16.0,4
2026-08-12,0.16.1,4
2026-08-12,0.16.2,4
2026-08-12,0.17.0,4
2026-08-12,0.17.2,4
2026-08-12,0.18.0,4
2026-08-12,0.19.1,4
2026-08-12,0.19.2,4
2026-08-12,0.2.0,6
2026-08-12,0.20.0,4
2026-08-12,0.21.0,4
2026-08-12,0.21.1,4
2026-08-12,0.21.2,4
2026-08-12,0.22.0,4
2026-08-12,0.22.1,4
2026-08-12,0.22.2,4
2026-08-12,0.22.3,4
2026-08-12,0.22.4,4
2026-08-12,0.23.0,4
2026-08-12,0.23.1,4
2026-08-12,0.23.2,4
2026-08-12,0.24.0,4
2026-08-12,0.25.0,4
2026-08-12,0.25.1,4
2026-08-12,0.26.0,4
2026-08-12,0.26.1,532
2026-08-12,0.27.0,37
2026-08-12,0.28.0,4
2026-08-12,0.28.1,11
2026-08-12,0.29.0,102313
2026-08-12,0.3.0,6
2026-08-12,0.3.1,6
2026-08-12,0.4.0,6
2026-08-12,0.4.1,6
2026-08-12,0.5.0,6
2026-08-12,0.5.1,6
2026-08-12,0.6.0,6
2026-08-12,0.6.1,6
2026-08-12,0.6.2,6
2026-08-12,0.7.0,6
2026-08-12,0.7.1,6
2026-08-12,0.8.0,6
2026-08-12,0.8.1,6
2026-08-12,0.8.2,6
2026-08-12,0.9.0,6
2026-08-12,0.9.1,6
2026-08-13,0.0.1,3
2026-08-13,0.1.1,3
2026-08-13,0.1.10,3
2026-08-13,0.1.11,3
2026-08-13,0.1.2,4
2026-08-13,0.1.3,3
2026-08-13,0.1.4,3
2026-08-13,0.1.5,3
2026-08-13,0.1.6,3
2026-08-13,0.1.7,3
2026-08-13,0.1.8,3
2026-08-13,0.1.9,3
2026-08-13,0.10.0,3
2026-08-13,0.10.1,3
2026-08-13,0.10.2,3
2026-08-13,0.10.3,3
2026-08-13,0.11.0,3
2026-08-13,0.11.1,3
2026-08-13,0.11.2,3
2026-08-13,0.11.3,3
2026-08-13,0.12.0,3
2026-08-13,0.12.1,3
2026-08-13,0.13.0,3
2026-08-13,0.13.1,3
2026-08-13,0.13.2,3
2026-08-13,0.14.0,3
2026-08-13,0.14.1,3
2026-08-13,0.15.0,3
2026-08-13,0.16.0,3
2026-08-13,0.16.1,3
2026-08-13,0.16.2,3
2026-08-13,0.17.0,3
2026-08-13,0.17.1,3
2026-08-13,0.17.2,3
2026-08-13,0.18.0,4
2026-08-13,0.19.0,3
2026-08-13,0.19.1,3
2026-08-13,0.19.2,3
2026-08-13,0.2.0,3
2026-08-13,0.20.0,3
2026-08-13,0.21.0,3
2026-08-13,0.21.1,3
2026-08-13,0.21.2,3
2026-08-13,0.22.0,3
2026-08-13,0.22.1,3
2026-08-13,0.22.2,3
2026-08-13,0.22.3,3
2026-08-13,0.22.4,3
2026-08-13,0.23.0,3
2026-08-13,0.23.1,3
2026-08-13,0.23.2,3
2026-08-13,0.24.0,5
2026-08-13,0.25.0,3
2026-08-13,0.25.1,4
2026-08-13,0.26.0,3
2026-08-13,0.26.1,58
2026-08-13,0.26.2,20
2026-08-13,0.27.0,32397
2026-08-13,0.28.0,4
2026-08-13,0.28.1,14
2026-08-13,0.29.0,160422
2026-08-13,0.3.0,3
2026-08-13,0.3.1,3
2026-08-13,0.4.0,3
2026-08-13,0.4.1,3
2026-08-13,0.5.0,3
2026-08-13,0.5.1,3
2026-08-13,0.6.0,3
2026-08-13,0.6.1,3
2026-08-13,0.6.2,3
2026-08-13,0.6.3,3
2026-08-13,0.6.4,3
2026-08-13,0.7.0,3
2026-08-13,0.7.1,3
2026-08-13,0.7.2,3
2026-08-13,0.8.0,3
2026-08-13,0.8.1,3
2026-08-13,0.8.2,3
2026-08-13,0.9.0,3
2026-08-13,0.9.1,3
2026-08-14,0.21.1,1
2026-08-14,0.26.1,790
2026-08-14,0.27.0,57840
2026-08-14,0.28.1,27
2026-08-14,0.29.0,115226
2026-08-14,0.6.1,1
2026-08-14,0.9.1,2
2026-08-15,0.0.1,1
2026-08-15,0.1.1,1
2026-08-15,0.1.10,1
2026-08-15,0.1.11,1
2026-08-15,0.1.2,1
2026-08-15,0.1.3,1
2026-08-15,0.1.4,1
2026-08-15,0.1.5,1
2026-08-15,0.1.6,1
2026-08-15,0.1.7,1
2026-08-15,0.1.8,1
2026-08-15,0.1.9,1
2026-08-15,0.10.0,1
2026-08-15,0.10.1,1
2026-08-15,0.10.2,1
2026-08-15,0.10.3,1
2026-08-15,0.11.0,1
2026-08-15,0.11.1,1
2026-08-15,0.11.2,1
2026-08-15,0.11.3,1
2026-08-15,0.12.0,1
2026-08-15,0.12.1,1
2026-08-15,0.13.0,1
2026-08-15,0.13.1,1
2026-08-15,0.13.2,1
2026-08-15,0.14.0,1
2026-08-15,0.14.1,1
2026-08-15,0.15.0,1
2026-08-15,0.16.0,1
2026-08-15,0.16.1,1
2026-08-15,0.16.2,1
2026-08-15,0.17.0,1
2026-08-15,0.17.1,1
2026-08-15,0.17.2,1
2026-08-15,0.18.0,2
2026-08-15,0.19.0,1
2026-08-15,0.19.1,1
2026-08-15,0.19.2,1
2026-08-15,0.2.0,1
2026-08-15,0.20.0,1
2026-08-15,0.21.0,1
2026-08-15,0.21.1,1
2026-08-15,0.21.2,1
2026-08-15,0.22.0,1
2026-08-15,0.22.1,1
2026-08-15,0.22.2,1
2026-08-15,0.22.3,1
2026-08-15,0.22.4,1
2026-08-15,0.23.0,1
2026-08-15,0.23.1,1
2026-08-15,0.23.2,1
2026-08-15,0.24.0,1
2026-08-15,0.25.0,1
2026-08-15,0.25.1,1
2026-08-15,0.26.0,2
2026-08-15,0.26.1,26
2026-08-15,0.26.2,1
2026-08-15,0.27.0,37585
2026-08-15,0.28.0,10
2026-08-15,0.28.1,11
2026-08-15,0.29.0,83836
2026-08-15,0.3.0,1
2026-08-15,0.3.1,1
2026-08-15,0.4.0,1
2026-08-15,0.4.1,1
2026-08-15,0.5.0,1
2026-08-15,0.5.1,1
2026-08-15,0.6.0,1
2026-08-15,0.6.1,1
2026-08-15,0.6.2,1
2026-08-15,0.6.3,1
2026-08-15,0.6.4,1
2026-08-15,0.7.0,1
2026-08-15,0.7.1,1
2026-08-15,0.7.2,1
2026-08-15,0.8.0,1
2026-08-15,0.8.1,1
2026-08-15,0.8.2,1
2026-08-15,0.9.0,1
2026-08-15,0.9.1,1
2026-08-16,0.0.1,2
2026-08-16,0.1.1,2
2026-08-16,0.1.10,2
2026-08-16,0.1.11,2
2026-08-16,0.1.2,2
2026-08-16,0.1.3,2
2026-08-16,0.1.4,2
2026-08-16,0.1.5,2
2026-08-16,0.1.6,2
2026-08-16,0.1.7,2
2026-08-16,0.1.8,2
2026-08-16,0.1.9,2
2026-08-16,0.10.0,2
2026-08-16,0.10.1,2
2026-08-16,0.10.2,2
2026-08-16,0.10.3,2
2026-08-16,0.11.0,2
2026-08-16,0.11.1,2
2026-08-16,0.11.2,2
2026-08-16,0.11.3,2
2026-08-16,0.12.0,2
2026-08-16,0.12.1,2
2026-08-16,0.2.0,2
2026-08-16,0.26.1,5
2026-08-16,0.27.0,38276
2026-08-16,0.28.1,1
2026-08-16,0.29.0,74232
2026-08-16,0.3.0,2
2026-08-16,0.3.1,2
2026-08-16,0.4.0,2
2026-08-16,0.4.1,2
2026-08-16,0.5.0,2
2026-08-16,0.5.1,2
2026-08-16,0.6.0,2
2026-08-16,0.6.1,2
2026-08-16,0.6.2,2
2026-08-16,0.6.3,2
2026-08-16,0.6.4,2
2026-08-16,0.7.0,2
2026-08-16,0.7.1,2
2026-08-16,0.7.2,2
2026-08-16,0.8.0,2
2026-08-16,0.8.1,2
2026-08-16,0.8.2,2
2026-08-16,0.9.0,2
2026-08-16,0.9.1,2
2026-08-17,0.12.0,1
2026-08-17,0.13.0,1
2026-08-17,0.14.0,1
2026-08-17,0.25.1,4
2026-08-17,0.26.1,112
2026-08-17,0.26.2,3
2026-08-17,0.27.0,42124
2026-08-17,0.28.0,3
2026-08-17,0.28.1,17
2026-08-17,0.29.0,73266
2026-08-18,0.1.8,1
2026-08-18,0.11.0,1
2026-08-18,0.13.1,1
2026-08-18,0.13.2,1
2026-08-18,0.21.0,1
2026-08-18,0.26.1,325
2026-08-18,0.27.0,56859
2026-08-18,0.28.0,8
2026-08-18,0.28.1,40
2026-08-18,0.29.0,52975
2026-08-19,0.0.1,4
2026-08-19,0.10.0,1
2026-08-19,0.12.1,1
2026-08-19,0.16.2,1
2026-08-19,0.17.2,1
2026-08-19,0.18.0,1
2026-08-19,0.19.0,3
2026-08-19,0.19.2,2
2026-08-19,0.20.0,2
2026-08-19,0.21.2,2
2026-08-19,0.22.0,3
2026-08-19,0.22.4,2
2026-08-19,0.23.2,2
2026-08-19,0.24.0,2
2026-08-19,0.25.1,2
2026-08-19,0.26.0,2
2026-08-19,0.26.2,14
2026-08-19,0.27.0,87689
2026-08-19,0.28.0,7
2026-08-19,0.28.1,72
2026-08-19,0.29.0,36959
2026-08-19,0.3.1,1
2026-08-19,0.30.0,6929
2026-08-20,0.0.1,2
2026-08-20,0.11.2,1
2026-08-20,0.11.3,1
2026-08-20,0.15.0,1
2026-08-20,0.26.0,1
2026-08-20,0.26.1,200
2026-08-20,0.26.2,2
2026-08-20,0.27.0,71361
2026-08-20,0.28.0,2
2026-08-20,0.28.1,55
2026-08-20,0.29.0,48
2026-08-20,0.30.0,13289
2026-08-20,0.5.0,4
2026-08-20,0.5.1,1
2026-08-20,0.6.0,1
2026-08-20,0.6.1,1
2026-08-20,0.6.2,1
2026-08-20,0.6.3,1
2026-08-20,0.6.4,1
2026-08-20,0.7.0,1
2026-08-20,0.7.1,1
2026-08-20,0.8.0,1
2026-08-21,0.0.1,4
2026-08-21,0.1.1,4
2026-08-21,0.1.10,4
2026-08-21,0.1.11,4
2026-08-21,0.1.2,4
2026-08-21,0.1.3,4
2026-08-21,0.1.4,4
2026-08-21,0.1.5,4
2026-08-21,0.1.6,4
2026-08-21,0.1.7,4
2026-08-21,0.1.8,4
2026-08-21,0.1.9,4
2026-08-21,0.10.0,4
2026-08-21,0.10.1,4
2026-08-21,0.10.2,4
2026-08-21,0.10.3,4
2026-08-21,0.11.0,4
2026-08-21,0.11.1,5
2026-08-21,0.11.2,4
2026-08-21,0.11.3,4
2026-08-21,0.12.0,6
2026-08-21,0.12.1,6
2026-08-21,0.13.0,5
2026-08-21,0.13.1,4
2026-08-21,0.13.2,4
2026-08-21,0.14.0,5
2026-08-21,0.14.1,4
2026-08-21,0.15.0,5
2026-08-21,0.16.0,6
2026-08-21,0.16.1,5
2026-08-21,0.16.2,6
2026-08-21,0.17.0,6
2026-08-21,0.17.1,5
2026-08-21,0.17.2,5
2026-08-21,0.18.0,6
2026-08-21,0.19.0,6
2026-08-21,0.19.1,5
2026-08-21,0.19.2,4
2026-08-21,0.2.0,4
2026-08-21,0.20.0,6
2026-08-21,0.21.0,7
2026-08-21,0.21.1,4
2026-08-21,0.21.2,4
2026-08-21,0.22.0,6
2026-08-21,0.22.1,4
2026-08-21,0.22.2,4
2026-08-21,0.22.3,4
2026-08-21,0.22.4,4
2026-08-21,0.23.0,6
2026-08-21,0.23.1,4
2026-08-21,0.23.2,4
2026-08-21,0.24.0,8
2026-08-21,0.25.0,5
2026-08-21,0.25.1,4
2026-08-21,0.26.0,6
2026-08-21,0.26.1,7
2026-08-21,0.26.2,4
2026-08-21,0.27.0,68161
2026-08-21,0.28.0,5
2026-08-21,0.28.1,86
2026-08-21,0.29.0,267
2026-08-21,0.3.0,4
2026-08-21,0.3.1,4
2026-08-21,0.30.0,8039
2026-08-21,0.4.0,4
2026-08-21,0.4.1,4
2026-08-21,0.5.0,4
2026-08-21,0.5.1,4
2026-08-21,0.6.0,4
2026-08-21,0.6.1,4
2026-08-21,0.6.2,4
2026-08-21,0.6.3,4
2026-08-21,0.6.4,4
2026-08-21,0.7.0,4
2026-08-21,0.7.1,4
2026-08-21,0.7.2,4
2026-08-21,0.8.0,4
2026-08-21,0.8.1,4
2026-08-21,0.8.2,4
2026-08-21,0.9.0,4
2026-08-21,0.9.1,5
2026-08-22,0.10.3,1
2026-08-22,0.15.0,1
2026-08-22,0.26.0,1
2026-08-22,0.27.0,60977
2026-08-22,0.28.0,1
2026-08-22,0.28.1,76
2026-08-22,0.29.0,164
2026-08-22,0.30.0,2032
2026-08-22,0.4.1,1
2026-08-22,0.9.0,1
2026-08-23,0.0.1,5
2026-08-23,0.1.1,5
2026-08-23,0.1.10,5
2026-08-23,0.1.11,5
2026-08-23,0.1.2,5
2026-08-23,0.1.3,4
2026-08-23,0.1.4,5
2026-08-23,0.1.5,5
2026-08-23,0.1.6,4
2026-08-23,0.1.7,5
2026-08-23,0.1.8,4
2026-08-23,0.1.9,3
2026-08-23,0.10.0,4
2026-08-23,0.10.1,5
2026-08-23,0.10.2,6
2026-08-23,0.10.3,5
2026-08-23,0.11.0,4
2026-08-23,0.11.1,3
2026-08-23,0.11.2,4
2026-08-23,0.11.3,5
2026-08-23,0.12.0,4
2026-08-23,0.12.1,4
2026-08-23,0.13.0,5
2026-08-23,0.13.1,4
2026-08-23,0.13.2,4
2026-08-23,0.14.0,5
2026-08-23,0.14.1,4
2026-08-23,0.15.0,4
2026-08-23,0.16.0,3
2026-08-23,0.16.1,4
2026-08-23,0.16.2,5
2026-08-23,0.17.0,5
2026-08-23,0.17.1,4
2026-08-23,0.17.2,5
2026-08-23,0.18.0,5
2026-08-23,0.19.0,4
2026-08-23,0.19.1,4
2026-08-23,0.19.2,5
2026-08-23,0.2.0,5
2026-08-23,0.20.0,4
2026-08-23,0.21.0,5
2026-08-23,0.21.1,5
2026-08-23,0.21.2,3
2026-08-23,0.22.0,5
2026-08-23,0.22.1,4
2026-08-23,0.22.2,5
2026-08-23,0.22.3,5
2026-08-23,0.22.4,5
2026-08-23,0.23.0,4
2026-08-23,0.23.1,3
2026-08-23,0.23.2,5
2026-08-23,0.24.0,5
2026-08-23,0.25.0,4
2026-08-23,0.25.1,5
2026-08-23,0.26.0,4
2026-08-23,0.26.1,18
2026-08-23,0.26.2,4
2026-08-23,0.27.0,60862
2026-08-23,0.28.0,5
2026-08-23,0.28.1,81
2026-08-23,0.29.0,80
2026-08-23,0.3.0,4
2026-08-23,0.3.1,4
2026-08-23,0.30.0,10461
2026-08-23,0.4.0,5
2026-08-23,0.4.1,4
2026-08-23,0.5.0,5
2026-08-23,0.5.1,5
2026-08-23,0.6.0,3
2026-08-23,0.6.1,4
2026-08-23,0.6.2,6
2026-08-23,0.6.3,3
2026-08-23,0.6.4,5
2026-08-23,0.7.0,3
2026-08-23,0.7.1,4
2026-08-23,0.7.2,4
2026-08-23,0.8.0,5
2026-08-23,0.8.1,5
2026-08-23,0.8.2,5
2026-08-23,0.9.0,5
2026-08-23,0.9.1,5
2026-08-24,0.0.1,1
2026-08-24,0.1.1,1
2026-08-24,0.1.10,1
2026-08-24,0.1.11,1
2026-08-24,0.1.2,1
2026-08-24,0.1.3,1
2026-08-24,0.1.4,1
2026-08-24,0.1.5,1
2026-08-24,0.1.6,1
2026-08-24,0.1.7,1
2026-08-24,0.1.8,1
2026-08-24,0.1.9,1
2026-08-24,0.10.0,1
2026-08-24,0.10.1,1
2026-08-24,0.10.2,1
2026-08-24,0.10.3,1
2026-08-24,0.11.0,1
2026-08-24,0.11.1,1
2026-08-24,0.11.2,1
2026-08-24,0.11.3,1
2026-08-24,0.12.0,1
2026-08-24,0.12.1,1
2026-08-24,0.13.0,1
2026-08-24,0.13.1,1
2026-08-24,0.13.2,1
2026-08-24,0.14.0,1
2026-08-24,0.14.1,1
2026-08-24,0.15.0,1
2026-08-24,0.16.0,1
2026-08-24,0.16.1,1
2026-08-24,0.16.2,1
2026-08-24,0.17.0,1
2026-08-24,0.17.1,1
2026-08-24,0.17.2,1
2026-08-24,0.18.0,1
2026-08-24,0.19.0,1
2026-08-24,0.19.1,1
2026-08-24,0.19.2,1
2026-08-24,0.2.0,1
2026-08-24,0.20.0,1
2026-08-24,0.21.0,1
2026-08-24,0.21.1,1
2026-08-24,0.21.2,1
2026-08-24,0.22.0,1
2026-08-24,0.22.1,1
2026-08-24,0.22.2,1
2026-08-24,0.22.3,1
2026-08-24,0.22.4,1
2026-08-24,0.23.0,1
2026-08-24,0.23.1,2
2026-08-24,0.23.2,1
2026-08-24,0.24.0,1
2026-08-24,0.25.0,1
2026-08-24,0.25.1,1
2026-08-24,0.26.0,3
2026-08-24,0.26.1,8
2026-08-24,0.26.2,3
2026-08-24,0.27.0,103041
2026-08-24,0.28.0,5
2026-08-24,0.28.1,49
2026-08-24,0.29.0,26
2026-08-24,0.3.0,1
2026-08-24,0.3.1,1
2026-08-24,0.30.0,14544
2026-08-24,0.4.0,1
2026-08-24,0.4.1,1
2026-08-24,0.5.0,1
2026-08-24,0.5.1,1
2026-08-24,0.6.0,1
2026-08-24,0.6.1,1
2026-08-24,0.6.2,1
2026-08-24,0.6.3,1
2026-08-24,0.6.4,1
2026-08-24,0.7.0,1
2026-08-24,0.7.1,1
2026-08-24,0.7.2,1
2026-08-24,0.8.0,1
2026-08-24,0.8.1,2
2026-08-24,0.8.2,2
2026-08-24,0.9.0,1
2026-08-24,0.9.1,1
2026-08-25,0.0.1,3
2026-08-25,0.1.1,3
2026-08-25,0.1.10,3
2026-08-25,0.1.11,2
2026-08-25,0.1.2,3
2026-08-25,0.1.3,3
2026-08-25,0.1.4,3
2026-08-25,0.1.5,3
2026-08-25,0.1.6,3
2026-08-25,0.1.7,2
2026-08-25,0.1.8,2
2026-08-25,0.1.9,3
2026-08-25,0.10.0,3
2026-08-25,0.10.1,2
2026-08-25,0.10.2,2
2026-08-25,0.10.3,3
2026-08-25,0.11.0,3
2026-08-25,0.11.1,3
2026-08-25,0.11.2,2
2026-08-25,0.11.3,3
2026-08-25,0.12.0,3
2026-08-25,0.12.1,4
2026-08-25,0.13.0,3
2026-08-25,0.13.1,4
2026-08-25,0.13.2,2
2026-08-25,0.14.0,4
2026-08-25,0.14.1,2
2026-08-25,0.15.0,3
2026-08-25,0.16.0,4
2026-08-25,0.16.1,3
2026-08-25,0.16.2,2
2026-08-25,0.17.0,2
2026-08-25,0.17.1,2
2026-08-25,0.17.2,2
2026-08-25,0.18.0,4
2026-08-25,0.19.0,4
2026-08-25,0.19.1,2
2026-08-25,0.19.2,2
2026-08-25,0.2.0,3
2026-08-25,0.20.0,4
2026-08-25,0.21.0,4
2026-08-25,0.21.1,4
2026-08-25,0.21.2,3
2026-08-25,0.22.0,3
2026-08-25,0.22.1,2
2026-08-25,0.22.2,2
2026-08-25,0.22.3,4
2026-08-25,0.22.4,5
2026-08-25,0.23.0,5
2026-08-25,0.23.1,5
2026-08-25,0.23.2,5
2026-08-25,0.24.0,4
2026-08-25,0.25.0,2
2026-08-25,0.25.1,3
2026-08-25,0.26.0,3
2026-08-25,0.26.1,39
2026-08-25,0.26.2,4
2026-08-25,0.27.0,35487
2026-08-25,0.28.0,6
2026-08-25,0.28.1,35
2026-08-25,0.29.0,22
2026-08-25,0.3.0,4
2026-08-25,0.3.1,3
2026-08-25,0.30.0,7801
2026-08-25,0.4.0,4
2026-08-25,0.4.1,3
2026-08-25,0.5.0,3
2026-08-25,0.5.1,3
2026-08-25,0.6.0,4
2026-08-25,0.6.1,2
2026-08-25,0.6.2,4
2026-08-25,0.6.3,4
2026-08-25,0.6.4,4
2026-08-25,0.7.0,3
2026-08-25,0.7.1,3
2026-08-25,0.7.2,4
2026-08-25,0.8.0,4
2026-08-25,0.8.1,4
2026-08-25,0.8.2,2
2026-08-25,0.9.0,3
2026-08-25,0.9.1,2
2026-08-26,0.0.1,1
2026-08-26,0.1.1,1
2026-08-26,0.1.10,1
2026-08-26,0.1.11,1
2026-08-26,0.1.2,1
2026-08-26,0.1.3,1
2026-08-26,0.1.4,1
2026-08-26,0.1.5,1
2026-08-26,0.1.6,1
2026-08-26,0.1.7,1
2026-08-26,0.1.8,1
2026-08-26,0.1.9,1
2026-08-26,0.10.0,1
2026-08-26,0.10.1,1
2026-08-26,0.10.2,1
2026-08-26,0.10.3,1
2026-08-26,0.11.0,1
2026-08-26,0.11.1,1
2026-08-26,0.11.2,1
2026-08-26,0.11.3,1
2026-08-26,0.12.0,1
2026-08-26,0.12.1,1
2026-08-26,0.13.0,1
2026-08-26,0.13.1,1
2026-08-26,0.13.2,1
2026-08-26,0.14.0,1
2026-08-26,0.14.1,1
2026-08-26,0.15.0,1
2026-08-26,0.16.0,1
2026-08-26,0.16.1,1
2026-08-26,0.16.2,1
2026-08-26,0.17.0,1
2026-08-26,0.17.1,1
2026-08-26,0.17.2,1
2026-08-26,0.18.0,1
2026-08-26,0.19.0,1
2026-08-26,0.19.1,1
2026-08-26,0.19.2,1
2026-08-26,0.2.0,1
2026-08-26,0.20.0,2
2026-08-26,0.21.0,3
2026-08-26,0.21.1,1
2026-08-26,0.21.2,1
2026-08-26,0.22.0,2
2026-08-26,0.22.1,1
2026-08-26,0.22.2,1
2026-08-26,0.22.3,1
2026-08-26,0.22.4,1
2026-08-26,0.23.0,2
2026-08-26,0.23.1,1
2026-08-26,0.23.2,1
2026-08-26,0.24.0,2
2026-08-26,0.25.0,2
2026-08-26,0.25.1,1
2026-08-26,0.26.0,2
2026-08-26,0.26.1,98
2026-08-26,0.26.2,2
2026-08-26,0.27.0,37100
2026-08-26,0.28.0,2
2026-08-26,0.28.1,20
2026-08-26,0.29.0,116
2026-08-26,0.3.0,1
2026-08-26,0.3.1,1
2026-08-26,0.30.0,14846
2026-08-26,0.4.0,1
2026-08-26,0.4.1,2
2026-08-26,0.5.0,1
2026-08-26,0.5.1,1
2026-08-26,0.6.0,1
2026-08-26,0.6.1,1
2026-08-26,0.6.2,1
2026-08-26,0.6.3,1
2026-08-26,0.6.4,2
2026-08-26,0.7.0,1
2026-08-26,0.7.1,2
2026-08-26,0.7.2,1
2026-08-26,0.8.0,1
2026-08-26,0.8.1,1
2026-08-26,0.8.2,1
2026-08-26,0.9.0,1
2026-08-26,0.9.1,2
2026-08-27,0.0.1,2
2026-08-27,0.21.0,2
2026-08-27,0.26.1,91
2026-08-27,0.27.0,18410
2026-08-27,0.28.0,2
2026-08-27,0.28.1,5
2026-08-27,0.29.0,296
2026-08-27,0.30.0,6571
2026-08-27,0.6.4,1
2026-08-27,0.7.0,1
2026-08-28,0.0.1,2
2026-08-28,0.1.1,2
2026-08-28,0.1.10,2
2026-08-28,0.1.11,2
2026-08-28,0.1.2,2
2026-08-28,0.1.3,2
2026-08-28,0.1.4,2
2026-08-28,0.1.5,2
2026-08-28,0.1.6,2
2026-08-28,0.1.7,2
2026-08-28,0.1.8,2
2026-08-28,0.1.9,2
2026-08-28,0.10.0,2
2026-08-28,0.10.1,2
2026-08-28,0.10.2,3
2026-08-28,0.10.3,2
2026-08-28,0.11.0,2
2026-08-28,0.11.1,2
2026-08-28,0.11.2,2
2026-08-28,0.11.3,2
2026-08-28,0.12.0,2
2026-08-28,0.12.1,2
2026-08-28,0.13.0,2
2026-08-28,0.13.1,2
2026-08-28,0.13.2,2
2026-08-28,0.14.0,2
2026-08-28,0.14.1,2
2026-08-28,0.15.0,2
2026-08-28,0.16.0,2
2026-08-28,0.16.1,2
2026-08-28,0.16.2,2
2026-08-28,0.17.0,4
2026-08-28,0.17.1,4
2026-08-28,0.17.2,4
2026-08-28,0.18.0,4
2026-08-28,0.19.0,4
2026-08-28,0.19.1,4
2026-08-28,0.19.2,4
2026-08-28,0.2.0,2
2026-08-28,0.20.0,4
2026-08-28,0.21.0,4
2026-08-28,0.21.1,4
2026-08-28,0.21.2,4
2026-08-28,0.22.0,4
2026-08-28,0.22.1,4
2026-08-28,0.22.2,4
2026-08-28,0.22.3,4
2026-08-28,0.22.4,4
2026-08-28,0.23.0,4
2026-08-28,0.23.1,4
2026-08-28,0.23.2,4
2026-08-28,0.24.0,4
2026-08-28,0.25.0,5
2026-08-28,0.25.1,4
2026-08-28,0.26.0,4
2026-08-28,0.26.1,41
2026-08-28,0.26.2,7
2026-08-28,0.27.0,7898
2026-08-28,0.28.0,7
2026-08-28,0.28.1,11
2026-08-28,0.29.0,477
2026-08-28,0.3.0,2
2026-08-28,0.3.1,2
2026-08-28,0.30.0,6810
2026-08-28,0.4.0,2
2026-08-28,0.4.1,2
2026-08-28,0.5.0,2
2026-08-28,0.5.1,2
2026-08-28,0.6.0,2
2026-08-28,0.6.1,2
2026-08-28,0.6.2,2
2026-08-28,0.6.3,3
2026-08-28,0.6.4,2
2026-08-28,0.7.0,2
2026-08-28,0.7.1,2
2026-08-28,0.7.2,2
2026-08-28,0.8.0,2
2026-08-28,0.8.1,2
2026-08-28,0.8.2,2
2026-08-28,0.9.0,2
2026-08-28,0.9.1,2
2026-08-29,0.0.1,2
2026-08-29,0.1.1,2
2026-08-29,0.1.10,2
2026-08-29,0.1.11,2
2026-08-29,0.1.2,2
2026-08-29,0.1.3,2
2026-08-29,0.1.4,2
2026-08-29,0.1.5,2
2026-08-29,0.1.6,2
2026-08-29,0.1.7,2
2026-08-29,0.1.8,2
2026-08-29,0.1.9,2
2026-08-29,0.10.0,2
2026-08-29,0.10.1,2
2026-08-29,0.10.2,2
2026-08-29,0.10.3,2
2026-08-29,0.11.0,2
2026-08-29,0.11.1,2
2026-08-29,0.11.2,2
2026-08-29,0.11.3,2
2026-08-29,0.12.0,2
2026-08-29,0.12.1,2
2026-08-29,0.13.0,2
2026-08-29,0.13.1,2
2026-08-29,0.13.2,2
2026-08-29,0.14.0,2
2026-08-29,0.14.1,2
2026-08-29,0.15.0,2
2026-08-29,0.16.0,2
2026-08-29,0.16.1,2
2026-08-29,0.16.2,2
2026-08-29,0.17.0,2
2026-08-29,0.17.1,2
2026-08-29,0.17.2,2
2026-08-29,0.18.0,2
2026-08-29,0.19.0,2
2026-08-29,0.19.1,2
2026-08-29,0.19.2,2
2026-08-29,0.2.0,2
2026-08-29,0.20.0,2
2026-08-29,0.21.0,2
2026-08-29,0.21.1,2
2026-08-29,0.21.2,2
2026-08-29,0.22.0,2
2026-08-29,0.22.1,2
2026-08-29,0.22.2,2
2026-08-29,0.22.3,2
2026-08-29,0.22.4,2
2026-08-29,0.23.0,2
2026-08-29,0.23.1,2
2026-08-29,0.23.2,2
2026-08-29,0.24.0,2
2026-08-29,0.25.0,2
2026-08-29,0.25.1,2
2026-08-29,0.26.0,2
2026-08-29,0.26.1,362
2026-08-29,0.26.2,4
2026-08-29,0.27.0,64597
2026-08-29,0.28.0,4
2026-08-29,0.28.1,10
2026-08-29,0.29.0,581
2026-08-29,0.3.0,2
2026-08-29,0.3.1,2
2026-08-29,0.30.0,2210
2026-08-29,0.4.0,2
2026-08-29,0.4.1,2
2026-08-29,0.5.0,2
2026-08-29,0.5.1,2
2026-08-29,0.6.0,2
2026-08-29,0.6.1,3
2026-08-29,0.6.2,3
2026-08-29,0.6.3,2
2026-08-29,0.6.4,2
2026-08-29,0.7.0,2
2026-08-29,0.7.1,2
2026-08-29,0.7.2,2
2026-08-29,0.8.0,2
2026-08-29,0.8.1,2
2026-08-29,0.8.2,2
2026-08-29,0.9.0,2
2026-08-29,0.9.1,2
2026-08-30,0.0.1,3
2026-08-30,0.1.1,3
2026-08-30,0.1.10,3
2026-08-30,0.1.11,3
2026-08-30,0.1.2,2
2026-08-30,0.1.3,3
2026-08-30,0.1.4,3
2026-08-30,0.1.5,2
2026-08-30,0.1.6,2
2026-08-30,0.1.7,2
2026-08-30,0.1.8,3
2026-08-30,0.1.9,3
2026-08-30,0.10.0,3
2026-08-30,0.10.1,3
2026-08-30,0.10.2,3
2026-08-30,0.10.3,2
2026-08-30,0.11.0,3
2026-08-30,0.11.1,3
2026-08-30,0.11.2,3
2026-08-30,0.11.3,3
2026-08-30,0.12.0,4
2026-08-30,0.12.1,5
2026-08-30,0.13.0,5
2026-08-30,0.13.1,5
2026-08-30,0.13.2,4
2026-08-30,0.14.0,4
2026-08-30,0.14.1,5
2026-08-30,0.15.0,5
2026-08-30,0.16.0,6
2026-08-30,0.16.1,4
2026-08-30,0.16.2,5
2026-08-30,0.17.0,4
2026-08-30,0.17.1,5
2026-08-30,0.17.2,4
2026-08-30,0.18.0,5
2026-08-30,0.19.0,5
2026-08-30,0.19.1,6
2026-08-30,0.19.2,5
2026-08-30,0.2.0,4
2026-08-30,0.20.0,4
2026-08-30,0.21.0,5
2026-08-30,0.21.1,6
2026-08-30,0.21.2,4
2026-08-30,0.22.0,5
2026-08-30,0.22.1,4
2026-08-30,0.22.2,5
2026-08-30,0.22.3,5
2026-08-30,0.22.4,5
2026-08-30,0.23.0,4
2026-08-30,0.23.1,6
2026-08-30,0.23.2,4
2026-08-30,0.24.0,4
2026-08-30,0.25.0,4
2026-08-30,0.25.1,5
2026-08-30,0.26.0,4
2026-08-30,0.26.1,106
2026-08-30,0.26.2,5
2026-08-30,0.27.0,51888
2026-08-30,0.28.0,4
2026-08-30,0.28.1,10
2026-08-30,0.29.0,657
2026-08-30,0.3.0,3
2026-08-30,0.3.1,4
2026-08-30,0.30.0,1187
2026-08-30,0.4.0,3
2026-08-30,0.4.1,3
2026-08-30,0.5.0,3
2026-08-30,0.5.1,3
2026-08-30,0.6.0,3
2026-08-30,0.6.1,4
2026-08-30,0.6.2,3
2026-08-30,0.6.3,2
2026-08-30,0.6.4,3
2026-08-30,0.7.0,3
2026-08-30,0.7.1,3
2026-08-30,0.7.2,4
2026-08-30,0.8.0,3
2026-08-30,0.8.1,3
2026-08-30,0.8.2,3
2026-08-30,0.9.0,3
2026-08-30,0.9.1,3
2026-08-31,0.0.1,2
2026-08-31,0.1.1,3
2026-08-31,0.1.10,2
2026-08-31,0.1.11,2
2026-08-31,0.1.2,4
2026-08-31,0.1.3,2
2026-08-31,0.1.4,2
2026-08-31,0.1.5,2
2026-08-31,0.1.6,3
2026-08-31,0.1.7,2
2026-08-31,0.1.8,3
2026-08-31,0.1.9,3
2026-08-31,0.10.0,2
2026-08-31,0.10.1,3
2026-08-31,0.10.2,2
2026-08-31,0.10.3,2
2026-08-31,0.11.0,3
2026-08-31,0.11.1,2
2026-08-31,0.11.2,2
2026-08-31,0.11.3,2
2026-08-31,0.12.0,2
2026-08-31,0.12.1,2
2026-08-31,0.13.0,2
2026-08-31,0.13.1,2
2026-08-31,0.13.2,2
2026-08-31,0.14.0,2
2026-08-31,0.14.1,3
2026-08-31,0.15.0,2
2026-08-31,0.16.0,2
2026-08-31,0.16.1,2
2026-08-31,0.16.2,2
2026-08-31,0.17.0,2
2026-08-31,0.17.1,2
2026-08-31,0.17.2,2
2026-08-31,0.18.0,2
2026-08-31,0.19.0,2
2026-08-31,0.19.1,2
2026-08-31,0.19.2,2
2026-08-31,0.2.0,2
2026-08-31,0.20.0,2
2026-08-31,0.21.0,2
2026-08-31,0.21.1,2
2026-08-31,0.21.2,3
2026-08-31,0.22.0,2
2026-08-31,0.22.1,2
2026-08-31,0.22.2,2
2026-08-31,0.22.3,2
2026-08-31,0.22.4,2
2026-08-31,0.23.0,2
2026-08-31,0.23.1,2
2026-08-31,0.23.2,2
2026-08-31,0.24.0,2
2026-08-31,0.25.0,3
2026-08-31,0.25.1,2
2026-08-31,0.26.0,3
2026-08-31,0.26.1,9
2026-08-31,0.26.2,7
2026-08-31,0.27.0,51105
2026-08-31,0.28.0,3
2026-08-31,0.28.1,8
2026-08-31,0.29.0,562
2026-08-31,0.3.0,2
2026-08-31,0.3.1,2
2026-08-31,0.30.0,9044
2026-08-31,0.4.0,2
2026-08-31,0.4.1,2
2026-08-31,0.5.0,3
2026-08-31,0.5.1,4
2026-08-31,0.6.0,3
2026-08-31,0.6.1,4
2026-08-31,0.6.2,2
2026-08-31,0.6.3,2
2026-08-31,0.6.4,2
2026-08-31,0.7.0,3
2026-08-31,0.7.1,2
2026-08-31,0.7.2,2
2026-08-31,0.8.0,2
2026-08-31,0.8.1,2
2026-08-31,0.8.2,2
2026-08-31,0.9.0,2
2026-08-31,0.9.1,5
2026-09-01,0.0.1,2
2026-09-01,0.1.1,2
2026-09-01,0.1.10,2
2026-09-01,0.1.11,3
2026-09-01,0.1.2,2
2026-09-01,0.1.3,2
2026-09-01,0.1.4,2
2026-09-01,0.1.5,2
2026-09-01,0.1.6,3
2026-09-01,0.1.7,2
2026-09-01,0.1.8,2
2026-09-01,0.1.9,2
2026-09-01,0.10.0,3
2026-09-01,0.10.1,2
2026-09-01,0.10.2,2
2026-09-01,0.10.3,2
2026-09-01,0.11.0,3
2026-09-01,0.11.1,3
2026-09-01,0.11.2,3
2026-09-01,0.11.3,2
2026-09-01,0.12.0,3
2026-09-01,0.12.1,3
2026-09-01,0.13.0,4
2026-09-01,0.13.1,2
2026-09-01,0.13.2,3
2026-09-01,0.14.0,4
2026-09-01,0.14.1,2
2026-09-01,0.15.0,3
2026-09-01,0.16.0,3
2026-09-01,0.16.1,2
2026-09-01,0.16.2,3
2026-09-01,0.17.0,2
2026-09-01,0.17.1,3
2026-09-01,0.17.2,2
2026-09-01,0.18.0,2
2026-09-01,0.19.0,2
2026-09-01,0.19.1,2
2026-09-01,0.19.2,3
2026-09-01,0.2.0,2
2026-09-01,0.20.0,2
2026-09-01,0.21.0,3
2026-09-01,0.21.1,3
2026-09-01,0.21.2,3
2026-09-01,0.22.0,4
2026-09-01,0.22.1,2
2026-09-01,0.22.2,3
2026-09-01,0.22.3,2
2026-09-01,0.22.4,3
2026-09-01,0.23.0,2
2026-09-01,0.23.1,2
2026-09-01,0.23.2,2
2026-09-01,0.24.0,2
2026-09-01,0.25.0,3
2026-09-01,0.25.1,5
2026-09-01,0.26.0,3
2026-09-01,0.26.1,9
2026-09-01,0.26.2,7
2026-09-01,0.27.0,37117
2026-09-01,0.28.0,5
2026-09-01,0.28.1,15
2026-09-01,0.29.0,332
2026-09-01,0.3.0,2
2026-09-01,0.3.1,2
2026-09-01,0.30.0,10212
2026-09-01,0.4.0,2
2026-09-01,0.4.1,3
2026-09-01,0.5.0,3
2026-09-01,0.5.1,3
2026-09-01,0.6.0,3
2026-09-01,0.6.1,3
2026-09-01,0.6.2,3
2026-09-01,0.6.3,2
2026-09-01,0.6.4,3
2026-09-01,0.7.0,2
2026-09-01,0.7.1,2
2026-09-01,0.7.2,2
2026-09-01,0.8.0,2
2026-09-01,0.8.1,2
2026-09-01,0.8.2,2
2026-09-01,0.9.0,2
2026-09-01,0.9.1,2
2026-09-02,0.0.1,2
2026-09-02,0.1.1,2
2026-09-02,0.1.10,2
2026-09-02,0.1.11,4
2026-09-02,0.1.2,2
2026-09-02,0.1.3,2
2026-09-02,0.1.4,2
2026-09-02,0.1.5,2
2026-09-02,0.1.6,2
2026-09-02,0.1.7,2
2026-09-02,0.1.8,2
2026-09-02,0.1.9,3
2026-09-02,0.10.0,2
2026-09-02,0.10.1,2
2026-09-02,0.10.2,2
2026-09-02,0.10.3,2
2026-09-02,0.11.0,2
2026-09-02,0.11.1,2
2026-09-02,0.11.2,2
2026-09-02,0.11.3,2
2026-09-02,0.12.0,3
2026-09-02,0.12.1,2
2026-09-02,0.13.0,4
2026-09-02,0.13.1,2
2026-09-02,0.13.2,2
2026-09-02,0.14.0,2
2026-09-02,0.14.1,3
2026-09-02,0.15.0,2
2026-09-02,0.16.0,2
2026-09-02,0.16.1,2
2026-09-02,0.16.2,2
2026-09-02,0.17.0,2
2026-09-02,0.17.1,2
2026-09-02,0.17.2,2
2026-09-02,0.18.0,2
2026-09-02,0.19.0,2
2026-09-02,0.19.1,2
2026-09-02,0.19.2,3
2026-09-02,0.2.0,2
2026-09-02,0.20.0,4
2026-09-02,0.21.0,2
2026-09-02,0.21.1,2
2026-09-02,0.21.2,2
2026-09-02,0.22.0,2
2026-09-02,0.22.1,3
2026-09-02,0.22.2,2
2026-09-02,0.22.3,2
2026-09-02,0.22.4,2
2026-09-02,0.23.0,2
2026-09-02,0.23.1,2
2026-09-02,0.23.2,2
2026-09-02,0.24.0,5
2026-09-02,0.25.0,2
2026-09-02,0.25.1,2
2026-09-02,0.26.0,4
2026-09-02,0.26.1,5
2026-09-02,0.26.2,4
2026-09-02,0.27.0,24473
2026-09-02,0.28.0,5
2026-09-02,0.28.1,11
2026-09-02,0.29.0,224
2026-09-02,0.3.0,2
2026-09-02,0.3.1,3
2026-09-02,0.30.0,412
2026-09-02,0.4.0,3
2026-09-02,0.4.1,3
2026-09-02,0.5.0,3
2026-09-02,0.5.1,3
2026-09-02,0.6.0,3
2026-09-02,0.6.1,4
2026-09-02,0.6.2,2
2026-09-02,0.6.3,2
2026-09-02,0.6.4,4
2026-09-02,0.7.0,2
2026-09-02,0.7.1,2
2026-09-02,0.7.2,2
2026-09-02,0.8.0,2
2026-09-02,0.8.1,2
2026-09-02,0.8.2,2
2026-09-02,0.9.0,2
2026-09-02,0.9.1,2
2026-09-03,0.10.3,1
2026-09-03,0.13.2,1
2026-09-03,0.14.1,1
2026-09-03,0.15.0,1
2026-09-03,0.16.0,1
2026-09-03,0.16.1,1
2026-09-03,0.17.1,1
2026-09-03,0.26.1,11
2026-09-03,0.27.0,11067
2026-09-03,0.28.0,1
2026-09-03,0.28.1,5
2026-09-03,0.29.0,419
2026-09-03,0.3.0,2
2026-09-03,0.30.0,4624
2026-09-03,0.4.0,1
2026-09-03,0.4.1,1
2026-09-03,0.5.0,1
2026-09-03,0.5.1,1
2026-09-03,0.6.0,1
2026-09-03,0.6.4,1
2026-09-03,0.8.1,1
2026-09-04,0.1.10,1
2026-09-04,0.1.3,1
2026-09-04,0.1.4,1
2026-09-04,0.1.5,1
2026-09-04,0.1.6,1
2026-09-04,0.19.0,1
2026-09-04,0.2.0,1
2026-09-04,0.26.1,107
2026-09-04,0.26.2,1
2026-09-04,0.27.0,14050
2026-09-04,0.28.0,1
2026-09-04,0.28.1,8
2026-09-04,0.29.0,378
2026-09-04,0.3.0,2
2026-09-04,0.3.1,1
2026-09-04,0.30.0,5405
2026-09-04,0.4.0,1
2026-09-04,0.4.1,2
2026-09-04,0.5.0,1
2026-09-04,0.5.1,1
2026-09-04,0.6.0,1
2026-09-04,0.6.1,2
2026-09-04,0.7.1,1
2026-09-04,0.8.0,1
2026-09-04,0.8.2,1
2026-09-04,0.9.0,1
2026-09-05,0.0.1,2
2026-09-05,0.1.1,2
2026-09-05,0.1.10,4
2026-09-05,0.1.11,4
2026-09-05,0.1.2,2
2026-09-05,0.1.3,2
2026-09-05,0.1.4,2
2026-09-05,0.1.5,2
2026-09-05,0.1.6,2
2026-09-05,0.1.7,2
2026-09-05,0.1.8,2
2026-09-05,0.1.9,2
2026-09-05,0.10.0,2
2026-09-05,0.10.1,2
2026-09-05,0.10.2,2
2026-09-05,0.10.3,2
2026-09-05,0.11.0,2
2026-09-05,0.11.1,2
2026-09-05,0.11.2,2
2026-09-05,0.11.3,2
2026-09-05,0.12.0,2
2026-09-05,0.12.1,2
2026-09-05,0.13.0,2
2026-09-05,0.13.1,2
2026-09-05,0.13.2,2
2026-09-05,0.14.0,3
2026-09-05,0.14.1,2
2026-09-05,0.15.0,2
2026-09-05,0.16.0,2
2026-09-05,0.16.1,2
2026-09-05,0.16.2,2
2026-09-05,0.17.0,2
2026-09-05,0.17.1,2
2026-09-05,0.17.2,2
2026-09-05,0.18.0,2
2026-09-05,0.19.0,2
2026-09-05,0.19.1,2
2026-09-05,0.19.2,2
2026-09-05,0.2.0,3
2026-09-05,0.20.0,2
2026-09-05,0.21.0,2
2026-09-05,0.21.1,2
2026-09-05,0.21.2,2
2026-09-05,0.22.0,2
2026-09-05,0.22.1,2
2026-09-05,0.22.2,2
2026-09-05,0.22.3,2
2026-09-05,0.22.4,2
2026-09-05,0.23.0,2
2026-09-05,0.23.1,2
2026-09-05,0.23.2,2
2026-09-05,0.24.0,2
2026-09-05,0.25.0,2
2026-09-05,0.25.1,2
2026-09-05,0.26.0,2
2026-09-05,0.26.1,31
2026-09-05,0.26.2,2
2026-09-05,0.27.0,10959
2026-09-05,0.28.0,3
2026-09-05,0.28.1,11
2026-09-05,0.29.0,329
2026-09-05,0.3.0,3
2026-09-05,0.3.1,3
2026-09-05,0.30.0,168
2026-09-05,0.4.0,3
2026-09-05,0.4.1,3
2026-09-05,0.5.0,3
2026-09-05,0.5.1,3
2026-09-05,0.6.0,3
2026-09-05,0.6.1,5
2026-09-05,0.6.2,2
2026-09-05,0.6.3,2
2026-09-05,0.6.4,2
2026-09-05,0.7.0,2
2026-09-05,0.7.1,2
2026-09-05,0.7.2,2
2026-09-05,0.8.0,2
2026-09-05,0.8.1,2
2026-09-05,0.8.2,2
2026-09-05,0.9.0,2
2026-09-05,0.9.1,2
2026-09-06,0.1.10,2
2026-09-06,0.1.11,2
2026-09-06,0.1.9,2
2026-09-06,0.2.0,1
2026-09-06,0.26.1,102
2026-09-06,0.26.2,1
2026-09-06,0.27.0,4907
2026-09-06,0.28.1,8
2026-09-06,0.29.0,323
2026-09-06,0.30.0,2258
2026-09-06,0.5.0,1
2026-09-06,0.5.1,1
2026-09-06,0.6.0,1
2026-09-06,0.6.1,2
2026-09-07,0.1.10,2
2026-09-07,0.1.11,2
2026-09-07,0.1.8,2
2026-09-07,0.1.9,2
2026-09-07,0.16.2,1
2026-09-07,0.18.0,1
2026-09-07,0.2.0,1
2026-09-07,0.20.0,1
2026-09-07,0.21.2,1
2026-09-07,0.22.0,1
2026-09-07,0.23.2,2
2026-09-07,0.24.0,2
2026-09-07,0.25.0,2
2026-09-07,0.26.0,2
2026-09-07,0.26.1,1
2026-09-07,0.26.2,2
2026-09-07,0.27.0,10984
2026-09-07,0.28.0,1
2026-09-07,0.28.1,8
2026-09-07,0.29.0,108
2026-09-07,0.3.0,1
2026-09-07,0.3.1,1
2026-09-07,0.30.0,212
2026-09-07,0.4.0,1
2026-09-07,0.4.1,2
2026-09-07,0.5.0,1
2026-09-07,0.5.1,1
2026-09-07,0.6.0,1
2026-09-07,0.6.1,2
2026-09-07,0.7.2,1
2026-09-08,0.1.11,2
2026-09-08,0.1.7,2
2026-09-08,0.1.8,2
2026-09-08,0.1.9,2
2026-09-08,0.10.0,2
2026-09-08,0.10.1,2
2026-09-08,0.10.2,2
2026-09-08,0.10.3,2
2026-09-08,0.11.0,2
2026-09-08,0.11.1,2
2026-09-08,0.11.2,2
2026-09-08,0.11.3,2
2026-09-08,0.12.0,2
2026-09-08,0.12.1,2
2026-09-08,0.13.0,2
2026-09-08,0.13.1,2
2026-09-08,0.13.2,2
2026-09-08,0.14.0,2
2026-09-08,0.14.1,2
2026-09-08,0.15.0,2
2026-09-08,0.16.0,2
2026-09-08,0.16.1,2
2026-09-08,0.16.2,2
2026-09-08,0.17.0,2
2026-09-08,0.17.1,2
2026-09-08,0.17.2,2
2026-09-08,0.18.0,2
2026-09-08,0.19.0,2
2026-09-08,0.19.1,2
2026-09-08,0.19.2,2
2026-09-08,0.2.0,1
2026-09-08,0.20.0,2
2026-09-08,0.21.0,2
2026-09-08,0.21.1,2
2026-09-08,0.21.2,2
2026-09-08,0.22.0,2
2026-09-08,0.22.1,2
2026-09-08,0.22.2,2
2026-09-08,0.22.3,2
2026-09-08,0.22.4,4
2026-09-08,0.23.0,4
2026-09-08,0.23.1,4
2026-09-08,0.23.2,4
2026-09-08,0.24.0,4
2026-09-08,0.25.0,4
2026-09-08,0.25.1,4
2026-09-08,0.26.0,4
2026-09-08,0.26.1,4
2026-09-08,0.26.2,7
2026-09-08,0.27.0,2484
2026-09-08,0.28.0,7
2026-09-08,0.28.1,18
2026-09-08,0.29.0,386
2026-09-08,0.3.0,1
2026-09-08,0.3.1,1
2026-09-08,0.30.0,149
2026-09-08,0.4.0,1
2026-09-08,0.4.1,2
2026-09-08,0.6.0,1
2026-09-08,0.6.1,2
2026-09-08,0.7.0,2
2026-09-08,0.7.1,2
2026-09-08,0.7.2,2
2026-09-08,0.8.0,2
2026-09-08,0.8.1,2
2026-09-08,0.8.2,2
2026-09-08,0.9.0,2
2026-09-08,0.9.1,2
2026-09-09,0.0.1,2
2026-09-09,0.1.1,2
2026-09-09,0.1.10,4
2026-09-09,0.1.11,2
2026-09-09,0.1.2,2
2026-09-09,0.1.3,2
2026-09-09,0.1.4,2
2026-09-09,0.1.5,4
2026-09-09,0.1.6,4
2026-09-09,0.1.7,4
2026-09-09,0.1.8,2
2026-09-09,0.1.9,2
2026-09-09,0.10.0,2
2026-09-09,0.10.1,2
2026-09-09,0.10.2,2
2026-09-09,0.10.3,2
2026-09-09,0.11.0,2
2026-09-09,0.11.1,2
2026-09-09,0.11.2,2
2026-09-09,0.11.3,2
2026-09-09,0.12.0,2
2026-09-09,0.12.1,2
2026-09-09,0.13.0,2
2026-09-09,0.13.1,2
2026-09-09,0.15.0,1
2026-09-09,0.2.0,3
2026-09-09,0.26.1,4
2026-09-09,0.26.2,1
2026-09-09,0.27.0,7208
2026-09-09,0.28.0,2
2026-09-09,0.28.1,11
2026-09-09,0.29.0,179
2026-09-09,0.3.0,3
2026-09-09,0.3.1,3
2026-09-09,0.30.0,1020
2026-09-09,0.4.0,3
2026-09-09,0.4.1,3
2026-09-09,0.5.0,3
2026-09-09,0.5.1,3
2026-09-09,0.6.0,2
2026-09-09,0.6.1,2
2026-09-09,0.6.2,2
2026-09-09,0.6.3,2
2026-09-09,0.6.4,2
2026-09-09,0.7.0,2
2026-09-09,0.7.1,2
2026-09-09,0.7.2,2
2026-09-09,0.8.0,2
2026-09-09,0.8.1,2
2026-09-09,0.8.2,2
2026-09-09,0.9.0,2
2026-09-09,0.9.1,3
2026-09-10,0.1.11,2
2026-09-10,0.1.4,2
2026-09-10,0.1.6,2
2026-09-10,0.1.8,2
2026-09-10,0.1.9,2
2026-09-10,0.10.2,1
2026-09-10,0.10.3,1
2026-09-10,0.11.3,1
2026-09-10,0.12.1,1
2026-09-10,0.13.1,1
2026-09-10,0.16.1,1
2026-09-10,0.21.0,1
2026-09-10,0.22.1,1
2026-09-10,0.22.3,1
2026-09-10,0.25.1,1
2026-09-10,0.26.0,1
2026-09-10,0.26.1,120
2026-09-10,0.26.2,1
2026-09-10,0.27.0,39606
2026-09-10,0.28.0,2
2026-09-10,0.28.1,7
2026-09-10,0.29.0,332
2026-09-10,0.3.0,2
2026-09-10,0.3.1,1
2026-09-10,0.30.0,4551
2026-09-10,0.4.0,1
2026-09-10,0.4.1,1
2026-09-10,0.5.0,1
2026-09-10,0.5.1,1
2026-09-10,0.6.0,1
2026-09-10,0.6.1,2
2026-09-11,0.1.10,2
2026-09-11,0.1.11,2
2026-09-11,0.1.2,2
2026-09-11,0.1.3,2
2026-09-11,0.2.0,2
2026-09-11,0.20.0,1
2026-09-11,0.26.1,102
2026-09-11,0.27.0,38021
2026-09-11,0.28.0,4
2026-09-11,0.28.1,11
2026-09-11,0.29.0,75
2026-09-11,0.3.0,1
2026-09-11,0.30.0,3911
2026-09-12,0.1.1,2
2026-09-12,0.1.2,2
2026-09-12,0.1.3,2
2026-09-12,0.1.4,2
2026-09-12,0.1.5,2
2026-09-12,0.1.6,2
2026-09-12,0.1.7,2
2026-09-12,0.1.8,2
2026-09-12,0.1.9,2
2026-09-12,0.11.3,2
2026-09-12,0.14.1,1
2026-09-12,0.18.0,1
2026-09-12,0.21.0,1
2026-09-12,0.21.1,1
2026-09-12,0.21.2,1
2026-09-12,0.22.0,1
2026-09-12,0.22.4,1
2026-09-12,0.23.2,1
2026-09-12,0.24.0,1
2026-09-12,0.25.1,2
2026-09-12,0.26.1,8
2026-09-12,0.26.2,1
2026-09-12,0.27.0,38398
2026-09-12,0.28.0,3
2026-09-12,0.28.1,8
2026-09-12,0.29.0,6
2026-09-12,0.30.0,2534
2026-09-13,0.0.1,2
2026-09-13,0.15.0,1
2026-09-13,0.22.4,1
2026-09-13,0.26.1,1
2026-09-13,0.27.0,34012
2026-09-13,0.28.1,5
2026-09-13,0.29.0,37
2026-09-13,0.3.0,1
2026-09-13,0.30.0,4843
2026-09-13,0.6.0,1
2026-09-13,0.6.1,1
2026-09-14,0.0.1,3
2026-09-14,0.1.1,5
2026-09-14,0.1.10,5
2026-09-14,0.1.11,4
2026-09-14,0.1.2,5
2026-09-14,0.1.3,6
2026-09-14,0.1.4,6
2026-09-14,0.1.5,6
2026-09-14,0.1.6,6
2026-09-14,0.1.7,6
2026-09-14,0.1.8,6
2026-09-14,0.1.9,6
2026-09-14,0.10.0,5
2026-09-14,0.10.1,4
2026-09-14,0.10.2,6
2026-09-14,0.10.3,5
2026-09-14,0.11.0,6
2026-09-14,0.11.1,6
2026-09-14,0.11.2,4
2026-09-14,0.11.3,4
2026-09-14,0.12.0,5
2026-09-14,0.12.1,6
2026-09-14,0.13.0,6
2026-09-14,0.13.1,6
2026-09-14,0.13.2,6
2026-09-14,0.14.0,4
2026-09-14,0.14.1,6
2026-09-14,0.15.0,5
2026-09-14,0.16.0,6
2026-09-14,0.16.1,6
2026-09-14,0.16.2,4
2026-09-14,0.17.0,6
2026-09-14,0.17.1,6
2026-09-14,0.17.2,6
2026-09-14,0.18.0,7
2026-09-14,0.19.0,5
2026-09-14,0.19.1,6
2026-09-14,0.19.2,6
2026-09-14,0.2.0,4
2026-09-14,0.20.0,6
2026-09-14,0.21.0,6
2026-09-14,0.21.1,5
2026-09-14,0.21.2,6
2026-09-14,0.22.0,6
2026-09-14,0.22.1,5
2026-09-14,0.22.2,6
2026-09-14,0.22.3,6
2026-09-14,0.22.4,5
2026-09-14,0.23.0,4
2026-09-14,0.23.1,6
2026-09-14,0.23.2,4
2026-09-14,0.24.0,5
2026-09-14,0.25.0,6
2026-09-14,0.25.1,6
2026-09-14,0.26.0,5
2026-09-14,0.26.1,4
2026-09-14,0.26.2,3
2026-09-14,0.27.0,41664
2026-09-14,0.28.0,6
2026-09-14,0.28.1,10
2026-09-14,0.29.0,147
2026-09-14,0.3.0,3
2026-09-14,0.3.1,4
2026-09-14,0.30.0,6402
2026-09-14,0.4.0,4
2026-09-14,0.4.1,3
2026-09-14,0.5.0,3
2026-09-14,0.5.1,2
2026-09-14,0.6.0,2
2026-09-14,0.6.1,4
2026-09-14,0.6.2,4
2026-09-14,0.6.3,4
2026-09-14,0.6.4,4
2026-09-14,0.7.0,5
2026-09-14,0.7.1,6
2026-09-14,0.7.2,6
2026-09-14,0.8.0,6
2026-09-14,0.8.1,6
2026-09-14,0.8.2,5
2026-09-14,0.9.0,2
2026-09-14,0.9.1,2
2026-09-15,0.26.1,3
2026-09-15,0.27.0,34654
2026-09-15,0.28.1,26
2026-09-15,0.29.0,192
2026-09-15,0.30.0,6256
2026-09-16,0.10.0,1
2026-09-16,0.19.1,1
2026-09-16,0.19.2,1
2026-09-16,0.20.0,1
2026-09-16,0.21.0,1
2026-09-16,0.21.1,1
2026-09-16,0.21.2,1
2026-09-16,0.22.0,1
2026-09-16,0.22.1,1
2026-09-16,0.22.2,1
2026-09-16,0.22.3,2
2026-09-16,0.22.4,1
2026-09-16,0.23.0,1
2026-09-16,0.23.1,1
2026-09-16,0.23.2,1
2026-09-16,0.24.0,1
2026-09-16,0.25.0,1
2026-09-16,0.25.1,2
2026-09-16,0.26.0,1
2026-09-16,0.26.1,120
2026-09-16,0.26.2,1
2026-09-16,0.27.0,20641
2026-09-16,0.28.0,1
2026-09-16,0.28.1,19
2026-09-16,0.29.0,102
2026-09-16,0.30.0,4184
2026-09-16,0.4.0,1
2026-09-16,0.6.1,2
2026-09-17,0.1.10,2
2026-09-17,0.1.11,2
2026-09-17,0.1.2,1
2026-09-17,0.14.0,1
2026-09-17,0.17.2,1
2026-09-17,0.2.0,1
2026-09-17,0.21.0,1
2026-09-17,0.25.1,1
2026-09-17,0.26.1,3
2026-09-17,0.27.0,29928
2026-09-17,0.28.0,1
2026-09-17,0.28.1,9
2026-09-17,0.29.0,63
2026-09-17,0.3.0,1
2026-09-17,0.3.1,2
2026-09-17,0.30.0,2613
2026-09-17,0.4.0,1
2026-09-17,0.4.1,1
2026-09-17,0.5.0,1
2026-09-17,0.5.1,1
2026-09-17,0.6.0,1
2026-09-17,0.7.1,1
2026-09-18,0.0.1,5
2026-09-18,0.1.1,4
2026-09-18,0.1.10,2
2026-09-18,0.1.11,2
2026-09-18,0.1.2,4
2026-09-18,0.1.3,4
2026-09-18,0.1.4,4
2026-09-18,0.1.5,4
2026-09-18,0.1.6,4
2026-09-18,0.1.7,4
2026-09-18,0.1.8,4
2026-09-18,0.1.9,4
2026-09-18,0.10.0,2
2026-09-18,0.10.1,3
2026-09-18,0.10.2,2
2026-09-18,0.10.3,2
2026-09-18,0.11.0,2
2026-09-18,0.11.1,2
2026-09-18,0.11.2,2
2026-09-18,0.11.3,2
2026-09-18,0.12.0,2
2026-09-18,0.12.1,2
2026-09-18,0.13.0,2
2026-09-18,0.13.1,2
2026-09-18,0.13.2,2
2026-09-18,0.14.0,2
2026-09-18,0.14.1,2
2026-09-18,0.15.0,2
2026-09-18,0.16.0,2
2026-09-18,0.16.1,2
2026-09-18,0.16.2,2
2026-09-18,0.17.0,4
2026-09-18,0.17.1,2
2026-09-18,0.17.2,2
2026-09-18,0.18.0,2
2026-09-18,0.19.0,2
2026-09-18,0.19.1,2
2026-09-18,0.19.2,2
2026-09-18,0.2.0,2
2026-09-18,0.20.0,2
2026-09-18,0.21.0,2
2026-09-18,0.21.1,2
2026-09-18,0.21.2,2
2026-09-18,0.22.0,2
2026-09-18,0.22.1,2
2026-09-18,0.22.2,2
2026-09-18,0.22.3,2
2026-09-18,0.22.4,2
2026-09-18,0.23.0,2
2026-09-18,0.23.1,2
2026-09-18,0.23.2,2
2026-09-18,0.24.0,2
2026-09-18,0.25.0,2
2026-09-18,0.25.1,2
2026-09-18,0.26.0,2
2026-09-18,0.26.1,8
2026-09-18,0.26.2,5
2026-09-18,0.27.0,32046
2026-09-18,0.28.0,2
2026-09-18,0.28.1,9
2026-09-18,0.29.0,144
2026-09-18,0.3.0,2
2026-09-18,0.3.1,2
2026-09-18,0.30.0,9848
2026-09-18,0.4.0,2
2026-09-18,0.4.1,2
2026-09-18,0.5.0,2
2026-09-18,0.5.1,2
2026-09-18,0.6.0,2
2026-09-18,0.6.1,2
2026-09-18,0.6.2,2
2026-09-18,0.6.3,2
2026-09-18,0.6.4,2
2026-09-18,0.7.0,2
2026-09-18,0.7.1,2
2026-09-18,0.7.2,2
2026-09-18,0.8.0,2
2026-09-18,0.8.1,2
2026-09-18,0.8.2,2
2026-09-18,0.9.0,2
2026-09-18,0.9.1,2
2026-09-19,0.0.1,3
2026-09-19,0.1.1,3
2026-09-19,0.1.10,2
2026-09-19,0.1.11,2
2026-09-19,0.1.2,3
2026-09-19,0.1.3,2
2026-09-19,0.1.4,2
2026-09-19,0.1.5,2
2026-09-19,0.1.6,2
2026-09-19,0.1.7,2
2026-09-19,0.1.8,2
2026-09-19,0.1.9,2
2026-09-19,0.10.0,2
2026-09-19,0.10.1,2
2026-09-19,0.10.2,2
2026-09-19,0.10.3,2
2026-09-19,0.11.0,2
2026-09-19,0.11.1,2
2026-09-19,0.11.2,2
2026-09-19,0.11.3,2
2026-09-19,0.12.0,2
2026-09-19,0.12.1,2
2026-09-19,0.13.0,2
2026-09-19,0.13.1,2
2026-09-19,0.13.2,2
2026-09-19,0.14.0,2
2026-09-19,0.14.1,2
2026-09-19,0.15.0,1
2026-09-19,0.2.0,2
2026-09-19,0.25.0,1
2026-09-19,0.25.1,1
2026-09-19,0.26.1,1240
2026-09-19,0.27.0,23521
2026-09-19,0.28.1,11
2026-09-19,0.29.0,140
2026-09-19,0.3.0,2
2026-09-19,0.3.1,2
2026-09-19,0.30.0,1611
2026-09-19,0.4.0,2
2026-09-19,0.4.1,2
2026-09-19,0.5.0,2
2026-09-19,0.5.1,2
2026-09-19,0.6.0,2
2026-09-19,0.6.1,2
2026-09-19,0.6.2,2
2026-09-19,0.6.3,2
2026-09-19,0.6.4,2
2026-09-19,0.7.0,2
2026-09-19,0.7.1,2
2026-09-19,0.7.2,2
2026-09-19,0.8.0,2
2026-09-19,0.8.1,2
2026-09-19,0.8.2,2
2026-09-19,0.9.0,2
2026-09-19,0.9.1,2
2026-09-20,0.0.1,2
2026-09-20,0.1.5,2
2026-09-20,0.10.0,2
2026-09-20,0.10.1,2
2026-09-20,0.11.1,2
2026-09-20,0.13.2,2
2026-09-20,0.16.1,1
2026-09-20,0.16.2,2
2026-09-20,0.19.2,2
2026-09-20,0.21.0,1
2026-09-20,0.26.1,674
2026-09-20,0.27.0,34074
2026-09-20,0.28.1,9
2026-09-20,0.29.0,122
2026-09-20,0.30.0,7424
2026-09-20,0.8.0,2
2026-09-21,0.0.1,2
2026-09-21,0.1.1,2
2026-09-21,0.1.10,2
2026-09-21,0.1.11,2
2026-09-21,0.1.2,2
2026-09-21,0.1.3,2
2026-09-21,0.1.4,2
2026-09-21,0.1.5,2
2026-09-21,0.1.6,2
2026-09-21,0.1.7,2
2026-09-21,0.1.8,2
2026-09-21,0.1.9,2
2026-09-21,0.10.0,2
2026-09-21,0.10.1,2
2026-09-21,0.10.2,4
2026-09-21,0.10.3,5
2026-09-21,0.11.0,4
2026-09-21,0.11.1,3
2026-09-21,0.11.2,2
2026-09-21,0.11.3,5
2026-09-21,0.12.0,2
2026-09-21,0.12.1,2
2026-09-21,0.13.0,2
2026-09-21,0.13.1,2
2026-09-21,0.13.2,2
2026-09-21,0.14.0,2
2026-09-21,0.14.1,4
2026-09-21,0.15.0,1
2026-09-21,0.16.0,2
2026-09-21,0.16.1,2
2026-09-21,0.17.1,2
2026-09-21,0.19.0,2
2026-09-21,0.2.0,2
2026-09-21,0.20.0,2
2026-09-21,0.23.1,2
2026-09-21,0.26.0,1
2026-09-21,0.26.1,105
2026-09-21,0.26.2,1
2026-09-21,0.27.0,9032
2026-09-21,0.28.1,6
2026-09-21,0.29.0,180
2026-09-21,0.3.0,2
2026-09-21,0.3.1,2
2026-09-21,0.30.0,415
2026-09-21,0.4.0,4
2026-09-21,0.4.1,2
2026-09-21,0.5.0,2
2026-09-21,0.5.1,4
2026-09-21,0.6.0,2
2026-09-21,0.6.1,2
2026-09-21,0.6.2,4
2026-09-21,0.6.3,5
2026-09-21,0.6.4,4
2026-09-21,0.7.0,3
2026-09-21,0.7.1,2
2026-09-21,0.7.2,4
2026-09-21,0.8.0,2
2026-09-21,0.8.1,4
2026-09-21,0.8.2,2
2026-09-21,0.9.0,4
2026-09-21,0.9.1,2
2026-09-22,0.0.1,1
2026-09-22,0.1.1,2
2026-09-22,0.1.2,2
2026-09-22,0.1.4,2
2026-09-22,0.1.7,2
2026-09-22,0.1.9,2
2026-09-22,0.10.3,2
2026-09-22,0.11.2,2
2026-09-22,0.12.0,2
2026-09-22,0.12.1,2
2026-09-22,0.13.0,2
2026-09-22,0.15.0,2
2026-09-22,0.17.0,2
2026-09-22,0.17.2,2
2026-09-22,0.19.1,2
2026-09-22,0.2.0,2
2026-09-22,0.21.2,2
2026-09-22,0.22.0,2
2026-09-22,0.22.2,3
2026-09-22,0.22.3,2
2026-09-22,0.22.4,2
2026-09-22,0.23.0,2
2026-09-22,0.23.2,2
2026-09-22,0.24.0,2
2026-09-22,0.25.0,5
2026-09-22,0.26.1,557
2026-09-22,0.27.0,9439
2026-09-22,0.28.0,3
2026-09-22,0.28.1,6
2026-09-22,0.29.0,537
2026-09-22,0.30.0,266
2026-09-22,0.6.0,1
2026-09-22,0.6.1,2
2026-09-22,0.7.0,2
2026-09-22,0.9.1,2
2026-09-23,0.0.1,4
2026-09-23,0.1.1,4
2026-09-23,0.1.10,4
2026-09-23,0.1.11,4
2026-09-23,0.1.2,4
2026-09-23,0.1.3,4
2026-09-23,0.1.4,4
2026-09-23,0.1.5,4
2026-09-23,0.1.6,4
2026-09-23,0.1.7,4
2026-09-23,0.1.8,4
2026-09-23,0.1.9,4
2026-09-23,0.10.0,4
2026-09-23,0.10.1,4
2026-09-23,0.10.2,4
2026-09-23,0.10.3,5
2026-09-23,0.11.0,4
2026-09-23,0.11.1,4
2026-09-23,0.11.2,4
2026-09-23,0.11.3,4
2026-09-23,0.12.0,4
2026-09-23,0.12.1,4
2026-09-23,0.13.0,5
2026-09-23,0.13.1,6
2026-09-23,0.13.2,4
2026-09-23,0.14.0,6
2026-09-23,0.14.1,4
2026-09-23,0.15.0,4
2026-09-23,0.16.0,4
2026-09-23,0.16.1,4
2026-09-23,0.16.2,4
2026-09-23,0.17.0,4
2026-09-23,0.17.1,6
2026-09-23,0.17.2,4
2026-09-23,0.18.0,6
2026-09-23,0.19.0,4
2026-09-23,0.19.1,4
2026-09-23,0.19.2,4
2026-09-23,0.2.0,4
2026-09-23,0.20.0,4
2026-09-23,0.21.0,6
2026-09-23,0.21.1,7
2026-09-23,0.21.2,4
2026-09-23,0.22.0,4
2026-09-23,0.22.1,4
2026-09-23,0.22.2,5
2026-09-23,0.22.3,4
2026-09-23,0.22.4,4
2026-09-23,0.23.0,4
2026-09-23,0.23.1,4
2026-09-23,0.23.2,4
2026-09-23,0.24.0,4
2026-09-23,0.25.0,4
2026-09-23,0.25.1,6
2026-09-23,0.26.0,4
2026-09-23,0.26.1,60
2026-09-23,0.26.2,6
2026-09-23,0.27.0,16512
2026-09-23,0.28.0,4
2026-09-23,0.28.1,11
2026-09-23,0.29.0,490
2026-09-23,0.3.0,5
2026-09-23,0.3.1,5
2026-09-23,0.30.0,119
2026-09-23,0.4.0,5
2026-09-23,0.4.1,5
2026-09-23,0.5.0,5
2026-09-23,0.5.1,5
2026-09-23,0.6.0,4
2026-09-23,0.6.1,4
2026-09-23,0.6.2,4
2026-09-23,0.6.3,4
2026-09-23,0.6.4,4
2026-09-23,0.7.0,4
2026-09-23,0.7.1,4
2026-09-23,0.7.2,4
2026-09-23,0.8.0,4
2026-09-23,0.8.1,4
2026-09-23,0.8.2,6
2026-09-23,0.9.0,4
2026-09-23,0.9.1,4
2026-09-24,0.1.10,2
2026-09-24,0.1.11,2
2026-09-24,0.1.2,2
2026-09-24,0.1.3,2
2026-09-24,0.1.4,2
2026-09-24,0.1.5,2
2026-09-24,0.1.6,2
2026-09-24,0.1.7,2
2026-09-24,0.1.8,2
2026-09-24,0.1.9,2
2026-09-24,0.11.2,1
2026-09-24,0.15.0,3
2026-09-24,0.16.2,1
2026-09-24,0.19.1,4
2026-09-24,0.19.2,4
2026-09-24,0.2.0,1
2026-09-24,0.20.0,2
2026-09-24,0.21.0,2
2026-09-24,0.21.1,2
2026-09-24,0.21.2,2
2026-09-24,0.22.0,2
2026-09-24,0.22.1,2
2026-09-24,0.22.2,2
2026-09-24,0.22.3,2
2026-09-24,0.22.4,2
2026-09-24,0.23.0,2
2026-09-24,0.23.1,2
2026-09-24,0.23.2,2
2026-09-24,0.24.0,2
2026-09-24,0.25.0,2
2026-09-24,0.25.1,2
2026-09-24,0.26.0,2
2026-09-24,0.26.1,108
2026-09-24,0.26.2,3
2026-09-24,0.27.0,14511
2026-09-24,0.28.0,2
2026-09-24,0.28.1,8
2026-09-24,0.29.0,428
2026-09-24,0.30.0,444
2026-09-24,0.7.0,1
2026-09-25,0.17.0,2
2026-09-25,0.26.1,101
2026-09-25,0.26.2,1
2026-09-25,0.27.0,24883
2026-09-25,0.28.0,4
2026-09-25,0.28.1,9
2026-09-25,0.29.0,614
2026-09-25,0.30.0,513
