date,category,downloads
2026-03-29,2.7,1
2026-03-29,3.10,563301
2026-03-29,3.11,769945
2026-03-29,3.12,1670877
2026-03-29,3.13,763006
2026-03-29,3.14,291150
2026-03-29,3.15,645
2026-03-29,3.8,14
2026-03-29,3.9,205
2026-03-29,null,31698
2026-03-30,2.7,4
2026-03-30,3.10,885465
2026-03-30,3.11,1122647
2026-03-30,3.12,2387676
2026-03-30,3.13,1037230
2026-03-30,3.14,363909
2026-03-30,3.15,871
2026-03-30,3.5,2
2026-03-30,3.6,1
2026-03-30,3.7,43
2026-03-30,3.8,17
2026-03-30,3.9,382
2026-03-30,null,89415
2026-03-31,2.7,1
2026-03-31,3.10,994990
2026-03-31,3.11,1202545
2026-03-31,3.12,2678749
2026-03-31,3.13,1086710
2026-03-31,3.14,385242
2026-03-31,3.15,884
2026-03-31,3.6,4
2026-03-31,3.7,2
2026-03-31,3.8,24
2026-03-31,3.9,475
2026-03-31,null,91676
2026-04-01,2.7,7
2026-04-01,3.10,871393
2026-04-01,3.11,1203850
2026-04-01,3.12,4074234
2026-04-01,3.13,1028622
2026-04-01,3.14,389767
2026-04-01,3.15,1294
2026-04-01,3.6,1
2026-04-01,3.7,1
2026-04-01,3.8,11
2026-04-01,3.9,684
2026-04-01,null,85395
2026-04-02,2.7,2
2026-04-02,3.10,1024573
2026-04-02,3.11,1232159
2026-04-02,3.12,3109860
2026-04-02,3.13,1429826
2026-04-02,3.14,446771
2026-04-02,3.15,1157
2026-04-02,3.5,1
2026-04-02,3.6,1
2026-04-02,3.7,3
2026-04-02,3.8,30
2026-04-02,3.9,604
2026-04-02,null,85374
2026-04-03,2.7,2
2026-04-03,3.10,1011032
2026-04-03,3.11,1138897
2026-04-03,3.12,2366503
2026-04-03,3.13,1614964
2026-04-03,3.14,456057
2026-04-03,3.15,1230
2026-04-03,3.4,2
2026-04-03,3.5,1
2026-04-03,3.6,5
2026-04-03,3.7,2
2026-04-03,3.8,22
2026-04-03,3.9,408
2026-04-03,null,61944
2026-04-04,3.10,692196
2026-04-04,3.11,838219
2026-04-04,3.12,2002357
2026-04-04,3.13,1350305
2026-04-04,3.14,332663
2026-04-04,3.15,602
2026-04-04,3.5,1
2026-04-04,3.6,1
2026-04-04,3.7,5
2026-04-04,3.8,27
2026-04-04,3.9,191
2026-04-04,null,25405
2026-04-05,3.10,753903
2026-04-05,3.11,813601
2026-04-05,3.12,1726375
2026-04-05,3.13,1224343
2026-04-05,3.14,313312
2026-04-05,3.15,938
2026-04-05,3.6,2
2026-04-05,3.7,4
2026-04-05,3.8,15
2026-04-05,3.9,137
2026-04-05,null,28856
2026-04-06,3.10,1045034
2026-04-06,3.11,1109606
2026-04-06,3.12,2439444
2026-04-06,3.13,1513806
2026-04-06,3.14,394587
2026-04-06,3.15,845
2026-04-06,3.6,3
2026-04-06,3.7,4
2026-04-06,3.8,20
2026-04-06,3.9,524
2026-04-06,null,70941
2026-04-07,2.7,1
2026-04-07,3.10,1047942
2026-04-07,3.11,1309921
2026-04-07,3.12,2693361
2026-04-07,3.13,1659629
2026-04-07,3.14,439669
2026-04-07,3.15,1229
2026-04-07,3.7,3
2026-04-07,3.8,32
2026-04-07,3.9,545
2026-04-07,null,91804
2026-04-08,2.7,1
2026-04-08,3.10,989438
2026-04-08,3.11,2363493
2026-04-08,3.12,2942734
2026-04-08,3.13,1928408
2026-04-08,3.14,480292
2026-04-08,3.15,832
2026-04-08,3.5,3
2026-04-08,3.6,3
2026-04-08,3.7,1
2026-04-08,3.8,14
2026-04-08,3.9,568
2026-04-08,null,96521
2026-04-09,3.10,910919
2026-04-09,3.11,2337788
2026-04-09,3.12,2799437
2026-04-09,3.13,1924847
2026-04-09,3.14,489321
2026-04-09,3.15,1127
2026-04-09,3.6,4
2026-04-09,3.7,1
2026-04-09,3.8,50
2026-04-09,3.9,605
2026-04-09,null,100980
2026-04-10,2.7,5
2026-04-10,3.10,923490
2026-04-10,3.11,1593170
2026-04-10,3.12,2297453
2026-04-10,3.13,1992035
2026-04-10,3.14,488959
2026-04-10,3.15,969
2026-04-10,3.5,1
2026-04-10,3.6,2
2026-04-10,3.7,2
2026-04-10,3.8,20
2026-04-10,3.9,526
2026-04-10,null,83087
2026-04-11,3.10,697740
2026-04-11,3.11,1744583
2026-04-11,3.12,1565984
2026-04-11,3.13,1609003
2026-04-11,3.14,362916
2026-04-11,3.15,736
2026-04-11,3.5,1
2026-04-11,3.7,2
2026-04-11,3.8,13
2026-04-11,3.9,145
2026-04-11,null,29525
2026-04-12,3.10,671399
2026-04-12,3.11,3068654
2026-04-12,3.12,3026771
2026-04-12,3.13,1589133
2026-04-12,3.14,338085
2026-04-12,3.15,466
2026-04-12,3.6,1
2026-04-12,3.7,2
2026-04-12,3.8,9
2026-04-12,3.9,111
2026-04-12,null,36827
2026-04-13,2.7,6
2026-04-13,3.10,826611
2026-04-13,3.11,3509090
2026-04-13,3.12,2901976
2026-04-13,3.13,1918266
2026-04-13,3.14,451501
2026-04-13,3.15,793
2026-04-13,3.5,1
2026-04-13,3.6,3
2026-04-13,3.7,3
2026-04-13,3.8,156
2026-04-13,3.9,460
2026-04-13,null,95829
2026-04-14,2.7,1
2026-04-14,3.10,870808
2026-04-14,3.11,2749237
2026-04-14,3.12,4506169
2026-04-14,3.13,1922256
2026-04-14,3.14,479228
2026-04-14,3.15,1334
2026-04-14,3.5,1
2026-04-14,3.7,3
2026-04-14,3.8,22
2026-04-14,3.9,527
2026-04-14,null,98271
2026-04-15,2.7,3
2026-04-15,3.10,952628
2026-04-15,3.11,1941516
2026-04-15,3.12,4031429
2026-04-15,3.13,1684903
2026-04-15,3.14,489105
2026-04-15,3.15,1117
2026-04-15,3.6,3
2026-04-15,3.7,10
2026-04-15,3.8,39
2026-04-15,3.9,320
2026-04-15,null,96277
2026-04-16,3.10,836204
2026-04-16,3.11,1513169
2026-04-16,3.12,3524934
2026-04-16,3.13,1860921
2026-04-16,3.14,504090
2026-04-16,3.15,1231
2026-04-16,3.6,1
2026-04-16,3.7,55
2026-04-16,3.8,10
2026-04-16,3.9,434
2026-04-16,null,97671
2026-04-17,2.7,1
2026-04-17,3.10,938379
2026-04-17,3.11,3057513
2026-04-17,3.12,2790109
2026-04-17,3.13,2086060
2026-04-17,3.14,490817
2026-04-17,3.15,806
2026-04-17,3.6,1
2026-04-17,3.7,4
2026-04-17,3.8,13
2026-04-17,3.9,322
2026-04-17,null,83941
2026-04-18,2.7,1
2026-04-18,3.10,666465
2026-04-18,3.11,3021233
2026-04-18,3.12,1882777
2026-04-18,3.13,1529779
2026-04-18,3.14,498775
2026-04-18,3.15,715
2026-04-18,3.7,3
2026-04-18,3.8,39
2026-04-18,3.9,161
2026-04-18,null,26308
2026-04-19,3.10,685527
2026-04-19,3.11,3202598
2026-04-19,3.12,1887058
2026-04-19,3.13,1390162
2026-04-19,3.14,458502
2026-04-19,3.15,602
2026-04-19,3.7,3
2026-04-19,3.8,8
2026-04-19,3.9,97
2026-04-19,null,30182
2026-04-20,3.10,881181
2026-04-20,3.11,3409993
2026-04-20,3.12,2949618
2026-04-20,3.13,2053826
2026-04-20,3.14,633150
2026-04-20,3.15,1005
2026-04-20,3.4,1
2026-04-20,3.5,1
2026-04-20,3.6,5
2026-04-20,3.7,24
2026-04-20,3.8,11
2026-04-20,3.9,241
2026-04-20,null,89215
2026-04-21,3.10,1006356
2026-04-21,3.11,3006103
2026-04-21,3.12,3916492
2026-04-21,3.13,1856793
2026-04-21,3.14,632160
2026-04-21,3.15,1065
2026-04-21,3.5,1
2026-04-21,3.6,2
2026-04-21,3.7,1
2026-04-21,3.8,12
2026-04-21,3.9,343
2026-04-21,null,98266
2026-04-22,2.7,1
2026-04-22,3.10,944998
2026-04-22,3.11,3265651
2026-04-22,3.12,3593983
2026-04-22,3.13,1663656
2026-04-22,3.14,799164
2026-04-22,3.15,907
2026-04-22,3.6,3
2026-04-22,3.7,6
2026-04-22,3.8,86
2026-04-22,3.9,395
2026-04-22,null,94724
2026-04-23,2.7,1
2026-04-23,3.10,966347
2026-04-23,3.11,2533308
2026-04-23,3.12,3902271
2026-04-23,3.13,1562907
2026-04-23,3.14,722340
2026-04-23,3.15,740
2026-04-23,3.5,2
2026-04-23,3.6,1
2026-04-23,3.8,7
2026-04-23,3.9,479
2026-04-23,null,90463
2026-04-24,3.10,1141172
2026-04-24,3.11,2130383
2026-04-24,3.12,3752895
2026-04-24,3.13,1555677
2026-04-24,3.14,709228
2026-04-24,3.15,843
2026-04-24,3.4,1
2026-04-24,3.5,1
2026-04-24,3.6,3
2026-04-24,3.7,1
2026-04-24,3.8,14
2026-04-24,3.9,345
2026-04-24,null,78867
2026-04-25,2.7,1
2026-04-25,3.10,1050017
2026-04-25,3.11,1587534
2026-04-25,3.12,2210921
2026-04-25,3.13,1348490
2026-04-25,3.14,580507
2026-04-25,3.15,975
2026-04-25,3.6,2
2026-04-25,3.7,2
2026-04-25,3.8,8
2026-04-25,3.9,88
2026-04-25,null,27262
2026-04-26,3.10,986531
2026-04-26,3.11,1111796
2026-04-26,3.12,2108769
2026-04-26,3.13,1330686
2026-04-26,3.14,500707
2026-04-26,3.15,1032
2026-04-26,3.5,1
2026-04-26,3.8,4
2026-04-26,3.9,115
2026-04-26,null,38567
2026-04-27,2.7,4
2026-04-27,3.10,1188017
2026-04-27,3.11,1370398
2026-04-27,3.12,2672370
2026-04-27,3.13,1605657
2026-04-27,3.14,515173
2026-04-27,3.15,649
2026-04-27,3.7,55
2026-04-27,3.8,7
2026-04-27,3.9,447
2026-04-27,null,99038
2026-04-28,2.7,4
2026-04-28,3.10,1051412
2026-04-28,3.11,1422292
2026-04-28,3.12,2762810
2026-04-28,3.13,1687433
2026-04-28,3.14,616570
2026-04-28,3.15,996
2026-04-28,3.4,1
2026-04-28,3.6,2
2026-04-28,3.7,7
2026-04-28,3.8,56
2026-04-28,3.9,416
2026-04-28,null,103835
2026-04-29,2.7,5
2026-04-29,3.10,953065
2026-04-29,3.11,1401060
2026-04-29,3.12,2692680
2026-04-29,3.13,1852061
2026-04-29,3.14,690813
2026-04-29,3.15,670
2026-04-29,3.6,1
2026-04-29,3.7,1
2026-04-29,3.8,42
2026-04-29,3.9,447
2026-04-29,null,102792
2026-04-30,2.7,2
2026-04-30,3.10,1005163
2026-04-30,3.11,1337470
2026-04-30,3.12,2733351
2026-04-30,3.13,1902042
2026-04-30,3.14,668733
2026-04-30,3.15,1173
2026-04-30,3.6,2
2026-04-30,3.7,1
2026-04-30,3.8,14
2026-04-30,3.9,502
2026-04-30,null,97444
2026-05-01,3.10,1246907
2026-05-01,3.11,1144181
2026-05-01,3.12,2208982
2026-05-01,3.13,1846242
2026-05-01,3.14,615321
2026-05-01,3.15,616
2026-05-01,3.4,1
2026-05-01,3.8,5
2026-05-01,3.9,241
2026-05-01,null,56476
2026-05-02,2.7,1
2026-05-02,3.10,1062165
2026-05-02,3.11,947083
2026-05-02,3.12,2186065
2026-05-02,3.13,1340550
2026-05-02,3.14,459385
2026-05-02,3.15,835
2026-05-02,3.6,39
2026-05-02,3.7,1
2026-05-02,3.8,1
2026-05-02,3.9,188
2026-05-02,null,25772
2026-05-03,3.10,800726
2026-05-03,3.11,1014276
2026-05-03,3.12,2263621
2026-05-03,3.13,1025867
2026-05-03,3.14,493290
2026-05-03,3.15,788
2026-05-03,3.6,1
2026-05-03,3.7,1
2026-05-03,3.8,6
2026-05-03,3.9,167
2026-05-03,null,32802
2026-05-04,3.10,867006
2026-05-04,3.11,1385048
2026-05-04,3.12,2873413
2026-05-04,3.13,1416665
2026-05-04,3.14,599612
2026-05-04,3.15,902
2026-05-04,3.6,1
2026-05-04,3.8,57
2026-05-04,3.9,362
2026-05-04,null,79026
2026-05-05,3.10,1157612
2026-05-05,3.11,1448274
2026-05-05,3.12,3281290
2026-05-05,3.13,2146119
2026-05-05,3.14,660632
2026-05-05,3.15,965
2026-05-05,3.7,3
2026-05-05,3.8,5
2026-05-05,3.9,456
2026-05-05,null,94417
2026-05-06,2.7,3
2026-05-06,3.10,1249485
2026-05-06,3.11,1459387
2026-05-06,3.12,3434250
2026-05-06,3.13,2062808
2026-05-06,3.14,884349
2026-05-06,3.15,878
2026-05-06,3.5,1
2026-05-06,3.6,3
2026-05-06,3.7,29
2026-05-06,3.8,24
2026-05-06,3.9,448
2026-05-06,null,97418
2026-05-07,2.7,1
2026-05-07,3.10,1287548
2026-05-07,3.11,1738562
2026-05-07,3.12,4414649
2026-05-07,3.13,1722117
2026-05-07,3.14,923610
2026-05-07,3.15,815
2026-05-07,3.5,2
2026-05-07,3.6,2
2026-05-07,3.7,3
2026-05-07,3.8,6
2026-05-07,3.9,267
2026-05-07,null,106829
2026-05-08,2.7,2
2026-05-08,3.10,1053196
2026-05-08,3.11,1856380
2026-05-08,3.12,3414525
2026-05-08,3.13,2031649
2026-05-08,3.14,899211
2026-05-08,3.15,944
2026-05-08,3.4,1
2026-05-08,3.5,1
2026-05-08,3.6,1
2026-05-08,3.7,2
2026-05-08,3.8,4
2026-05-08,3.9,658
2026-05-08,null,86852
2026-05-09,2.7,1
2026-05-09,3.10,846281
2026-05-09,3.11,2713391
2026-05-09,3.12,3082797
2026-05-09,3.13,1575163
2026-05-09,3.14,764418
2026-05-09,3.15,889
2026-05-09,3.6,2
2026-05-09,3.7,2
2026-05-09,3.8,6
2026-05-09,3.9,175
2026-05-09,null,33977
2026-05-10,2.7,10
2026-05-10,3.10,711874
2026-05-10,3.11,3014492
2026-05-10,3.12,2889798
2026-05-10,3.13,1434339
2026-05-10,3.14,812973
2026-05-10,3.15,712
2026-05-10,3.6,1
2026-05-10,3.7,1
2026-05-10,3.8,10
2026-05-10,3.9,166
2026-05-10,null,32790
2026-05-11,2.7,1
2026-05-11,3.10,985415
2026-05-11,3.11,3805740
2026-05-11,3.12,4119786
2026-05-11,3.13,1943261
2026-05-11,3.14,851957
2026-05-11,3.15,817
2026-05-11,3.5,3
2026-05-11,3.6,3
2026-05-11,3.7,23
2026-05-11,3.8,45
2026-05-11,3.9,520
2026-05-11,null,104276
2026-05-12,3.10,1311829
2026-05-12,3.11,4093919
2026-05-12,3.12,4289999
2026-05-12,3.13,2085455
2026-05-12,3.14,819936
2026-05-12,3.15,1413
2026-05-12,3.5,1
2026-05-12,3.6,36
2026-05-12,3.7,3
2026-05-12,3.8,12
2026-05-12,3.9,537
2026-05-12,null,116947
2026-05-13,2.7,2
2026-05-13,3.10,1134574
2026-05-13,3.11,4174774
2026-05-13,3.12,3981691
2026-05-13,3.13,1921785
2026-05-13,3.14,784330
2026-05-13,3.15,1316
2026-05-13,3.6,2
2026-05-13,3.7,5
2026-05-13,3.8,17
2026-05-13,3.9,421
2026-05-13,null,110543
2026-05-14,3.10,1192879
2026-05-14,3.11,3837811
2026-05-14,3.12,3951684
2026-05-14,3.13,2123387
2026-05-14,3.14,824678
2026-05-14,3.15,1317
2026-05-14,3.16,2
2026-05-14,3.6,2
2026-05-14,3.7,1
2026-05-14,3.8,1
2026-05-14,3.9,529
2026-05-14,null,91862
2026-05-15,3.10,1143536
2026-05-15,3.11,3302055
2026-05-15,3.12,4005239
2026-05-15,3.13,1962350
2026-05-15,3.14,832734
2026-05-15,3.15,907
2026-05-15,3.5,1
2026-05-15,3.6,53
2026-05-15,3.7,4
2026-05-15,3.8,9
2026-05-15,3.9,375
2026-05-15,null,83831
2026-05-16,3.10,766819
2026-05-16,3.11,2972896
2026-05-16,3.12,3119629
2026-05-16,3.13,1544011
2026-05-16,3.14,641018
2026-05-16,3.15,767
2026-05-16,3.6,1
2026-05-16,3.7,2
2026-05-16,3.8,11
2026-05-16,3.9,222
2026-05-16,null,33458
2026-05-17,2.7,2
2026-05-17,3.10,677319
2026-05-17,3.11,3139786
2026-05-17,3.12,3222436
2026-05-17,3.13,1591212
2026-05-17,3.14,639862
2026-05-17,3.15,867
2026-05-17,3.6,1
2026-05-17,3.7,10
2026-05-17,3.8,31
2026-05-17,3.9,155
2026-05-17,null,36931
2026-05-18,3.10,1194036
2026-05-18,3.11,2746977
2026-05-18,3.12,3952330
2026-05-18,3.13,1921535
2026-05-18,3.14,815753
2026-05-18,3.15,1797
2026-05-18,3.4,1
2026-05-18,3.6,38
2026-05-18,3.7,8
2026-05-18,3.8,33
2026-05-18,3.9,333
2026-05-18,null,99407
2026-05-19,2.7,1
2026-05-19,3.10,1304973
2026-05-19,3.11,1699091
2026-05-19,3.12,3944225
2026-05-19,3.13,1896044
2026-05-19,3.14,911267
2026-05-19,3.15,1452
2026-05-19,3.4,1
2026-05-19,3.6,38
2026-05-19,3.7,8
2026-05-19,3.8,9
2026-05-19,3.9,369
2026-05-19,null,110526
2026-05-20,3.10,1167930
2026-05-20,3.11,1877300
2026-05-20,3.12,4213647
2026-05-20,3.13,2184287
2026-05-20,3.14,875592
2026-05-20,3.15,1552
2026-05-20,3.5,1
2026-05-20,3.6,2
2026-05-20,3.7,3
2026-05-20,3.8,10
2026-05-20,3.9,350
2026-05-20,null,112736
2026-05-21,3.10,1104085
2026-05-21,3.11,1805175
2026-05-21,3.12,4135258
2026-05-21,3.13,2404265
2026-05-21,3.14,828555
2026-05-21,3.15,1109
2026-05-21,3.5,1
2026-05-21,3.6,1
2026-05-21,3.7,1
2026-05-21,3.8,9
2026-05-21,3.9,327
2026-05-21,null,104809
2026-05-22,3.10,996117
2026-05-22,3.11,1706242
2026-05-22,3.12,3794538
2026-05-22,3.13,2154784
2026-05-22,3.14,823246
2026-05-22,3.15,1147
2026-05-22,3.5,5
2026-05-22,3.6,1
2026-05-22,3.7,3
2026-05-22,3.8,7
2026-05-22,3.9,375
2026-05-22,null,88037
2026-05-23,2.7,2
2026-05-23,3.10,714919
2026-05-23,3.11,1120934
2026-05-23,3.12,2619842
2026-05-23,3.13,1728171
2026-05-23,3.14,613484
2026-05-23,3.15,772
2026-05-23,3.5,1
2026-05-23,3.7,2
2026-05-23,3.8,7
2026-05-23,3.9,282
2026-05-23,null,33880
2026-05-24,3.10,677048
2026-05-24,3.11,1157096
2026-05-24,3.12,2322572
2026-05-24,3.13,1846001
2026-05-24,3.14,626904
2026-05-24,3.15,577
2026-05-24,3.6,1
2026-05-24,3.8,56
2026-05-24,3.9,117
2026-05-24,null,36486
2026-05-25,2.7,2
2026-05-25,3.10,736846
2026-05-25,3.11,1456258
2026-05-25,3.12,2989832
2026-05-25,3.13,2060875
2026-05-25,3.14,761333
2026-05-25,3.15,1280
2026-05-25,3.5,1
2026-05-25,3.7,2
2026-05-25,3.8,7
2026-05-25,3.9,294
2026-05-25,null,74046
2026-05-26,3.10,798367
2026-05-26,3.11,1477716
2026-05-26,3.12,3573924
2026-05-26,3.13,2109813
2026-05-26,3.14,807217
2026-05-26,3.15,1718
2026-05-26,3.5,1
2026-05-26,3.6,1
2026-05-26,3.7,4
2026-05-26,3.8,21
2026-05-26,3.9,276
2026-05-26,null,97689
2026-05-27,2.7,1
2026-05-27,3.10,938297
2026-05-27,3.11,1655512
2026-05-27,3.12,3567773
2026-05-27,3.13,1960214
2026-05-27,3.14,938329
2026-05-27,3.15,1311
2026-05-27,3.6,3
2026-05-27,3.7,1
2026-05-27,3.8,5
2026-05-27,3.9,401
2026-05-27,null,107380
2026-05-28,2.7,2
2026-05-28,3.10,983997
2026-05-28,3.11,1684329
2026-05-28,3.12,4509406
2026-05-28,3.13,2089829
2026-05-28,3.14,857179
2026-05-28,3.15,1625
2026-05-28,3.6,25
2026-05-28,3.7,1
2026-05-28,3.8,5
2026-05-28,3.9,486
2026-05-28,null,104259
2026-05-29,3.10,1051486
2026-05-29,3.11,1607705
2026-05-29,3.12,4678911
2026-05-29,3.13,1997715
2026-05-29,3.14,879794
2026-05-29,3.15,2070
2026-05-29,3.6,1
2026-05-29,3.7,1
2026-05-29,3.8,5
2026-05-29,3.9,1099
2026-05-29,null,91308
2026-05-30,3.10,797185
2026-05-30,3.11,1249615
2026-05-30,3.12,2902290
2026-05-30,3.13,1703340
2026-05-30,3.14,715060
2026-05-30,3.15,1537
2026-05-30,3.4,1
2026-05-30,3.5,1
2026-05-30,3.6,2
2026-05-30,3.7,2
2026-05-30,3.8,8
2026-05-30,3.9,157
2026-05-30,null,32375
2026-05-31,2.7,1
2026-05-31,3.10,640003
2026-05-31,3.11,1195128
2026-05-31,3.12,2678898
2026-05-31,3.13,1565605
2026-05-31,3.14,653832
2026-05-31,3.15,1241
2026-05-31,3.5,1
2026-05-31,3.6,1
2026-05-31,3.7,2
2026-05-31,3.8,4
2026-05-31,3.9,102
2026-05-31,null,35766
2026-06-01,3.10,813968
2026-06-01,3.11,1726964
2026-06-01,3.12,3952002
2026-06-01,3.13,2246273
2026-06-01,3.14,902447
2026-06-01,3.15,1893
2026-06-01,3.7,2
2026-06-01,3.8,9
2026-06-01,3.9,301
2026-06-01,null,97701
2026-06-02,2.7,1
2026-06-02,3.10,899381
2026-06-02,3.11,1799841
2026-06-02,3.12,4662285
2026-06-02,3.13,1987056
2026-06-02,3.14,864653
2026-06-02,3.15,1586
2026-06-02,3.7,54
2026-06-02,3.8,14
2026-06-02,3.9,436
2026-06-02,null,107961
2026-06-03,3.10,843519
2026-06-03,3.11,1652898
2026-06-03,3.12,4002962
2026-06-03,3.13,1919627
2026-06-03,3.14,833538
2026-06-03,3.15,2036
2026-06-03,3.4,1
2026-06-03,3.5,1
2026-06-03,3.6,2
2026-06-03,3.7,3
2026-06-03,3.8,35
2026-06-03,3.9,503
2026-06-03,null,109471
2026-06-04,2.7,2
2026-06-04,3.10,820643
2026-06-04,3.11,1655707
2026-06-04,3.12,3949512
2026-06-04,3.13,2132165
2026-06-04,3.14,825847
2026-06-04,3.15,815
2026-06-04,3.4,1
2026-06-04,3.6,1
2026-06-04,3.7,19
2026-06-04,3.8,8
2026-06-04,3.9,585
2026-06-04,null,103421
2026-06-05,2.7,2
2026-06-05,3.10,826183
2026-06-05,3.11,1481079
2026-06-05,3.12,3675312
2026-06-05,3.13,1874896
2026-06-05,3.14,773132
2026-06-05,3.15,369
2026-06-05,3.6,2
2026-06-05,3.7,27
2026-06-05,3.8,5
2026-06-05,3.9,748
2026-06-05,null,85771
2026-06-06,3.10,638004
2026-06-06,3.11,1096294
2026-06-06,3.12,2721022
2026-06-06,3.13,1651725
2026-06-06,3.14,577424
2026-06-06,3.15,166
2026-06-06,3.5,1
2026-06-06,3.7,46
2026-06-06,3.8,4
2026-06-06,3.9,320
2026-06-06,null,32047
2026-06-07,2.7,1
2026-06-07,3.10,549440
2026-06-07,3.11,1097960
2026-06-07,3.12,2491262
2026-06-07,3.13,1764245
2026-06-07,3.14,567765
2026-06-07,3.15,100
2026-06-07,3.6,1
2026-06-07,3.7,1
2026-06-07,3.8,8
2026-06-07,3.9,211
2026-06-07,null,38880
2026-06-08,3.10,664145
2026-06-08,3.11,1556934
2026-06-08,3.12,3451872
2026-06-08,3.13,2222072
2026-06-08,3.14,738139
2026-06-08,3.15,627
2026-06-08,3.16,2
2026-06-08,3.4,2
2026-06-08,3.6,4
2026-06-08,3.7,40
2026-06-08,3.8,17
2026-06-08,3.9,597
2026-06-08,null,104304
2026-06-09,2.7,3
2026-06-09,3.10,831073
2026-06-09,3.11,1654249
2026-06-09,3.12,3891984
2026-06-09,3.13,2215395
2026-06-09,3.14,795892
2026-06-09,3.15,355
2026-06-09,3.4,1
2026-06-09,3.5,2
2026-06-09,3.6,6
2026-06-09,3.7,48
2026-06-09,3.8,15
2026-06-09,3.9,594
2026-06-09,null,110086
2026-06-10,2.7,5
2026-06-10,3.10,826048
2026-06-10,3.11,1693934
2026-06-10,3.12,4346431
2026-06-10,3.13,2266121
2026-06-10,3.14,823497
2026-06-10,3.15,558
2026-06-10,3.4,2
2026-06-10,3.5,2
2026-06-10,3.6,2
2026-06-10,3.7,64
2026-06-10,3.8,119
2026-06-10,3.9,448
2026-06-10,null,107339
2026-06-11,3.10,772775
2026-06-11,3.11,1822797
2026-06-11,3.12,4041237
2026-06-11,3.13,2220495
2026-06-11,3.14,864107
2026-06-11,3.15,775
2026-06-11,3.7,33
2026-06-11,3.8,19
2026-06-11,3.9,456
2026-06-11,null,117145
2026-06-12,3.10,789557
2026-06-12,3.11,2185234
2026-06-12,3.12,3451260
2026-06-12,3.13,2026481
2026-06-12,3.14,841144
2026-06-12,3.15,465
2026-06-12,3.16,2
2026-06-12,3.7,97
2026-06-12,3.8,7
2026-06-12,3.9,281
2026-06-12,null,93175
2026-06-13,2.7,3
2026-06-13,3.10,602368
2026-06-13,3.11,1116563
2026-06-13,3.12,2736943
2026-06-13,3.13,1628664
2026-06-13,3.14,557687
2026-06-13,3.15,348
2026-06-13,3.6,1
2026-06-13,3.7,13
2026-06-13,3.8,26
2026-06-13,3.9,123
2026-06-13,null,33917
2026-06-14,2.7,3
2026-06-14,3.10,524957
2026-06-14,3.11,1096291
2026-06-14,3.12,2496620
2026-06-14,3.13,1642471
2026-06-14,3.14,575315
2026-06-14,3.15,384
2026-06-14,3.7,27
2026-06-14,3.8,41
2026-06-14,3.9,175
2026-06-14,null,35902
2026-06-15,3.10,728791
2026-06-15,3.11,1584062
2026-06-15,3.12,3727203
2026-06-15,3.13,2066304
2026-06-15,3.14,846489
2026-06-15,3.15,796
2026-06-15,3.6,2
2026-06-15,3.7,46
2026-06-15,3.8,84
2026-06-15,3.9,424
2026-06-15,null,103240
2026-06-16,3.10,902791
2026-06-16,3.11,1699397
2026-06-16,3.12,4680360
2026-06-16,3.13,2199473
2026-06-16,3.14,994457
2026-06-16,3.15,868
2026-06-16,3.7,48
2026-06-16,3.8,4
2026-06-16,3.9,1580
2026-06-16,null,113631
2026-06-17,2.7,1
2026-06-17,3.10,940903
2026-06-17,3.11,1771235
2026-06-17,3.12,5335433
2026-06-17,3.13,2499447
2026-06-17,3.14,1164722
2026-06-17,3.15,983
2026-06-17,3.4,1
2026-06-17,3.6,2
2026-06-17,3.7,34
2026-06-17,3.8,51
2026-06-17,3.9,1246
2026-06-17,null,112039
2026-06-18,2.7,1
2026-06-18,3.10,746988
2026-06-18,3.11,2168525
2026-06-18,3.12,4819069
2026-06-18,3.13,2263846
2026-06-18,3.14,980362
2026-06-18,3.15,729
2026-06-18,3.5,1
2026-06-18,3.6,6
2026-06-18,3.7,52
2026-06-18,3.8,3
2026-06-18,3.9,652
2026-06-18,null,106111
2026-06-19,3.10,767405
2026-06-19,3.11,1712815
2026-06-19,3.12,4099851
2026-06-19,3.13,2190122
2026-06-19,3.14,827790
2026-06-19,3.15,746
2026-06-19,3.6,1
2026-06-19,3.7,84
2026-06-19,3.8,4
2026-06-19,3.9,198
2026-06-19,null,80535
2026-06-20,3.10,661145
2026-06-20,3.11,1169025
2026-06-20,3.12,3000522
2026-06-20,3.13,1860574
2026-06-20,3.14,680235
2026-06-20,3.15,478
2026-06-20,3.6,1
2026-06-20,3.7,57
2026-06-20,3.8,75
2026-06-20,3.9,215
2026-06-20,null,32474
2026-06-21,3.10,560778
2026-06-21,3.11,1076515
2026-06-21,3.12,2656610
2026-06-21,3.13,1823314
2026-06-21,3.14,670774
2026-06-21,3.15,473
2026-06-21,3.7,34
2026-06-21,3.8,2
2026-06-21,3.9,133
2026-06-21,null,33894
2026-06-22,3.10,732844
2026-06-22,3.11,1629501
2026-06-22,3.12,3952018
2026-06-22,3.13,2484804
2026-06-22,3.14,923899
2026-06-22,3.15,873
2026-06-22,3.6,1
2026-06-22,3.7,120
2026-06-22,3.8,39
2026-06-22,3.9,388
2026-06-22,null,106342
2026-06-23,3.10,850889
2026-06-23,3.11,1638636
2026-06-23,3.12,4085231
2026-06-23,3.13,2594151
2026-06-23,3.14,940449
2026-06-23,3.15,759
2026-06-23,3.16,4
2026-06-23,3.6,1
2026-06-23,3.7,191
2026-06-23,3.8,46
2026-06-23,3.9,694
2026-06-23,null,109045
2026-06-24,2.7,2
2026-06-24,3.10,808669
2026-06-24,3.11,1787610
2026-06-24,3.12,3914621
2026-06-24,3.13,3264746
2026-06-24,3.14,931054
2026-06-24,3.15,552
2026-06-24,3.6,1
2026-06-24,3.7,72
2026-06-24,3.8,22
2026-06-24,3.9,358
2026-06-24,null,109732
2026-06-25,3.10,749246
2026-06-25,3.11,1849771
2026-06-25,3.12,3928642
2026-06-25,3.13,3007854
2026-06-25,3.14,906620
2026-06-25,3.15,696
2026-06-25,3.16,1
2026-06-25,3.4,1
2026-06-25,3.6,11
2026-06-25,3.7,149
2026-06-25,3.8,19
2026-06-25,3.9,470
2026-06-25,null,112551
2026-06-26,3.10,863559
2026-06-26,3.11,1780824
2026-06-26,3.12,4008289
2026-06-26,3.13,3251183
2026-06-26,3.14,978341
2026-06-26,3.15,766
2026-06-26,3.16,2
2026-06-26,3.5,1
2026-06-26,3.7,85
2026-06-26,3.8,20
2026-06-26,3.9,332
2026-06-26,null,94060
2026-06-27,3.10,681048
2026-06-27,3.11,1242166
2026-06-27,3.12,2942375
2026-06-27,3.13,2631425
2026-06-27,3.14,628776
2026-06-27,3.15,586
2026-06-27,3.7,104
2026-06-27,3.8,6
2026-06-27,3.9,273
2026-06-27,null,45905
2026-06-28,3.10,595071
2026-06-28,3.11,1920613
2026-06-28,3.12,2894148
2026-06-28,3.13,2866938
2026-06-28,3.14,612546
2026-06-28,3.15,620
2026-06-28,3.6,1
2026-06-28,3.7,79
2026-06-28,3.8,46
2026-06-28,3.9,202
2026-06-28,null,61302
2026-06-29,3.10,771745
2026-06-29,3.11,2222176
2026-06-29,3.12,3992210
2026-06-29,3.13,4169523
2026-06-29,3.14,959296
2026-06-29,3.15,850
2026-06-29,3.4,1
2026-06-29,3.6,3
2026-06-29,3.7,97
2026-06-29,3.8,35
2026-06-29,3.9,570
2026-06-29,null,124099
2026-06-30,3.10,854305
2026-06-30,3.11,2286099
2026-06-30,3.12,4050596
2026-06-30,3.13,2916958
2026-06-30,3.14,927513
2026-06-30,3.15,831
2026-06-30,3.4,1
2026-06-30,3.6,19
2026-06-30,3.7,70
2026-06-30,3.8,47
2026-06-30,3.9,842
2026-06-30,null,137753
2026-07-01,3.10,824446
2026-07-01,3.11,1972695
2026-07-01,3.12,4241564
2026-07-01,3.13,3368420
2026-07-01,3.14,973063
2026-07-01,3.15,845
2026-07-01,3.16,1
2026-07-01,3.4,1
2026-07-01,3.5,1
2026-07-01,3.6,6
2026-07-01,3.7,43
2026-07-01,3.8,10
2026-07-01,3.9,566
2026-07-01,null,137513
2026-07-02,3.10,870049
2026-07-02,3.11,2355731
2026-07-02,3.12,4325168
2026-07-02,3.13,2900406
2026-07-02,3.14,869569
2026-07-02,3.15,1220
2026-07-02,3.6,15
2026-07-02,3.7,69
2026-07-02,3.8,9
2026-07-02,3.9,709
2026-07-02,null,135149
2026-07-03,2.7,1
2026-07-03,3.10,840585
2026-07-03,3.11,1747316
2026-07-03,3.12,3808996
2026-07-03,3.13,2519588
2026-07-03,3.14,694170
2026-07-03,3.15,1346
2026-07-03,3.6,2
2026-07-03,3.7,90
2026-07-03,3.8,19
2026-07-03,3.9,195
2026-07-03,null,110054
2026-07-04,3.10,608660
2026-07-04,3.11,1481981
2026-07-04,3.12,2531863
2026-07-04,3.13,2232468
2026-07-04,3.14,499904
2026-07-04,3.15,1009
2026-07-04,3.7,13
2026-07-04,3.8,10
2026-07-04,3.9,78
2026-07-04,null,61074
2026-07-05,3.10,562259
2026-07-05,3.11,1381930
2026-07-05,3.12,2499971
2026-07-05,3.13,1773817
2026-07-05,3.14,493765
2026-07-05,3.15,456
2026-07-05,3.7,9
2026-07-05,3.8,7
2026-07-05,3.9,241
2026-07-05,null,63389
2026-07-06,3.10,725941
2026-07-06,3.11,1793791
2026-07-06,3.12,4037728
2026-07-06,3.13,2696752
2026-07-06,3.14,850057
2026-07-06,3.15,1193
2026-07-06,3.4,1
2026-07-06,3.5,2
2026-07-06,3.6,1
2026-07-06,3.7,53
2026-07-06,3.8,13
2026-07-06,3.9,602
2026-07-06,null,128840
2026-07-07,3.10,988452
2026-07-07,3.11,1969392
2026-07-07,3.12,4661646
2026-07-07,3.13,2496686
2026-07-07,3.14,948959
2026-07-07,3.15,1420
2026-07-07,3.16,13
2026-07-07,3.4,1
2026-07-07,3.7,48
2026-07-07,3.8,11
2026-07-07,3.9,621
2026-07-07,null,149927
2026-07-08,2.7,2
2026-07-08,3.10,785003
2026-07-08,3.11,1774281
2026-07-08,3.12,4486644
2026-07-08,3.13,2109038
2026-07-08,3.14,963420
2026-07-08,3.15,1496
2026-07-08,3.6,5
2026-07-08,3.7,100
2026-07-08,3.8,7
2026-07-08,3.9,589
2026-07-08,null,144963
2026-07-09,2.7,1
2026-07-09,3.10,693489
2026-07-09,3.11,1745093
2026-07-09,3.12,4151236
2026-07-09,3.13,2018557
2026-07-09,3.14,876240
2026-07-09,3.15,1438
2026-07-09,3.6,1
2026-07-09,3.7,87
2026-07-09,3.8,38
2026-07-09,3.9,691
2026-07-09,null,138462
2026-07-10,3.10,764484
2026-07-10,3.11,1973206
2026-07-10,3.12,4463820
2026-07-10,3.13,2179885
2026-07-10,3.14,869050
2026-07-10,3.15,1237
2026-07-10,3.5,1
2026-07-10,3.6,7
2026-07-10,3.7,33
2026-07-10,3.8,15
2026-07-10,3.9,400
2026-07-10,null,118718
2026-07-11,3.10,594201
2026-07-11,3.11,1611289
2026-07-11,3.12,3434480
2026-07-11,3.13,1580025
2026-07-11,3.14,635001
2026-07-11,3.15,837
2026-07-11,3.6,2
2026-07-11,3.7,14
2026-07-11,3.8,12
2026-07-11,3.9,360
2026-07-11,null,57539
2026-07-12,3.10,486498
2026-07-12,3.11,1492346
2026-07-12,3.12,3603668
2026-07-12,3.13,1589871
2026-07-12,3.14,634790
2026-07-12,3.15,751
2026-07-12,3.7,4
2026-07-12,3.9,255
2026-07-12,null,56617
2026-07-13,3.10,684286
2026-07-13,3.11,2238916
2026-07-13,3.12,4555135
2026-07-13,3.13,2317079
2026-07-13,3.14,925791
2026-07-13,3.15,1173
2026-07-13,3.5,1
2026-07-13,3.6,3
2026-07-13,3.7,28
2026-07-13,3.8,8
2026-07-13,3.9,848
2026-07-13,null,131995
2026-07-14,2.7,1
2026-07-14,3.10,777796
2026-07-14,3.11,1805197
2026-07-14,3.12,4761145
2026-07-14,3.13,2309064
2026-07-14,3.14,1076254
2026-07-14,3.15,1166
2026-07-14,3.5,1
2026-07-14,3.6,1
2026-07-14,3.7,41
2026-07-14,3.8,22
2026-07-14,3.9,472
2026-07-14,null,139306
2026-07-15,2.7,1
2026-07-15,3.10,749562
2026-07-15,3.11,1774456
2026-07-15,3.12,4612134
2026-07-15,3.13,2339559
2026-07-15,3.14,1452231
2026-07-15,3.15,1121
2026-07-15,3.16,2
2026-07-15,3.6,5
2026-07-15,3.7,29
2026-07-15,3.8,33
2026-07-15,3.9,422
2026-07-15,null,130105
2026-07-16,3.10,704654
2026-07-16,3.11,1910875
2026-07-16,3.12,4641567
2026-07-16,3.13,2184987
2026-07-16,3.14,1029083
2026-07-16,3.15,1110
2026-07-16,3.7,108
2026-07-16,3.8,132
2026-07-16,3.9,646
2026-07-16,null,138261
2026-07-17,2.7,1
2026-07-17,3.10,733926
2026-07-17,3.11,2103886
2026-07-17,3.12,4525042
2026-07-17,3.13,2116278
2026-07-17,3.14,995207
2026-07-17,3.15,1061
2026-07-17,3.16,10
2026-07-17,3.4,2
2026-07-17,3.5,1
2026-07-17,3.7,47
2026-07-17,3.8,13
2026-07-17,3.9,291
2026-07-17,null,123191
2026-07-18,2.7,2
2026-07-18,3.10,522395
2026-07-18,3.11,1328878
2026-07-18,3.12,3449374
2026-07-18,3.13,1543039
2026-07-18,3.14,601525
2026-07-18,3.15,521
2026-07-18,3.4,1
2026-07-18,3.5,1
2026-07-18,3.7,34
2026-07-18,3.8,55
2026-07-18,3.9,205
2026-07-18,null,59399
2026-07-19,3.10,468398
2026-07-19,3.11,1193131
2026-07-19,3.12,3200655
2026-07-19,3.13,1516164
2026-07-19,3.14,589186
2026-07-19,3.15,435
2026-07-19,3.7,14
2026-07-19,3.8,28
2026-07-19,3.9,88
2026-07-19,null,62781
2026-07-20,2.7,1
2026-07-20,3.10,594446
2026-07-20,3.11,1848478
2026-07-20,3.12,4656622
2026-07-20,3.13,2138947
2026-07-20,3.14,857733
2026-07-20,3.15,948
2026-07-20,3.4,2
2026-07-20,3.5,3
2026-07-20,3.6,1
2026-07-20,3.7,48
2026-07-20,3.8,22
2026-07-20,3.9,313
2026-07-20,null,131072
2026-07-21,3.10,763831
2026-07-21,3.11,1903496
2026-07-21,3.12,4902327
2026-07-21,3.13,2269388
2026-07-21,3.14,967800
2026-07-21,3.15,1298
2026-07-21,3.16,1
2026-07-21,3.6,2
2026-07-21,3.7,50
2026-07-21,3.8,92
2026-07-21,3.9,556
2026-07-21,null,142982
2026-07-22,2.7,2
2026-07-22,3.10,759684
2026-07-22,3.11,1896700
2026-07-22,3.12,4847833
2026-07-22,3.13,2620393
2026-07-22,3.14,1072141
2026-07-22,3.15,1403
2026-07-22,3.4,1
2026-07-22,3.6,1
2026-07-22,3.7,52
2026-07-22,3.8,94
2026-07-22,3.9,737
2026-07-22,null,144094
2026-07-23,2.7,6
2026-07-23,3.10,716181
2026-07-23,3.11,1793265
2026-07-23,3.12,4833682
2026-07-23,3.13,2725757
2026-07-23,3.14,937134
2026-07-23,3.15,1300
2026-07-23,3.6,1
2026-07-23,3.7,92
2026-07-23,3.8,13
2026-07-23,3.9,640
2026-07-23,null,129880
2026-07-24,3.10,787170
2026-07-24,3.11,1772017
2026-07-24,3.12,4935603
2026-07-24,3.13,2112894
2026-07-24,3.14,891184
2026-07-24,3.15,1337
2026-07-24,3.5,1
2026-07-24,3.6,1
2026-07-24,3.7,52
2026-07-24,3.8,5
2026-07-24,3.9,382
2026-07-24,null,124352
2026-07-25,2.7,1
2026-07-25,3.10,618398
2026-07-25,3.11,1454965
2026-07-25,3.12,3325744
2026-07-25,3.13,1553156
2026-07-25,3.14,552478
2026-07-25,3.15,1135
2026-07-25,3.7,36
2026-07-25,3.8,7
2026-07-25,3.9,101
2026-07-25,null,62440
2026-07-26,3.10,560533
2026-07-26,3.11,1398856
2026-07-26,3.12,3367536
2026-07-26,3.13,1688466
2026-07-26,3.14,589298
2026-07-26,3.15,807
2026-07-26,3.7,63
2026-07-26,3.8,4
2026-07-26,3.9,101
2026-07-26,null,42103
2026-07-27,3.10,922781
2026-07-27,3.11,2332250
2026-07-27,3.12,4738466
2026-07-27,3.13,2455079
2026-07-27,3.14,1043644
2026-07-27,3.15,1304
2026-07-27,3.5,96
2026-07-27,3.6,3
2026-07-27,3.7,59
2026-07-27,3.8,13
2026-07-27,3.9,558
2026-07-27,null,116129
2026-07-28,3.10,1170575
2026-07-28,3.11,2998001
2026-07-28,3.12,5261949
2026-07-28,3.13,2947789
2026-07-28,3.14,1178563
2026-07-28,3.15,1499
2026-07-28,3.5,1
2026-07-28,3.6,4
2026-07-28,3.7,75
2026-07-28,3.8,11
2026-07-28,3.9,908
2026-07-28,null,147475
2026-07-29,3.10,838187
2026-07-29,3.11,2622288
2026-07-29,3.12,5167739
2026-07-29,3.13,4360007
2026-07-29,3.14,1301475
2026-07-29,3.15,1391
2026-07-29,3.6,4
2026-07-29,3.7,120
2026-07-29,3.8,18
2026-07-29,3.9,402
2026-07-29,null,158671
2026-07-30,2.7,2
2026-07-30,3.10,679955
2026-07-30,3.11,2182149
2026-07-30,3.12,4872798
2026-07-30,3.13,4921292
2026-07-30,3.14,1167914
2026-07-30,3.15,1245
2026-07-30,3.5,3
2026-07-30,3.6,5
2026-07-30,3.7,67
2026-07-30,3.8,14
2026-07-30,3.9,556
2026-07-30,null,151386
2026-07-31,3.10,735563
2026-07-31,3.11,2017369
2026-07-31,3.12,5037523
2026-07-31,3.13,4557708
2026-07-31,3.14,1060379
2026-07-31,3.15,1491
2026-07-31,3.16,10
2026-07-31,3.6,1
2026-07-31,3.7,82
2026-07-31,3.8,46
2026-07-31,3.9,554
2026-07-31,null,132373
2026-08-01,3.10,618409
2026-08-01,3.11,1716774
2026-08-01,3.12,3764801
2026-08-01,3.13,3505854
2026-08-01,3.14,695289
2026-08-01,3.15,898
2026-08-01,3.7,50
2026-08-01,3.8,7
2026-08-01,3.9,122
2026-08-01,null,69201
2026-08-02,3.10,535404
2026-08-02,3.11,1883815
2026-08-02,3.12,3475573
2026-08-02,3.13,2769914
2026-08-02,3.14,748926
2026-08-02,3.15,887
2026-08-02,3.16,2
2026-08-02,3.7,31
2026-08-02,3.8,9
2026-08-02,3.9,76
2026-08-02,null,75646
2026-08-03,2.7,1
2026-08-03,3.10,691649
2026-08-03,3.11,2871034
2026-08-03,3.12,5076744
2026-08-03,3.13,3458951
2026-08-03,3.14,1097964
2026-08-03,3.15,1228
2026-08-03,3.6,1
2026-08-03,3.7,43
2026-08-03,3.8,103
2026-08-03,3.9,344
2026-08-03,null,136872
2026-08-04,3.10,813320
2026-08-04,3.11,2187191
2026-08-04,3.12,5083778
2026-08-04,3.13,4029351
2026-08-04,3.14,1145429
2026-08-04,3.15,1699
2026-08-04,3.7,161
2026-08-04,3.8,46
2026-08-04,3.9,503
2026-08-04,null,151269
2026-08-05,3.10,735785
2026-08-05,3.11,2305083
2026-08-05,3.12,5062557
2026-08-05,3.13,3595873
2026-08-05,3.14,1171375
2026-08-05,3.15,1392
2026-08-05,3.7,373
2026-08-05,3.8,39
2026-08-05,3.9,1077
2026-08-05,null,152619
2026-08-06,3.10,622345
2026-08-06,3.11,1964552
2026-08-06,3.12,4808382
2026-08-06,3.13,3231021
2026-08-06,3.14,920543
2026-08-06,3.15,1376
2026-08-06,3.4,1
2026-08-06,3.6,37
2026-08-06,3.7,174
2026-08-06,3.8,2
2026-08-06,3.9,636
2026-08-06,null,140889
2026-08-07,3.10,924922
2026-08-07,3.11,2533289
2026-08-07,3.12,5350528
2026-08-07,3.13,3160755
2026-08-07,3.14,1087436
2026-08-07,3.15,746
2026-08-07,3.6,4
2026-08-07,3.7,123
2026-08-07,3.8,17
2026-08-07,3.9,386
2026-08-07,null,148395
2026-08-08,3.10,678412
2026-08-08,3.11,1717876
2026-08-08,3.12,4094582
2026-08-08,3.13,2204816
2026-08-08,3.14,685100
2026-08-08,3.15,796
2026-08-08,3.5,1
2026-08-08,3.7,4
2026-08-08,3.8,31
2026-08-08,3.9,116
2026-08-08,null,75756
2026-08-09,3.10,603191
2026-08-09,3.11,1707661
2026-08-09,3.12,3892082
2026-08-09,3.13,2007224
2026-08-09,3.14,708271
2026-08-09,3.15,747
2026-08-09,3.7,9
2026-08-09,3.8,7
2026-08-09,3.9,147
2026-08-09,null,69169
2026-08-10,3.10,668051
2026-08-10,3.11,2206200
2026-08-10,3.12,5156193
2026-08-10,3.13,2813469
2026-08-10,3.14,1089624
2026-08-10,3.15,1572
2026-08-10,3.16,6
2026-08-10,3.7,51
2026-08-10,3.8,13
2026-08-10,3.9,785
2026-08-10,null,123730
2026-08-11,2.7,1
2026-08-11,3.10,769351
2026-08-11,3.11,2350418
2026-08-11,3.12,5554141
2026-08-11,3.13,2795545
2026-08-11,3.14,1132754
2026-08-11,3.15,1255
2026-08-11,3.6,3
2026-08-11,3.7,107
2026-08-11,3.8,51
2026-08-11,3.9,879
2026-08-11,null,146126
2026-08-12,3.10,776299
2026-08-12,3.11,2503255
2026-08-12,3.12,5702813
2026-08-12,3.13,2816813
2026-08-12,3.14,1155557
2026-08-12,3.15,1357
2026-08-12,3.5,1
2026-08-12,3.6,2
2026-08-12,3.7,296
2026-08-12,3.8,6
2026-08-12,3.9,510
2026-08-12,null,150333
2026-08-13,2.7,1
2026-08-13,3.10,738667
2026-08-13,3.11,2861366
2026-08-13,3.12,7359815
2026-08-13,3.13,2705069
2026-08-13,3.14,1140491
2026-08-13,3.15,1565
2026-08-13,3.7,1564
2026-08-13,3.8,249
2026-08-13,3.9,2592
2026-08-13,null,144989
2026-08-14,2.7,1
2026-08-14,3.10,743031
2026-08-14,3.11,2722740
2026-08-14,3.12,6484517
2026-08-14,3.13,3127332
2026-08-14,3.14,1079747
2026-08-14,3.15,1294
2026-08-14,3.5,1
2026-08-14,3.6,4
2026-08-14,3.7,249
2026-08-14,3.8,11
2026-08-14,3.9,903
2026-08-14,null,125622
2026-08-15,3.10,572973
2026-08-15,3.11,2684576
2026-08-15,3.12,4801258
2026-08-15,3.13,2011084
2026-08-15,3.14,736467
2026-08-15,3.15,938
2026-08-15,3.7,252
2026-08-15,3.8,9
2026-08-15,3.9,119
2026-08-15,null,62525
2026-08-16,3.10,525280
2026-08-16,3.11,2382757
2026-08-16,3.12,4616495
2026-08-16,3.13,1762110
2026-08-16,3.14,714984
2026-08-16,3.15,354
2026-08-16,3.7,21
2026-08-16,3.8,177
2026-08-16,3.9,97
2026-08-16,null,59327
2026-08-17,3.10,579523
2026-08-17,3.11,2930897
2026-08-17,3.12,5806512
2026-08-17,3.13,2737769
2026-08-17,3.14,1040137
2026-08-17,3.15,1056
2026-08-17,3.5,1
2026-08-17,3.7,234
2026-08-17,3.8,12
2026-08-17,3.9,667
2026-08-17,null,124879
2026-08-18,2.7,1
2026-08-18,3.10,695329
2026-08-18,3.11,3376713
2026-08-18,3.12,5920305
2026-08-18,3.13,2620087
2026-08-18,3.14,1137837
2026-08-18,3.15,1343
2026-08-18,3.5,1
2026-08-18,3.6,3
2026-08-18,3.7,84
2026-08-18,3.8,21
2026-08-18,3.9,858
2026-08-18,null,149161
2026-08-19,2.7,1
2026-08-19,3.10,676980
2026-08-19,3.11,2909920
2026-08-19,3.12,5983116
2026-08-19,3.13,2346525
2026-08-19,3.14,1076883
2026-08-19,3.15,1419
2026-08-19,3.6,17
2026-08-19,3.7,260
2026-08-19,3.8,5
2026-08-19,3.9,672
2026-08-19,null,145454
2026-08-20,3.10,635650
2026-08-20,3.11,3144199
2026-08-20,3.12,5107388
2026-08-20,3.13,2596588
2026-08-20,3.14,1105559
2026-08-20,3.15,994
2026-08-20,3.6,1
2026-08-20,3.7,422
2026-08-20,3.8,5
2026-08-20,3.9,538
2026-08-20,null,145586
2026-08-21,2.7,1
2026-08-21,3.10,825541
2026-08-21,3.11,2761626
2026-08-21,3.12,5276488
2026-08-21,3.13,2408601
2026-08-21,3.14,1088042
2026-08-21,3.15,1176
2026-08-21,3.6,2
2026-08-21,3.7,339
2026-08-21,3.8,3
2026-08-21,3.9,375
2026-08-21,null,142497
2026-08-22,3.10,628350
2026-08-22,3.11,2576418
2026-08-22,3.12,3762988
2026-08-22,3.13,1489951
2026-08-22,3.14,746032
2026-08-22,3.15,566
2026-08-22,3.7,2
2026-08-22,3.8,3
2026-08-22,3.9,76
2026-08-22,null,58469
2026-08-23,3.10,690387
2026-08-23,3.11,2324246
2026-08-23,3.12,3468435
2026-08-23,3.13,1582548
2026-08-23,3.14,711395
2026-08-23,3.15,602
2026-08-23,3.7,2
2026-08-23,3.8,3
2026-08-23,3.9,77
2026-08-23,null,61642
2026-08-24,2.7,1
2026-08-24,3.10,759241
2026-08-24,3.11,2440971
2026-08-24,3.12,4704483
2026-08-24,3.13,2110033
2026-08-24,3.14,1013583
2026-08-24,3.15,1188
2026-08-24,3.5,1
2026-08-24,3.7,162
2026-08-24,3.8,5
2026-08-24,3.9,231
2026-08-24,null,175768
2026-08-25,2.7,1
2026-08-25,3.10,389480
2026-08-25,3.11,1618460
2026-08-25,3.12,3285979
2026-08-25,3.13,1674774
2026-08-25,3.14,791391
2026-08-25,3.15,559
2026-08-25,3.5,1
2026-08-25,3.7,252
2026-08-25,3.8,4
2026-08-25,3.9,213
2026-08-25,null,166953
2026-08-26,3.10,367838
2026-08-26,3.11,1617492
2026-08-26,3.12,3169623
2026-08-26,3.13,1595560
2026-08-26,3.14,693664
2026-08-26,3.15,493
2026-08-26,3.4,1
2026-08-26,3.5,1
2026-08-26,3.6,2
2026-08-26,3.7,161
2026-08-26,3.8,7
2026-08-26,3.9,147
2026-08-26,null,172624
2026-08-27,3.10,332913
2026-08-27,3.11,1534626
2026-08-27,3.12,3020212
2026-08-27,3.13,1437610
2026-08-27,3.14,681474
2026-08-27,3.15,540
2026-08-27,3.6,1
2026-08-27,3.7,73
2026-08-27,3.8,3
2026-08-27,3.9,163
2026-08-27,null,135436
2026-08-28,2.7,1
2026-08-28,3.10,255211
2026-08-28,3.11,1287309
2026-08-28,3.12,2748645
2026-08-28,3.13,1321070
2026-08-28,3.14,547673
2026-08-28,3.15,547
2026-08-28,3.4,1
2026-08-28,3.5,1
2026-08-28,3.6,1
2026-08-28,3.7,246
2026-08-28,3.9,192
2026-08-28,null,163217
2026-08-29,3.10,141869
2026-08-29,3.11,1006151
2026-08-29,3.12,1973628
2026-08-29,3.13,732595
2026-08-29,3.14,336252
2026-08-29,3.15,417
2026-08-29,3.7,68
2026-08-29,3.8,7
2026-08-29,3.9,33
2026-08-29,null,70233
2026-08-30,3.10,129956
2026-08-30,3.11,943024
2026-08-30,3.12,1940133
2026-08-30,3.13,731414
2026-08-30,3.14,345540
2026-08-30,3.15,590
2026-08-30,3.7,15
2026-08-30,3.9,25
2026-08-30,null,67706
2026-08-31,3.10,252653
2026-08-31,3.11,1322485
2026-08-31,3.12,2845163
2026-08-31,3.13,1265419
2026-08-31,3.14,692169
2026-08-31,3.15,640
2026-08-31,3.6,1
2026-08-31,3.7,168
2026-08-31,3.8,9
2026-08-31,3.9,205
2026-08-31,null,150094
2026-09-01,3.10,315184
2026-09-01,3.11,1358661
2026-09-01,3.12,3194546
2026-09-01,3.13,1465480
2026-09-01,3.14,804285
2026-09-01,3.15,718
2026-09-01,3.7,195
2026-09-01,3.8,3
2026-09-01,3.9,210
2026-09-01,null,159717
2026-09-02,3.10,368428
2026-09-02,3.11,1390423
2026-09-02,3.12,3237384
2026-09-02,3.13,1535480
2026-09-02,3.14,826336
2026-09-02,3.15,927
2026-09-02,3.6,2
2026-09-02,3.7,194
2026-09-02,3.8,4
2026-09-02,3.9,191
2026-09-02,null,164151
2026-09-03,3.10,291769
2026-09-03,3.11,1287451
2026-09-03,3.12,3806756
2026-09-03,3.13,1573842
2026-09-03,3.14,827857
2026-09-03,3.15,1152
2026-09-03,3.6,1
2026-09-03,3.7,155
2026-09-03,3.8,3
2026-09-03,3.9,259
2026-09-03,null,174740
2026-09-04,2.7,1
2026-09-04,3.10,315964
2026-09-04,3.11,1112643
2026-09-04,3.12,3501069
2026-09-04,3.13,1533003
2026-09-04,3.14,784709
2026-09-04,3.15,1044
2026-09-04,3.5,1
2026-09-04,3.6,2
2026-09-04,3.7,134
2026-09-04,3.8,6
2026-09-04,3.9,129
2026-09-04,null,134712
2026-09-05,3.10,190639
2026-09-05,3.11,1278380
2026-09-05,3.12,2549804
2026-09-05,3.13,988144
2026-09-05,3.14,429596
2026-09-05,3.15,497
2026-09-05,3.7,5
2026-09-05,3.8,1
2026-09-05,3.9,25
2026-09-05,null,58278
2026-09-06,3.10,158185
2026-09-06,3.11,1793947
2026-09-06,3.12,2338301
2026-09-06,3.13,940721
2026-09-06,3.14,386884
2026-09-06,3.15,380
2026-09-06,3.16,2
2026-09-06,3.6,2
2026-09-06,3.7,6
2026-09-06,3.8,2
2026-09-06,3.9,36
2026-09-06,null,57258
2026-09-07,2.7,1
2026-09-07,3.10,298034
2026-09-07,3.11,1908408
2026-09-07,3.12,3081834
2026-09-07,3.13,1396757
2026-09-07,3.14,700118
2026-09-07,3.15,1233
2026-09-07,3.6,1
2026-09-07,3.7,141
2026-09-07,3.8,3
2026-09-07,3.9,140
2026-09-07,null,173999
2026-09-08,3.10,543867
2026-09-08,3.11,1978840
2026-09-08,3.12,3875138
2026-09-08,3.13,1871016
2026-09-08,3.14,1031422
2026-09-08,3.15,1396
2026-09-08,3.16,1
2026-09-08,3.6,23
2026-09-08,3.7,244
2026-09-08,3.8,18
2026-09-08,3.9,117
2026-09-08,null,168657
2026-09-09,3.10,430475
2026-09-09,3.11,1835019
2026-09-09,3.12,3569412
2026-09-09,3.13,1721439
2026-09-09,3.14,896127
2026-09-09,3.15,1433
2026-09-09,3.16,1
2026-09-09,3.5,6
2026-09-09,3.6,1
2026-09-09,3.7,443
2026-09-09,3.8,8
2026-09-09,3.9,412
2026-09-09,null,153839
2026-09-10,3.10,295945
2026-09-10,3.11,1822722
2026-09-10,3.12,3602325
2026-09-10,3.13,1647642
2026-09-10,3.14,873554
2026-09-10,3.15,1411
2026-09-10,3.16,2
2026-09-10,3.6,2
2026-09-10,3.7,229
2026-09-10,3.8,3
2026-09-10,3.9,200
2026-09-10,null,159902
2026-09-11,3.10,356697
2026-09-11,3.11,1306940
2026-09-11,3.12,3488213
2026-09-11,3.13,1697879
2026-09-11,3.14,833819
2026-09-11,3.15,1235
2026-09-11,3.6,5
2026-09-11,3.7,136
2026-09-11,3.8,4
2026-09-11,3.9,193
2026-09-11,null,131137
2026-09-12,3.10,243793
2026-09-12,3.11,1181498
2026-09-12,3.12,2338819
2026-09-12,3.13,1028734
2026-09-12,3.14,424029
2026-09-12,3.15,465
2026-09-12,3.4,1
2026-09-12,3.5,1
2026-09-12,3.8,2
2026-09-12,3.9,57
2026-09-12,null,55110
2026-09-13,2.7,1
2026-09-13,3.10,184822
2026-09-13,3.11,1122265
2026-09-13,3.12,2377618
2026-09-13,3.13,923676
2026-09-13,3.14,424969
2026-09-13,3.15,447
2026-09-13,3.16,1
2026-09-13,3.7,4
2026-09-13,3.8,1
2026-09-13,3.9,163
2026-09-13,null,49903
2026-09-14,3.10,272145
2026-09-14,3.11,1506916
2026-09-14,3.12,3574684
2026-09-14,3.13,1525720
2026-09-14,3.14,840155
2026-09-14,3.15,1321
2026-09-14,3.6,1
2026-09-14,3.7,134
2026-09-14,3.8,2
2026-09-14,3.9,290
2026-09-14,null,157946
2026-09-15,2.7,1
2026-09-15,3.10,336698
2026-09-15,3.11,1475337
2026-09-15,3.12,3876778
2026-09-15,3.13,1725436
2026-09-15,3.14,965257
2026-09-15,3.15,1238
2026-09-15,3.7,63
2026-09-15,3.8,1
2026-09-15,3.9,214
2026-09-15,null,170774
2026-09-16,3.10,332488
2026-09-16,3.11,1571696
2026-09-16,3.12,3800309
2026-09-16,3.13,1631463
2026-09-16,3.14,866498
2026-09-16,3.15,1238
2026-09-16,3.5,2
2026-09-16,3.6,105
2026-09-16,3.7,69
2026-09-16,3.8,7
2026-09-16,3.9,195
2026-09-16,null,181658
2026-09-17,3.10,303024
2026-09-17,3.11,1544422
2026-09-17,3.12,4392007
2026-09-17,3.13,1675684
2026-09-17,3.14,808650
2026-09-17,3.15,908
2026-09-17,3.7,43
2026-09-17,3.8,2
2026-09-17,3.9,221
2026-09-17,null,189750
2026-09-18,3.10,352794
2026-09-18,3.11,1376426
2026-09-18,3.12,4624701
2026-09-18,3.13,1919050
2026-09-18,3.14,749062
2026-09-18,3.15,1131
2026-09-18,3.4,1
2026-09-18,3.7,48
2026-09-18,3.8,6
2026-09-18,3.9,285
2026-09-18,null,165980
2026-09-19,3.10,270795
2026-09-19,3.11,1145408
2026-09-19,3.12,2420014
2026-09-19,3.13,1733200
2026-09-19,3.14,465990
2026-09-19,3.15,294
2026-09-19,3.16,1
2026-09-19,3.9,27
2026-09-19,null,64315
2026-09-20,3.10,358215
2026-09-20,3.11,1223660
2026-09-20,3.12,2132934
2026-09-20,3.13,1025755
2026-09-20,3.14,377412
2026-09-20,3.15,338
2026-09-20,3.7,5
2026-09-20,3.9,79
2026-09-20,null,76972
2026-09-21,2.7,1
2026-09-21,3.10,371387
2026-09-21,3.11,1590789
2026-09-21,3.12,3015285
2026-09-21,3.13,1709176
2026-09-21,3.14,859515
2026-09-21,3.15,1678
2026-09-21,3.6,57
2026-09-21,3.7,91
2026-09-21,3.8,5
2026-09-21,3.9,194
2026-09-21,null,157578
2026-09-22,2.7,1
2026-09-22,3.10,580947
2026-09-22,3.11,1746895
2026-09-22,3.12,3372137
2026-09-22,3.13,1834614
2026-09-22,3.14,904667
2026-09-22,3.15,1633
2026-09-22,3.4,3
2026-09-22,3.7,32
2026-09-22,3.8,21
2026-09-22,3.9,449
2026-09-22,null,169190
2026-09-23,2.7,1
2026-09-23,3.10,579425
2026-09-23,3.11,1738583
2026-09-23,3.12,3694527
2026-09-23,3.13,1815438
2026-09-23,3.14,894752
2026-09-23,3.15,1515
2026-09-23,3.5,1
2026-09-23,3.6,1
2026-09-23,3.7,45
2026-09-23,3.8,20
2026-09-23,3.9,172
2026-09-23,null,184755
2026-09-24,3.10,488333
2026-09-24,3.11,1970189
2026-09-24,3.12,3750325
2026-09-24,3.13,1756904
2026-09-24,3.14,880739
2026-09-24,3.15,1313
2026-09-24,3.7,41
2026-09-24,3.8,7
2026-09-24,3.9,424
2026-09-24,null,163450
2026-09-25,3.10,627295
2026-09-25,3.11,1883516
2026-09-25,3.12,3475924
2026-09-25,3.13,1607391
2026-09-25,3.14,893087
2026-09-25,3.15,1418
2026-09-25,3.4,1
2026-09-25,3.7,74
2026-09-25,3.8,4
2026-09-25,3.9,85
2026-09-25,null,127085
